level_0,index,content,score,clean_content,minimal_content,en_content,lang,lang_prob
30533,53249,,3,"Very good, I hope that some training in conversations was allowed if a little in the free situation, and it would be better to clarify more details to explain the speech errors such as how the correct pronunciation of the letter in this case","very good, i hope that some training in conversation be allow if a little in the free situation, and it would be good to clarify more detail to explain the speech error such as how the correct pronunciation of the letter in this case","Very good, I hope that some training in conversations was allowed if a little in the free situation, and it would be better to clarify more details to explain the speech errors such as how the correct pronunciation of the letter in this case",en,0.9501418471336365
30534,53250,,5,"The program is its form and sweet, I have not tried it yet, but why can I not choose my field in the study, when I click on it says something wrong, please clarify where the problem is.","the program be it be form and sweet, i have not try it yet, but why can i not choose my field in the study, when i click on it say something wrong, please clarify where the problem is.","The program is its form and sweet, I have not tried it yet, but why can I not choose my field in the study, when I click on it says something wrong, please clarify where the problem is.",en,0.9273110628128052
30535,53251,,5,"The best application to learn English, pronunciation and spoke quickly, I advise everyone to download the application","the best application to learn english, pronunciation and speak quickly, i advise everyone to download the application","The best application to learn English, pronunciation and spoke quickly, I advise everyone to download the application",en,0.9316734671592712
30536,53252,,1,A bad and very heavy program on the mobile and the interface of the application does not contain the Arabic language.,a bad and very heavy program on the mobile and the interface of the application do not contain the arabic language.,A bad and very heavy program on the mobile and the interface of the application does not contain the Arabic language.,en,0.8921987414360046
30537,53253,,1,"Why the screen suddenly closes and why he is weak in listening to my voice, I think the application needs a review of safety levels? I feel that the application is not safe","why the screen suddenly close and why he be weak in listen to my voice, i think the application need a review of safety levels? i feel that the application be not safe","Why the screen suddenly closes and why he is weak in listening to my voice, I think the application needs a review of safety levels? I feel that the application is not safe",en,0.950431227684021
30538,53254,,1,"Your program is for the one who speaks the Englishman with its divorce, not to learn ..","your program be for the one who speak the englishman with it be divorce, not to learn.","Your program is for the one who speaks the Englishman with its divorce, not to learn ..",en,0.9330469965934753
30539,53255,,5,Program,program,Program,en,0.8408110737800598
30540,53256,,1,The app is not free and this is a deception. We can learn English from other platforms,the app be not free and this be a deception. we can learn english from other platform,The app is not free and this is a deception. We can learn English from other platforms,en,0.8652938008308411
30541,53257,,1,It is not good and I do not recommend it. There is no establishment of the English language and there is no Arab assistant and not beneficial to the children,it be not good and i do not recommend it. there be no establishment of the english language and there be no arab assistant and not beneficial to the child,It is not good and I do not recommend it. There is no establishment of the English language and there is no Arab assistant and not beneficial to the children,en,0.926950991153717
30542,53258,,5,"The application is great, but it does not find Arabic language, please provide it","the application be great, but it do not find arabic language, please provide it","The application is great, but it does not find Arabic language, please provide it",en,0.8710594177246094
30543,53259,,1,Vry back no free I advise not to download it unfortunately not free and ask you a lot.,vry back no free i advise not to download it unfortunately not free and ask you a lot.,Vry back no free I advise not to download it unfortunately not free and ask you a lot.,en,0.9152753353118896
30544,53260,,5,An interesting program that studies you according to the path you choose according to a specific study plan,an interesting program that study you accord to the path you choose accord to a specific study plan,An interesting program that studies you according to the path you choose according to a specific study plan,en,0.9295945763587952
30545,53261,,4,"The best application than wonderful, I loved the splendor of my love, but if it is for free, it will be the best application that teaches the language in the world or the universe in general I loved it 💗 💗","the best application than wonderful, i love the splendor of my love, but if it be for free, it will be the best application that teach the language in the world or the universe in general i love it 💗 💗","The best application than wonderful, I loved the splendor of my love, but if it is for free, it will be the best application that teaches the language in the world or the universe in general I loved it 💗💗",en,0.7935248613357544
30546,53262,,4,"The app is really cool, but it is preferable to subscribe to it ....","the app be really cool, but it be preferable to subscribe to it.","The app is really cool, but it is preferable to subscribe to it ....",en,0.9799299240112305
30547,53263,,1,"A very monster application is not worth it or a star, even every need is closed with a subscription and also works in Net. I do not recommend downloading this application","a very monster application be not worth it or a star, even every need be close with a subscription and also work in net. i do not recommend download this application","A very monster application is not worth it or a star, even every need is closed with a subscription and also works in Net. I do not recommend downloading this application",en,0.9433854818344116
30548,53264,,4,"Unfortunately, a universal and beautiful application, but not free, and free things are almost remembered and not much influencing","unfortunately, a universal and beautiful application, but not free, and free thing be almost remember and not much influencing","Unfortunately, a universal and beautiful application, but not free, and free things are almost remembered and not much influencing",en,0.9140630960464478
30549,53265,,5,The app is an excellent time. Help me learn English quickly and easily,the app be an excellent time. help me learn english quickly and easily,The app is an excellent time. Help me learn English quickly and easily,en,0.9394428730010986
30550,53266,,5,"A distinctive application, but unfortunately, paid and a simple free part","a distinctive application, but unfortunately, paid and a simple free part","A distinctive application, but unfortunately, paid and a simple free part",en,0.9154027700424194
30551,53267,,5,The best application to learn to speak ❤ ❤ 💖,the best application to learn to speak ❤ ❤ 💖,The best application to learn to speak ❤❤💖,en,0.9752103686332703
30552,53268,,4,I hope to add a free version without specification,i hope to add a free version without specification,I hope to add a free version without specification,en,0.6578537225723267
30553,53269,,5,Excellent to improve speech,excellent to improve speech,Excellent to improve speech,en,0.9155794382095337
30554,53270,,2,Why does it open with me why. The robot appears to me and what opens how to open it,why do it open with me why. the robot appear to me and what open how to open it,Why does it open with me why. The robot appears to me and what opens how to open it,en,0.9399373531341553
30555,53271,,5,Wonderful and very interesting learning for English and enjoyable in an easy and motivated style,wonderful and very interesting learning for english and enjoyable in an easy and motivated style,Wonderful and very interesting learning for English and enjoyable in an easy and motivated style,en,0.9515848755836487
30556,53272,,5,"Very sweet, even with free experimental copies, for me, very sufficient to study a day or a lesson even a day.","very sweet, even with free experimental copies, for me, very sufficient to study a day or a lesson even a day.","Very sweet, even with free experimental copies, for me, very sufficient to study a day or a lesson even a day.",en,0.979594349861145
30557,53273,,5,"Wonderful and useful application, thanks to everyone who made it","wonderful and useful application, thanks to everyone who make it","Wonderful and useful application, thanks to everyone who made it",en,0.9395000338554382
30558,53274,,1,Very bad ... the method of education is stupid and I do not recommend it,very bad. the method of education be stupid and i do not recommend it,Very bad ... the method of education is stupid and I do not recommend it,en,0.9603196978569031
30559,53275,,5,It is very beautiful that you can save from it,it be very beautiful that you can save from it,It is very beautiful that you can save from it,en,0.9804286956787109
30560,53276,,1,Very bad always stops,very bad always stop,Very bad always stops,en,0.9825093150138855
30561,53277,,3,Very cool 🤩 You can speak English with several situations as if you actually live this situation and this of course develops your English skill in a wonderful way 👌🏻. But: Not free 😐 only the first free experience and the rest you have to pay 💵,very cool 🤩 you can speak english with several situation as if you actually live this situation and this of course develop your english skill in a wonderful way 👌 . but not free 😐 only the first free experience and the rest you have to pay 💵,Very cool 🤩 You can speak English with several situations as if you actually live this situation and this of course develops your English skill in a wonderful way 👌🏻. But: Not free 😐 only the first free experience and the rest you have to pay 💵,en,0.9633176326751709
30562,53278,,3,There is nothing wrong with it .. But even if the word is uttered wrongly* I have intentionally because a person mentioned this in the comments* Calculate it correctly 🤦 This is a fatal mistake in the application I hope that the developers will work on it .. The thing that I will have to delete the application for which is that the accent is American and I speak British and the best .. Generally thank you for your efforts,there be nothing wrong with it. but even if the word be uttered wrongly i have intentionally because a person mention this in the comment calculate it correctly 🤦 this be a fatal mistake in the application i hope that the developer will work on it. the thing that i will have to delete the application for which be that the accent be american and i speak british and the best. generally thank you for your effort,There is nothing wrong with it .. But even if the word is uttered wrongly* I have intentionally because a person mentioned this in the comments* Calculate it correctly 🤦 This is a fatal mistake in the application I hope that the developers will work on it .. The thing that I will have to delete the application for which is that the accent is American and I speak British and the best .. Generally thank you for your efforts,en,0.9615885019302368
30563,53279,,4,"Wonderful application, I hope it is free, I need such an application, you can rely on ads instead of paying money, I hope you look carefully about this issue and study it seriously, there are students who cannot pay. Thanks and good luck.","wonderful application, i hope it be free, i need such an application, you can rely on ad instead of pay money, i hope you look carefully about this issue and study it seriously, there be student who cannot pay. thanks and good luck.","Wonderful application, I hope it is free, I need such an application, you can rely on ads instead of paying money, I hope you look carefully about this issue and study it seriously, there are students who cannot pay. Thanks and good luck.",en,0.9600640535354614
30564,53280,,1,"I could not enter because he requests an amount ,, or reserve an amount for 7 days, but because of the fraud and fraud to reach the visa card ,, for this you must give us 7 free days without documenting the visa ,, I know very well that the opponent is not done, except after 7 days, but in this case I cannot trust you and I apologize for that ,, please look at the topic.","i could not enter because he request an amount, or reserve an amount for 7 days, but because of the fraud and fraud to reach the visa card, for this you must give u 7 free day without document the visa, i know very well that the opponent be not done, except after 7 days, but in this case i cannot trust you and i apologize for that, please look at the topic.","I could not enter because he requests an amount ,, or reserve an amount for 7 days, but because of the fraud and fraud to reach the visa card ,, for this you must give us 7 free days without documenting the visa ,, I know very well that the opponent is not done, except after 7 days, but in this case I cannot trust you and I apologize for that ,, please look at the topic.",en,0.9570215940475464
30565,53281,,5,"Wonderful, but it was better if the explanation in Arabic provides some words I could not understand and also the application is incomprehensible. I do not know the arrangement of lessons and how never. Despite this, it contains amazing features, I recommend it to download 🤗 🌺 ☺️ ✨","wonderful, but it be well if the explanation in arabic provide some word i could not understand and also the application be incomprehensible. i do not know the arrangement of lesson and how never. despite this, it contain amazing features, i recommend it to download 🤗 🌺 ☺ ✨","Wonderful, but it was better if the explanation in Arabic provides some words I could not understand and also the application is incomprehensible. I do not know the arrangement of lessons and how never. Despite this, it contains amazing features, I recommend it to download 🤗🌺☺️✨",en,0.9070743322372437
30566,53282,,5,"Frankly, the application is very excellent, in which there are many things that we were unaware of, which is the problem of pronunciation. By God, it is with the large number of practicing daily, it will be a quick pronunciation like foreigners.","frankly, the application be very excellent, in which there be many thing that we be unaware of, which be the problem of pronunciation. by god, it be with the large number of practice daily, it will be a quick pronunciation like foreigners.","Frankly, the application is very excellent, in which there are many things that we were unaware of, which is the problem of pronunciation. By God, it is with the large number of practicing daily, it will be a quick pronunciation like foreigners.",en,0.9538924694061279
30567,53283,,1,"One star is sufficient, because the application did not put Arabic within the 9 languages ​​in the interface of its use, as if it were an uncompromising language, or does not want the Arabic bombers to learn during it ... Thank you Elsa.","one star be sufficient, because the application do not put arabic within the 9 language in the interface of it be use, as if it be an uncompromising language, or do not want the arabic bomber to learn during it. thank you elsa.","One star is sufficient, because the application did not put Arabic within the 9 languages ​​in the interface of its use, as if it were an uncompromising language, or does not want the Arabic bombers to learn during it ... Thank you Elsa.",en,0.9194647073745728
30568,53284,,5,Very beautiful I loved it very much,very beautiful i love it very much,Very beautiful I loved it very much,en,0.9918375611305237
30569,53285,,1,"The experience of the monster Ooi 👎 I always want to premium 👎 and if I am weak in the language, I wouldn't have a need for a translation of words, pictures or requests that he says 👎 👎 And God does not start even a star, but I must share my comment 👎 👎","the experience of the monster ooi 👎 i always want to premium 👎 and if i be weak in the language, i wouldnt have a need for a translation of words, picture or request that he say 👎 👎 and god do not start even a star, but i must share my comment 👎 👎","The experience of the monster Ooooooi 👎 I always want to premium 👎 and if I am weak in the language, I wouldn't have a need for a translation of words, pictures or requests that he says 👎👎 And God does not start even a star, but I must share my comment 👎👎",en,0.9389321208000183
30570,53286,,5,"God willing, a wonderful and excellent application, although I used it without subscription and I did not try all its advantages, but it is really excellent and it will return you to learn and develop English, whatever your level. I advise those who want this to subscribe and benefit from this wonderful application","god willing, a wonderful and excellent application, although i use it without subscription and i do not try all it be advantages, but it be really excellent and it will return you to learn and develop english, whatever your level. i advise those who want this to subscribe and benefit from this wonderful application","God willing, a wonderful and excellent application, although I used it without subscription and I did not try all its advantages, but it is really excellent and it will return you to learn and develop English, whatever your level. I advise those who want this to subscribe and benefit from this wonderful application",en,0.9233071804046631
30571,53287,,5,"The best application after Deligo This application is very professional, helps you to improve your accent and pronounce you greatly, of course, for those who love to learn the American dialect. But it gives you limited tasks for Al -Magani because it is a precedent application and it deserves frankly because it is among its advantages that you can learn through the conversation directly to the teachers.","the best application after deligo this application be very professional, help you to improve your accent and pronounce you greatly, of course, for those who love to learn the american dialect. but it give you limited task for al -magani because it be a precedent application and it deserve frankly because it be among it be advantage that you can learn through the conversation directly to the teachers.","The best application after Deligo This application is very professional, helps you to improve your accent and pronounce you greatly, of course, for those who love to learn the American dialect. But it gives you limited tasks for Al -Magani because it is a precedent application and it deserves frankly because it is among its advantages that you can learn through the conversation directly to the teachers.",en,0.9272199273109436
30572,53288,,1,The program looks beautiful. But I gave him his star because he did not open with me because he was asking me to pay. Prior subscription. So I said it seems beautiful. As for the commentators who said it was free. I say God suffices and fear God in us.,the program look beautiful. but i give him his star because he do not open with me because he be ask me to pay. prior subscription. so i say it seem beautiful. as for the commentator who say it be free. i say god suffices and fear god in us.,The program looks beautiful. But I gave him his star because he did not open with me because he was asking me to pay. Prior subscription. So I said it seems beautiful. As for the commentators who said it was free. I say God suffices and fear God in us.,en,0.9813443422317505
30573,53289,,2,"By God, there is nothing wrong, I mean, he knows you, but how do you get an English and the problem without understanding, I mean, you want a new word on me, so I know that it is translated, and it is not free.","by god, there be nothing wrong, i mean, he know you, but how do you get an english and the problem without understanding, i mean, you want a new word on me, so i know that it be translated, and it be not free.","By God, there is nothing wrong, I mean, he knows you, but how do you get an English and the problem without understanding, I mean, you want a new word on me, so I know that it is translated, and it is not free.",en,0.9571180939674377
30574,53290,,4,"The application is great, but if it is possible to add the sentence translation according to the user's language so that we learn to speak and also new terms and thank you the application is wonderful. I advise each learner.","the application be great, but if it be possible to add the sentence translation accord to the user language so that we learn to speak and also new term and thank you the application be wonderful. i advise each learner.","The application is great, but if it is possible to add the sentence translation according to the user's language so that we learn to speak and also new terms and thank you the application is wonderful. I advise each learner.",en,0.9455930590629578
30575,53291,,1,"Unfortunately, the mistakes are allowed to make mistakes. I tried to pronounce the word other than what it is and gives me a sign that it is correct. I was disappointed personally.","unfortunately, the mistake be allow to make mistakes. i try to pronounce the word other than what it be and give me a sign that it be correct. i be disappointed personally.","Unfortunately, the mistakes are allowed to make mistakes. I tried to pronounce the word other than what it is and gives me a sign that it is correct. I was disappointed personally.",en,0.9429609179496765
30576,53292,,5,"Frankly, a good application. It has many good things. And the free. But if you do not understand the meaning, you can download Yu Dakshnari. Then you translate the sentence that you did not understand its meaning. Knowing that it is worth trying to understand the meaning without translation because that will help you think about English.","frankly, a good application. it have many good things. and the free. but if you do not understand the meaning, you can download yu dakshnari. then you translate the sentence that you do not understand it be meaning. know that it be worth try to understand the meaning without translation because that will help you think about english.","Frankly, a good application. It has many good things. And the free. But if you do not understand the meaning, you can download Yu Dakshnari. Then you translate the sentence that you did not understand its meaning. Knowing that it is worth trying to understand the meaning without translation because that will help you think about English.",en,0.965762197971344
30577,53293,,4,Very good for learning English and teaching the correct pronunciation of a person and helps very help,very good for learn english and teach the correct pronunciation of a person and help very help,Very good for learning English and teaching the correct pronunciation of a person and helps very help,en,0.9675613045692444
30578,53294,,1,"The application is not free, as it does not work.","the application be not free, as it do not work.","The application is not free, as it does not work.",en,0.9768307209014893
30579,53295,,5,With the development of AI's artificial intelligence technologies and the identification of Speech Recography - where the idea of ​​the application is based on recording your voice in certain sentences and comparing them to how the original speaker will pronounce them and find letters that you have said wrong and those that you pronounced well and show Score how close you are in your accent from the original speaker. Very cool Elsa Special,with the development of ai artificial intelligence technology and the identification of speech recography - where the idea of the application be base on record your voice in certain sentence and compare them to how the original speaker will pronounce them and find letter that you have say wrong and those that you pronounce well and show score how close you be in your accent from the original speaker. very cool elsa special,With the development of AI's artificial intelligence technologies and the identification of Speech Recography - where the idea of ​​the application is based on recording your voice in certain sentences and comparing them to how the original speaker will pronounce them and find letters that you have said wrong and those that you pronounced well and show Score how close you are in your accent from the original speaker. Very cool Elsa Special,en,0.9473013281822205
30580,53296,,1,"A deceitful application does not honestly does, if the word is pronounced with any bad pronunciation, it will tell you that your voice is similar to the pronunciation of the original speakers in English, and therefore it is not useful at all","a deceitful application do not honestly does, if the word be pronounce with any bad pronunciation, it will tell you that your voice be similar to the pronunciation of the original speaker in english, and therefore it be not useful at all","A deceitful application does not honestly does, if the word is pronounced with any bad pronunciation, it will tell you that your voice is similar to the pronunciation of the original speakers in English, and therefore it is not useful at all",en,0.8953959941864014
30581,53297,,4,"A very beautiful application to learn the English language, but in the subscriptions section, the year is written for me 1700 Egyptian pounds and 3 months at 320. Why is this big difference or is it a mistake in the program. I hope this problem is solved","a very beautiful application to learn the english language, but in the subscription section, the year be write for me 1700 egyptian pound and 3 month at 320. why be this big difference or be it a mistake in the program. i hope this problem be solve","A very beautiful application to learn the English language, but in the subscriptions section, the year is written for me 1700 Egyptian pounds and 3 months at 320. Why is this big difference or is it a mistake in the program. I hope this problem is solved",en,0.8598026037216187
30582,53298,,3,"The application is very good, but they said free for a week, then 53 riyals, a subscription, pay four times a year, the first thing I entered the bank card number number, withdraw 8 riyals, I don’t know why","the application be very good, but they say free for a week, then 53 riyals, a subscription, pay four time a year, the first thing i enter the bank card number number, withdraw 8 riyals, i do not t know why","The application is very good, but they said free for a week, then 53 riyals, a subscription, pay four times a year, the first thing I entered the bank card number number, withdraw 8 riyals, I don’t know why",en,0.9154137969017029
30583,53299,,4,"Frankness is one of the best programs to strengthen the accent and fluency in the conversation, but the problem is that the program requires paying a certain amount to study for a longer period","frankness be one of the best program to strengthen the accent and fluency in the conversation, but the problem be that the program require pay a certain amount to study for a long period","Frankness is one of the best programs to strengthen the accent and fluency in the conversation, but the problem is that the program requires paying a certain amount to study for a longer period",en,0.9043600559234619
30584,53300,,5,"Excellent training, but if there is training to pronounce the letter, is it pronounced after another letter that prevents it, as well as the pronunciation","excellent training, but if there be train to pronounce the letter, be it pronounce after another letter that prevent it, as well as the pronunciation","Excellent training, but if there is training to pronounce the letter, is it pronounced after another letter that prevents it, as well as the pronunciation",en,0.9641834497451782
30585,53301,,5,"A good application, but I hope that it will give more free version because not all people are able to subscribe to the superior version","a good application, but i hope that it will give more free version because not all people be able to subscribe to the superior version","A good application, but I hope that it will give more free version because not all people are able to subscribe to the superior version",en,0.9277098774909973
30586,53302,,5,"Very very wonderful, I advise you to download it and benefit from it. It is beautiful.","very very wonderful, i advise you to download it and benefit from it. it be beautiful.","Very very wonderful, I advise you to download it and benefit from it. It is beautiful.",en,0.9874114990234375
30587,53303,,1,"Bad, the settings are very limited and cannot be set.","bad, the setting be very limited and cannot be set.","Bad, the settings are very limited and cannot be set.",en,0.9343207478523254
30588,53304,,5,"A wonderful application that I have previously downloaded and for the lack of the phone memory, I wiped it, and here I am back, it is a very beautiful application that encourages you step by step to be able to the English language and pronounce it as it should.","a wonderful application that i have previously download and for the lack of the phone memory, i wipe it, and here i be back, it be a very beautiful application that encourage you step by step to be able to the english language and pronounce it as it should.","A wonderful application that I have previously downloaded and for the lack of the phone memory, I wiped it, and here I am back, it is a very beautiful application that encourages you step by step to be able to the English language and pronounce it as it should.",en,0.9641772508621216
30589,53305,,4,The application is very sweet ❤ ❤ but a 4 -star and only a lot because it is difficult to grill 💞 😍 😘 💞,the application be very sweet ❤ ❤ but a 4 -star and only a lot because it be difficult to grill 💞 😍 😘 💞,The application is very sweet ❤❤ but a 4 -star and only a lot because it is difficult to grill 💞😍😘 💞,en,0.935090959072113
30590,53306,,5,"A very wonderful application, and useful for learning the English language 😍 I hope it prefers free and not a specific period, so that we can benefit for the longest duration ♥ ️ ♥ ️.","a very wonderful application, and useful for learn the english language 😍 i hope it prefer free and not a specific period, so that we can benefit for the long duration ♥ ♥ .","A very wonderful application, and useful for learning the English language 😍 I hope it prefers free and not a specific period, so that we can benefit for the longest duration ♥ ️ ♥ ️.",en,0.8713604211807251
30591,53307,,1,"A very bad experience, the program, unfortunately, about 95% of the lessons, requires a subscription to the application by paying a fee in order to be able to open it, the installation has been canceled","a very bad experience, the program, unfortunately, about 95% of the lessons, require a subscription to the application by pay a fee in order to be able to open it, the installation have be cancel","A very bad experience, the program, unfortunately, about 95% of the lessons, requires a subscription to the application by paying a fee in order to be able to open it, the installation has been canceled",en,0.9550706744194031
30592,53308,,5,"Crazy, but I don't know what to use","crazy, but i do not know what to use","Crazy, but I don't know what to use",en,0.9185016751289368
30593,53309,,5,"It deserves more than five stars, God willing","it deserve more than five stars, god willing","It deserves more than five stars, God willing",en,0.9019988775253296
30594,53310,,1,The free category is very few,the free category be very few,The free category is very few,en,0.9788951873779297
30595,53311,,5,The free is only limited this problem,the free be only limited this problem,The free is only limited this problem,en,0.8143954277038574
30596,53312,,5,"The application of magnificence, by God, and better than the most wonderful","the application of magnificence, by god, and good than the most wonderful","The application of magnificence, by God, and better than the most wonderful",en,0.9512308835983276
30597,53313,,1,The application does not work,the application do not work,The application does not work,en,0.8656496405601501
30598,53314,,4,Very very fun fun,very very fun fun,Very very fun fun,en,0.9947115182876587
30599,53315,,5,"Very much, I liked the easiest way to correct linguistic errors and change the level from the lowest to the top. Thank you, thank you very much","very much, i like the easy way to correct linguistic error and change the level from the low to the top. thank you, thank you very much","Very much, I liked the easiest way to correct linguistic errors and change the level from the lowest to the top. Thank you, thank you very much",en,0.9372891783714294
30600,53316,,5,Very cool helping to pronounce the English boredom in an easy way with lessons in pronouncing each letter and with tests it is a very cool application,very cool help to pronounce the english boredom in an easy way with lesson in pronounce each letter and with test it be a very cool application,Very cool helping to pronounce the English boredom in an easy way with lessons in pronouncing each letter and with tests it is a very cool application,en,0.9466778635978699
30601,53317,,1,It does not work no matter how much I try and tells me that there is an error that happened!,it do not work no matter how much i try and tell me that there be an error that happened!,It does not work no matter how much I try and tells me that there is an error that happened!,en,0.9533815979957581
30602,53318,,1,The free part does not work and always goes to the promotion page to upgrade the account to a paid account,the free part do not work and always go to the promotion page to upgrade the account to a pay account,The free part does not work and always goes to the promotion page to upgrade the account to a paid account,en,0.9476759433746338
30603,53319,,1,"Very bad. And inconsistent. Slow. And by saying a sentence that is not required and accepts it. And by saying the same word or sentence, and he hears it. In general, it is very bad","very bad. and inconsistent. slow. and by say a sentence that be not require and accepts it. and by say the same word or sentence, and he hear it. in general, it be very bad","Very bad. And inconsistent. Slow. And by saying a sentence that is not required and accepts it. And by saying the same word or sentence, and he hears it. In general, it is very bad",en,0.9847342371940613
30604,53320,,5,"A sweet game, but you have to learn English and Alasa records your voice, never translating Arabic.","a sweet game, but you have to learn english and alasa record your voice, never translate arabic.","A sweet game, but you have to learn English and Alasa records your voice, never translating Arabic.",en,0.9141606688499451
30605,53321,,2,It does not work well,it do not work well,It does not work well,en,0.9468876123428345
30606,53322,,1,It does not accept the entry process. I have tried again and repeatedly in all registration methods without interest,it do not accept the entry process. i have try again and repeatedly in all registration method without interest,It does not accept the entry process. I have tried again and repeatedly in all registration methods without interest,en,0.9433595538139343
30607,53323,,4,Wonderful application I recommend it,wonderful application i recommend it,Wonderful application I recommend it,en,0.785580039024353
30608,53324,,5,One of the distinctive applications to teach English pronunciation and I advise those who want to learn the correct pronunciation of this application,one of the distinctive application to teach english pronunciation and i advise those who want to learn the correct pronunciation of this application,One of the distinctive applications to teach English pronunciation and I advise those who want to learn the correct pronunciation of this application,en,0.9386085271835327
30609,53325,,5,"The application is very very useful, so that, for example, a foreign country will come.","the application be very very useful, so that, for example, a foreign country will come.","The application is very very useful, so that, for example, a foreign country will come.",en,0.9419476985931396
30610,53326,,5,An excellent application to improve speech and dialect for English ... I recommend downloading it 🌚 💚 .........,an excellent application to improve speech and dialect for english. i recommend download it 🌚 💚.,An excellent application to improve speech and dialect for English ... I recommend downloading it 🌚 💚 .........,en,0.8672077655792236
30611,53327,,5,"Sweet frankness, I feel that I am very very quickly","sweet frankness, i feel that i be very very quickly","Sweet frankness, I feel that I am very very quickly",en,0.9688612222671509
30612,53328,,5,The best best is the best in terms of pronunciation teaching and practice in speech made me able to differentiate between many similar letters.,the best best be the best in term of pronunciation teaching and practice in speech make me able to differentiate between many similar letters.,The best best is the best in terms of pronunciation teaching and practice in speech made me able to differentiate between many similar letters.,en,0.9669183492660522
30613,53329,,1,"He commented at the first level and did not complete a lot, but even if he gave the sentence what is dealing with it, it is true or wrong, which is lost in the place of no move to the second level","he comment at the first level and do not complete a lot, but even if he give the sentence what be deal with it, it be true or wrong, which be lose in the place of no move to the second level","He commented at the first level and did not complete a lot, but even if he gave the sentence what is dealing with it, it is true or wrong, which is lost in the place of no move to the second level",en,0.9487923383712769
30614,53330,,5,An application that allows you to learn the correct pronunciation of the language .. and memorize new vocabulary and phrases,an application that allow you to learn the correct pronunciation of the language. and memorize new vocabulary and phrase,An application that allows you to learn the correct pronunciation of the language .. and memorize new vocabulary and phrases,en,0.8877726197242737
30615,53331,,3,The application is really wonderful .. But if the Arabic language is added to the interface only to facilitate the understanding of the learner 👍,the application be really wonderful. but if the arabic language be add to the interface only to facilitate the understanding of the learner 👍,The application is really wonderful .. But if the Arabic language is added to the interface only to facilitate the understanding of the learner 👍,en,0.8676480650901794
30616,53332,,5,"Jameel and very useful 🌹 🥰 It is difficult in the beginning for those who do not know the language, but with time and continuity, it is especially easy for everything, God willing","jameel and very useful 🌹 🥰 it be difficult in the beginning for those who do not know the language, but with time and continuity, it be especially easy for everything, god willing","Jameel and very useful 🌹🥰 It is difficult in the beginning for those who do not know the language, but with time and continuity, it is especially easy for everything, God willing",en,0.9345969557762146
30617,53333,,4,"Very excellent to improve sound and pronunciation, but it has a little free and a lot of subscription","very excellent to improve sound and pronunciation, but it have a little free and a lot of subscription","Very excellent to improve sound and pronunciation, but it has a little free and a lot of subscription",en,0.9598109722137451
30618,53334,,5,"Despite Balas until I utter the word right, or I see it from the right way","despite balas until i utter the word right, or i see it from the right way","Despite Balas until I utter the word right, or I see it from the right way",en,0.7944690585136414
30619,53335,,1,A paid application is not free ... there are free similar compassions. Cancel installation immediately and immediately.,a paid application be not free. there be free similar compassions. cancel installation immediately and immediately.,A paid application is not free ... there are free similar compassions. Cancel installation immediately and immediately.,en,0.9544179439544678
30620,53336,,5,"Beautiful, educational and wonderful 🤩 It tests the correct pronunciation of your English words, so we become better in English","beautiful, educational and wonderful 🤩 it test the correct pronunciation of your english words, so we become well in english","Beautiful, educational and wonderful 🤩 It tests the correct pronunciation of your English words, so we become better in English",en,0.9340202808380127
30621,53337,,1,"The application is good, but it is costly and open two free levels, only illogical, as well as the application does not support the Arabic language","the application be good, but it be costly and open two free levels, only illogical, as well as the application do not support the arabic language","The application is good, but it is costly and open two free levels, only illogical, as well as the application does not support the Arabic language",en,0.9659536480903625
30622,53338,,5,"Nice application, but we have not learned the English language yet. We just want to learn it, and the application is in English, please add an Arabic language","nice application, but we have not learn the english language yet. we just want to learn it, and the application be in english, please add an arabic language","Nice application, but we have not learned the English language yet. We just want to learn it, and the application is in English, please add an Arabic language",en,0.9327937364578247
30623,53339,,5,"An excellent application to learn to pronounce the English, but the quality of the phone headphones is separated in reviewing the application for your pronunciation, it is advisable to be in headphones.","an excellent application to learn to pronounce the english, but the quality of the phone headphone be separate in review the application for your pronunciation, it be advisable to be in headphones.","An excellent application to learn to pronounce the English, but the quality of the phone headphones is separated in reviewing the application for your pronunciation, it is advisable to be in headphones.",en,0.9115836024284363
30624,53340,,5,An interesting program that reaches information in an easy and beautiful way for beginners with easy learning at the specified times that the trainee requests,an interesting program that reach information in an easy and beautiful way for beginner with easy learn at the specified time that the trainee request,An interesting program that reaches information in an easy and beautiful way for beginners with easy learning at the specified times that the trainee requests,en,0.8679110407829285
30625,53341,,1,"The application is not suitable for beginners because the operating system in English, which makes it difficult for the beginner.","the application be not suitable for beginner because the operating system in english, which make it difficult for the beginner.","The application is not suitable for beginners because the operating system in English, which makes it difficult for the beginner.",en,0.9335153698921204
30626,53342,,4,"I think it is beautiful, but they put the meaning of the word or the sentence in the language of the user in front of it in the event that it does not know its meaning","i think it be beautiful, but they put the meaning of the word or the sentence in the language of the user in front of it in the event that it do not know it be mean","I think it is beautiful, but they put the meaning of the word or the sentence in the language of the user in front of it in the event that it does not know its meaning",en,0.9750177264213562
30627,53343,,4,"A good program, but it is preferable to add the translation in Arabic to benefit four stars, because it is free of translation in Arabic to understand the user for the program. What does he say to be his training in the English language on understanding and evidence","a good program, but it be preferable to add the translation in arabic to benefit four stars, because it be free of translation in arabic to understand the user for the program. what do he say to be his training in the english language on understanding and evidence","A good program, but it is preferable to add the translation in Arabic to benefit four stars, because it is free of translation in Arabic to understand the user for the program. What does he say to be his training in the English language on understanding and evidence",en,0.9523830413818359
30628,53344,,3,"The application is semi -paid, the number of free lessons is very few and also the waiting period for a full day to open the next lesson.","the application be semi -paid, the number of free lesson be very few and also the wait period for a full day to open the next lesson.","The application is semi -paid, the number of free lessons is very few and also the waiting period for a full day to open the next lesson.",en,0.9504233598709106
30629,53345,,1,A paid application shows itself as free. The free part is hardly equal to 2 % of the application features.,a pay application show itself as free. the free part be hardly equal to 2 % of the application features.,A paid application shows itself as free. The free part is hardly equal to 2 % of the application features.,en,0.9490101337432861
30630,53346,,3,"The application is great to learn and develop the skill of speaking, but the large number of icons and the large number of pages and courses make the learner confused how to start and where he starts, please redesign the interface to be easy and simple and realizes the learner to where he goes and where he goes from","the application be great to learn and develop the skill of speaking, but the large number of icon and the large number of page and course make the learner confuse how to start and where he starts, please redesign the interface to be easy and simple and realize the learner to where he go and where he go from","The application is great to learn and develop the skill of speaking, but the large number of icons and the large number of pages and courses make the learner confused how to start and where he starts, please redesign the interface to be easy and simple and realizes the learner to where he goes and where he goes from",en,0.9434117674827576
30631,53347,,1,"I say that with money, then the experience is bad, I do not recommend anyone to download it, as it has money.","i say that with money, then the experience be bad, i do not recommend anyone to download it, as it have money.","I say that with money, then the experience is bad, I do not recommend anyone to download it, as it has money.",en,0.9759082198143005
30632,53348,,5,"Sweet, but some times want to subscribe","sweet, but some time want to subscribe","Sweet, but some times want to subscribe",en,0.9793278574943542
30633,53349,,5,It is one of the best applications through which you can learn the English language,it be one of the best application through which you can learn the english language,It is one of the best applications through which you can learn the English language,en,0.9514431953430176
30634,53350,,1,"A very bad application, and I do not recommend downloading it in English","a very bad application, and i do not recommend download it in english","A very bad application, and I do not recommend downloading it in English",en,0.9300863146781921
30635,53351,,4,I liked the level evaluation at each stage and a lesson that helped me in knowing how to develop my skills,i like the level evaluation at each stage and a lesson that help me in know how to develop my skill,I liked the level evaluation at each stage and a lesson that helped me in knowing how to develop my skills,en,0.9566493034362793
30636,53352,,5,"It is the best application I saw and I spoke to the English language with its divorce, and everyone will download it to download it","it be the best application i saw and i speak to the english language with it be divorce, and everyone will download it to download it","It is the best application I saw and I spoke to the English language with its divorce, and everyone will download it to download it",en,0.9448798894882202
30637,53353,,5,A very respectable application,a very respectable application,A very respectable application,en,0.8936002254486084
30638,53354,,5,"The application is wonderful and very useful, but it is only for free for three times","the application be wonderful and very useful, but it be only for free for three time","The application is wonderful and very useful, but it is only for free for three times",en,0.9380475282669067
30639,53355,,5,"The program improves dialects and pronunciation in English, but you have to have knowledge of the language and then apply to the program","the program improve dialect and pronunciation in english, but you have to have knowledge of the language and then apply to the program","The program improves dialects and pronunciation in English, but you have to have knowledge of the language and then apply to the program",en,0.9484887719154358
30640,53356,,5,The application is more than wonderful,the application be more than wonderful,The application is more than wonderful,en,0.8678513765335083
30641,53357,,5,"A very excellent program, thank you very much to the designer, the best audio practice application, it is more than wonderful","a very excellent program, thank you very much to the designer, the best audio practice application, it be more than wonderful","A very excellent program, thank you very much to the designer, the best audio practice application, it is more than wonderful",en,0.9487621784210205
30642,53358,,5,"A very excellent application, but sometimes it is very accurate, and even professional people make mistakes .......................................","a very excellent application, but sometimes it be very accurate, and even professional people make mistakes.","A very excellent application, but sometimes it is very accurate, and even professional people make mistakes .......................................",en,0.9866613149642944
30643,53359,,5,Very very excellent and wonderful ... helps to master the English language,very very excellent and wonderful. help to master the english language,Very very excellent and wonderful ... helps to master the English language,en,0.9695913195610046
30644,53360,,4,"Very excellent, and I hope there will be more advantages in the free version.","very excellent, and i hope there will be more advantage in the free version.","Very excellent, and I hope there will be more advantages in the free version.",en,0.9358929991722107
30645,53361,,5,An excellent program that teaches audio and there are a lot of training on pronunciation,an excellent program that teach audio and there be a lot of train on pronunciation,An excellent program that teaches audio and there are a lot of training on pronunciation,en,0.9427217245101929
30646,53362,,5,"I advise everyone who wants to learn the language, I recommend this application faster","i advise everyone who want to learn the language, i recommend this application faster","I advise everyone who wants to learn the language, I recommend this application faster",en,0.9450791478157043
30647,53363,,5,The best program ever is very useful for those who suffer from weakness and problems,the best program ever be very useful for those who suffer from weakness and problem,The best program ever is very useful for those who suffer from weakness and problems,en,0.9676218628883362
30648,53364,,5,The application is fun and helps to learn the English language easily ♥ ️,the application be fun and help to learn the english language easily ♥,The application is fun and helps to learn the English language easily ♥ ️,en,0.8910399675369263
30649,53365,,5,A very excellent application I recommend English learners strongly.,a very excellent application i recommend english learner strongly.,A very excellent application I recommend English learners strongly.,en,0.9425324201583862
30650,53366,,5,"An important, simple and practical application. Learning with him is fun.","an important, simple and practical application. learn with him be fun.","An important, simple and practical application. Learning with him is fun.",en,0.9302828311920166
30651,53367,,5,An excellent program that develops your language skills and listens significantly day after day,an excellent program that develop your language skill and listens significantly day after day,An excellent program that develops your language skills and listens significantly day after day,en,0.9197931289672852
30652,53368,,1,"He rejects the password when registering for the free experience, although it is correct with the testimony of Google !!","he reject the password when register for the free experience, although it be correct with the testimony of google!","He rejects the password when registering for the free experience, although it is correct with the testimony of Google !!",en,0.8698946237564087
30653,53369,,1,"Wonderful ,, not ads ,, great diversity, creativity, great effort in preparing it","wonderful, not ads, great diversity, creativity, great effort in prepare it","Wonderful ,, not ads ,, great diversity, creativity, great effort in preparing it",en,0.9088709950447083
30654,53370,,5,An excellent program to improve speech and training in proper speech,an excellent program to improve speech and training in proper speech,An excellent program to improve speech and training in proper speech,en,0.9549572467803955
30655,53371,,4,"The application is excellent, but the problem does not have Arabic","the application be excellent, but the problem do not have arabic","The application is excellent, but the problem does not have Arabic",en,0.9264688491821289
30656,53372,,5,"A program, enjoyable, beautiful, and learning in it is easy and wonderful, God willing, for your generous initiative","a program, enjoyable, beautiful, and learning in it be easy and wonderful, god willing, for your generous initiative","A program, enjoyable, beautiful, and learning in it is easy and wonderful, God willing, for your generous initiative",en,0.8455946445465088
30657,53373,,1,"Beautiful, but not free, and there is also no payment by the contact segment balance.","beautiful, but not free, and there be also no payment by the contact segment balance.","Beautiful, but not free, and there is also no payment by the contact segment balance.",en,0.9719546437263489
30658,53374,,5,"A great application, I like how it determines the error I made carefully and provides you with advice to correct it","a great application, i like how it determine the error i make carefully and provide you with advice to correct it","A great application, I like how it determines the error I made carefully and provides you with advice to correct it",en,0.9240790009498596
30659,53375,,5,"A very beautiful program. I advise everyone to download its scientific material is very useful, but I was hoping for free","a very beautiful program. i advise everyone to download it be scientific material be very useful, but i be hop for free","A very beautiful program. I advise everyone to download its scientific material is very useful, but I was hoping for free",en,0.8980705142021179
30660,53376,,5,"Wonderful application to improve language skills in an easy and very enjoyable way, thank you for this wonderful application","wonderful application to improve language skill in an easy and very enjoyable way, thank you for this wonderful application","Wonderful application to improve language skills in an easy and very enjoyable way, thank you for this wonderful application",en,0.9094658493995667
30661,53377,,5,"It is a very, very effective application, but all closed lessons and a yearly or monthly piasters are how to pay","it be a very, very effective application, but all close lesson and a yearly or monthly piaster be how to pay","It is a very, very effective application, but all closed lessons and a yearly or monthly piasters are how to pay",en,0.928642988204956
30662,53378,,5,"A very wonderful application if you will pass it to you, you can learn the English language very easily and very smoothly 🫠 👌🏻 🤎.","a very wonderful application if you will pass it to you, you can learn the english language very easily and very smoothly 🫠 👌 🤎.","A very wonderful application if you will pass it to you, you can learn the English language very easily and very smoothly 🫠👌🏻🤎.",en,0.9653093218803406
30663,53379,,1,"I mean, this is an application that wears a physical, I mean an English language, I mean, they see all countries, such as India, Turkiye, an English language. Please reply if it knows, please.","i mean, this be an application that wear a physical, i mean an english language, i mean, they see all countries, such as india, turkiye, an english language. please reply if it knows, please.","I mean, this is an application that wears a physical, I mean an English language, I mean, they see all countries, such as India, Türkiye, an English language. Please reply if it knows, please.",en,0.9428390264511108
30664,53380,,5,"Very very beautiful, I advise who wants to improve the pronunciation method, you can download it Fort","very very beautiful, i advise who want to improve the pronunciation method, you can download it fort","Very very beautiful, I advise who wants to improve the pronunciation method, you can download it Fort",en,0.9579913020133972
30665,53381,,3,A beautiful content application .. But it works with the Internet only and secondly not free!?,a beautiful content application. but it work with the internet only and secondly not free! ?,A beautiful content application .. But it works with the Internet only and secondly not free!?,en,0.8668343424797058
30666,53382,,4,"The application is excellent, but the payment method can be monthly. How much will be in the month in the annual offer of 800","the application be excellent, but the payment method can be monthly. how much will be in the month in the annual offer of 800","The application is excellent, but the payment method can be monthly. How much will be in the month in the annual offer of 800",en,0.9559141397476196
30667,53383,,5,An excellent application that helps to practice language and speak fluently,an excellent application that help to practice language and speak fluently,An excellent application that helps to practice language and speak fluently,en,0.9764549732208252
30668,53384,,1,"Because it is a paid payment, I could not try it.","because it be a paid payment, i could not try it.","Because it is a paid payment, I could not try it.",en,0.9938681721687317
30669,53385,,3,"Excellent, but unfortunately, I tried to pronounce in a deliberate and sarcastic way to find it well, you uttered like native people, for example, the word Prepare pronounced it.","excellent, but unfortunately, i try to pronounce in a deliberate and sarcastic way to find it well, you utter like native people, for example, the word prepare pronounce it.","Excellent, but unfortunately, I tried to pronounce in a deliberate and sarcastic way to find it well, you uttered like native people, for example, the word Prepare pronounced it.",en,0.9495884776115417
30670,53386,,5,"Very nice, but please enter the Arabic language to help me in translation, but I recommend the download","very nice, but please enter the arabic language to help me in translation, but i recommend the download","Very nice, but please enter the Arabic language to help me in translation, but I recommend the download",en,0.9238442182540894
30671,53387,,1,"A liar application is originally in the English language, and we cannot learn the English language. I do not advise you to download","a liar application be originally in the english language, and we cannot learn the english language. i do not advise you to download","A liar application is originally in the English language, and we cannot learn the English language. I do not advise you to download",en,0.9074158668518066
30672,53388,,4,But we want to learn the language with its translation and the whole application is English,but we want to learn the language with it be translation and the whole application be english,But we want to learn the language with its translation and the whole application is English,en,0.9351888298988342
30673,53389,,5,I advise anyone who wants to learn the absolute speaking in the English language with this application,i advise anyone who want to learn the absolute speaking in the english language with this application,I advise anyone who wants to learn the absolute speaking in the English language with this application,en,0.9624638557434082
30674,53390,,1,"Worsted he did not put the Arabic language in the list between the 9 important languages, the second is not free","worst he do not put the arabic language in the list between the 9 important languages, the second be not free","Worsted he did not put the Arabic language in the list between the 9 important languages, the second is not free",en,0.9020609259605408
30675,53391,,5,"Of course, what does not know what to occupy this program ... This program teaches you to the correct pronunciation ... It gives you a sentence that presses the headphone button to listen to the sentence and then they are overwhelmed by the honorable and utter the word, so it appears in front of you a hundred ... I mean, it evaluates your pronunciation from a hundred ...","of course, what do not know what to occupy this program. this program teach you to the correct pronunciation. it give you a sentence that press the headphone button to listen to the sentence and then they be overwhelm by the honorable and utter the word, so it appear in front of you a hundred. i mean, it evaluate your pronunciation from a hundred.","Of course, what does not know what to occupy this program ... This program teaches you to the correct pronunciation ... It gives you a sentence that presses the headphone button to listen to the sentence and then they are overwhelmed by the honorable and utter the word, so it appears in front of you a hundred ... I mean, it evaluates your pronunciation from a hundred ...",en,0.9245250821113586
30676,53392,,5,The best application for talking with artificial intelligence and is distinctive. It contains many situations and topics to speak,the best application for talk with artificial intelligence and be distinctive. it contain many situation and topic to speak,The best application for talking with artificial intelligence and is distinctive. It contains many situations and topics to speak,en,0.9617453217506409
30677,53393,,5,The best program to learn English and self -development in the Arab world,the best program to learn english and self -development in the arab world,The best program to learn English and self -development in the Arab world,en,0.8388145565986633
30678,53394,,5,The program is very good for non -English speakers,the program be very good for non -english speaker,The program is very good for non -English speakers,en,0.8836206793785095
30679,53395,,2,"The application does not contain a translation of words, how do I learn English without translation","the application do not contain a translation of words, how do i learn english without translation","The application does not contain a translation of words, how do I learn English without translation",en,0.8396522998809814
30680,53396,,5,An excellent application that helps you to learn very significantly,an excellent application that help you to learn very significantly,An excellent application that helps you to learn very significantly,en,0.9850332736968994
30681,53397,,5,"Frankly, an excellent app helps you learn the English language","frankly, an excellent app help you learn the english language","Frankly, an excellent app helps you learn the English language",en,0.8501622080802917
30682,53398,,5,"The best application to teach conversation and listening, but not free","the best application to teach conversation and listening, but not free","The best application to teach conversation and listening, but not free",en,0.8760484457015991
30683,53399,,5,Wonderful and good application and even in translation.,wonderful and good application and even in translation.,Wonderful and good application and even in translation.,en,0.9481246471405029
30684,53400,,5,Ha 💓 💓 I advise everyone who wants to learn the English language to download it,ha 💓 💓 i advise everyone who want to learn the english language to download it,Haaaaaaaa 💓💓 I advise everyone who wants to learn the English language to download it,en,0.945418655872345
30685,53401,,5,Wonderful for everyone who wants the correct English pronunciation it is free 📱,wonderful for everyone who want the correct english pronunciation it be free 📱,Wonderful for everyone who wants the correct English pronunciation it is free 📱,en,0.8284371495246887
30686,53402,,5,Sweet application helps to exercise on the language and focuses on more than one skill,sweet application help to exercise on the language and focus on more than one skill,Sweet application helps to exercise on the language and focuses on more than one skill,en,0.9556894898414612
30687,53403,,5,My program increases strength in your pronunciation. A very beautiful program. I benefited from and continues to benefit,my program increase strength in your pronunciation. a very beautiful program. i benefit from and continue to benefit,My program increases strength in your pronunciation. A very beautiful program. I benefited from and continues to benefit,en,0.9243056178092957
30688,53404,,5,A very wonderful program that helps to practice the English language,a very wonderful program that help to practice the english language,A very wonderful program that helps to practice the English language,en,0.9437287449836731
30689,53405,,5,The best application to improve pronunciation in the English language,the best application to improve pronunciation in the english language,The best application to improve pronunciation in the English language,en,0.8150098323822021
30690,53406,,4,"Very good, sweet, and use it is easy, but in things except with money","very good, sweet, and use it be easy, but in thing except with money","Very good, sweet, and use it is easy, but in things except with money",en,0.9706737995147705
30691,53407,,5,"A very, very cool application, as it makes you feel like you are in a real conversation with someone","a very, very cool application, as it make you feel like you be in a real conversation with someone","A very, very cool application, as it makes you feel like you are in a real conversation with someone",en,0.9806125164031982
30692,53408,,5,The best English language education program in the world,the best english language education program in the world,The best English language education program in the world,en,0.804315984249115
30693,53409,,5,"Excellent to strengthen the language and support it in new, official and academic terms","excellent to strengthen the language and support it in new, official and academic term","Excellent to strengthen the language and support it in new, official and academic terms",en,0.9628959894180298
30694,53410,,4,It lacks the translation of the mother language of the user and graphics for storage in the subconscious because it ships relatively information within the information he receives,it lack the translation of the mother language of the user and graphic for storage in the subconscious because it ship relatively information within the information he receive,It lacks the translation of the mother language of the user and graphics for storage in the subconscious because it ships relatively information within the information he receives,en,0.9385325312614441
30695,53411,,4,"It is useful, but it has ads. You must subscribe in order to be able to take all the features","it be useful, but it have ads. you must subscribe in order to be able to take all the feature","It is useful, but it has ads. You must subscribe in order to be able to take all the features",en,0.9747921228408813
30696,53412,,5,The most beautiful and best assistant program for beginners and students in the English language .. Greetings,the most beautiful and best assistant program for beginner and student in the english language. greeting,The most beautiful and best assistant program for beginners and students in the English language .. Greetings,en,0.9048933982849121
30697,53413,,5,"The best application to learn the tone ever, 💥 💣 👌 👌 👌 and develop your linguistic outcome","the best application to learn the tone ever, 💥 💣 👌 👌 👌 and develop your linguistic outcome","The best application to learn the tone ever, 💥💣👌👌👌 and develop your linguistic outcome",en,0.8535579442977905
30698,53414,,5,An excellent educational program teaching the word pronunciation correctly,an excellent educational program teach the word pronunciation correctly,An excellent educational program teaching the word pronunciation correctly,en,0.8254030346870422
30699,53415,,5,Good app to improve your reading skill and correct your mistakes,good app to improve your reading skill and correct your mistake,Good app to improve your reading skill and correct your mistakes,en,0.9321615099906921
30700,53416,,4,"Wonderful and I learned new words, but I search for an application without a fee","wonderful and i learn new words, but i search for an application without a fee","Wonderful and I learned new words, but I search for an application without a fee",en,0.9013481140136719
30701,53417,,5,The most beautiful application to learn English frankly,the most beautiful application to learn english frankly,The most beautiful application to learn English frankly,en,0.8918667435646057
30702,53418,,4,"The application is excellent, but I hope for free lessons is more than confirmed","the application be excellent, but i hope for free lesson be more than confirm","The application is excellent, but I hope for free lessons is more than confirmed",en,0.8699802160263062
30703,53419,,5,"The best application to learn the English language, you can do one Zio to learn other languages","the best application to learn the english language, you can do one zio to learn other language","The best application to learn the English language, you can do one Zio to learn other languages",en,0.8742194771766663
30704,53420,,4,The program is excellent and I recommend it to learn from it the English conversation,the program be excellent and i recommend it to learn from it the english conversation,The program is excellent and I recommend it to learn from it the English conversation,en,0.9031627178192139
30705,53421,,5,"It understands you accurately for him to speak outside the specified, it is a very good copy","it understand you accurately for him to speak outside the specified, it be a very good copy","It understands you accurately for him to speak outside the specified, it is a very good copy",en,0.9897380471229553
30706,53422,,2,"Nice application, but the Arabic language does not have","nice application, but the arabic language do not have","Nice application, but the Arabic language does not have",en,0.9358201026916504
30707,53423,,3,Two stars were detracted due to the lack of Arabic language. Please add the Arabic language. Thank you,two star be detract due to the lack of arabic language. please add the arabic language. thank you,Two stars were detracted due to the lack of Arabic language. Please add the Arabic language. Thank you,en,0.8314159512519836
30708,53424,,4,"Very wonderful, but I cannot understand a little because it is all written English and I am not a beginner","very wonderful, but i cannot understand a little because it be all write english and i be not a beginner","Very wonderful, but I cannot understand a little because it is all written English and I am not a beginner",en,0.9291210770606995
30709,53425,,2,"A good program to teach speech, but there is no translation into Arabic","a good program to teach speech, but there be no translation into arabic","A good program to teach speech, but there is no translation into Arabic",en,0.9484435319900513
30710,53426,,4,"The application is very sweet, but I have a problem, I don’t know how I want to transform the language of the application for Arabic.","the application be very sweet, but i have a problem, i do not t know how i want to transform the language of the application for arabic.","The application is very sweet, but I have a problem, I don’t know how I want to transform the language of the application for Arabic.",en,0.9492568373680115
30711,53427,,3,"Excellent excellent, very good, but where is the important language in the world and the (Arabic) application?","excellent excellent, very good, but where be the important language in the world and the arabic application?","Excellent excellent, very good, but where is the important language in the world and the (Arabic) application?",en,0.9189823269844055
30712,53428,,2,"A beautiful program, but it needs to add the Arabic language to understand the program","a beautiful program, but it need to add the arabic language to understand the program","A beautiful program, but it needs to add the Arabic language to understand the program",en,0.9225050210952759
30713,53429,,5,"I advise everyone to download an excellent education, and a sound, from a program","i advise everyone to download an excellent education, and a sound, from a program","I advise everyone to download an excellent education, and a sound, from a program",en,0.9641286134719849
30714,53430,,1,The application is not free although there is a lot better than it for free,the application be not free although there be a lot good than it for free,The application is not free although there is a lot better than it for free,en,0.9238174557685852
30715,53431,,4,"Good application, but if they add the user's language for easy memorization ♡","good application, but if they add the user language for easy memorization ♡","Good application, but if they add the user's language for easy memorization ♡",en,0.8492452502250671
30716,53432,,4,Very beautiful and useful for learning and practicing the English language,very beautiful and useful for learn and practice the english language,Very beautiful and useful for learning and practicing the English language,en,0.9324085116386414
30717,53433,,4,"Very good, but if we open a free Pro version for a short period","very good, but if we open a free pro version for a short period","Very good, but if we open a free Pro version for a short period",en,0.8641787767410278
30718,53434,,3,Because it is not only free of charge got 3 stars and the program appears above the wonderful,because it be not only free of charge get 3 star and the program appear above the wonderful,Because it is not only free of charge got 3 stars and the program appears above the wonderful,en,0.8228837251663208
30719,53435,,5,It helps you to improve pronunciation and learn new words,it help you to improve pronunciation and learn new word,It helps you to improve pronunciation and learn new words,en,0.893881618976593
30720,53436,,1,"Very nice and useful for learning the English language, but it works on the Internet","very nice and useful for learn the english language, but it work on the internet","Very nice and useful for learning the English language, but it works on the Internet",en,0.9247922897338867
30721,53437,,5,"An excellent program to improve the pronunciation of the English language is smooth, light and gentle","an excellent program to improve the pronunciation of the english language be smooth, light and gentle","An excellent program to improve the pronunciation of the English language is smooth, light and gentle",en,0.8050613403320312
30722,53438,,5,"The application is more than wonderful. Evidence. English, you did not improve the form of Kalsh Jubeir and all of it thanks to this application 🤩","the application be more than wonderful. evidence. english, you do not improve the form of kalsh jubeir and all of it thank to this application 🤩","The application is more than wonderful. Evidence. English, you did not improve the form of Kalsh Jubeir and all of it thanks to this application 🤩",en,0.9019811749458313
30723,53439,,5,"The greatest and best application for the English language, I congratulate those who prepared it","the great and best application for the english language, i congratulate those who prepare it","The greatest and best application for the English language, I congratulate those who prepared it",en,0.8806588649749756
30724,53440,,5,A more than wonderful application .. simple and very useful .. and I recommend installing it,a more than wonderful application. simple and very useful. and i recommend instal it,A more than wonderful application .. simple and very useful .. and I recommend installing it,en,0.9376895427703857
30725,53441,,5,The best English language learning program,the best english language learn program,The best English language learning program,en,0.7573530077934265
30726,53442,,5,The most wonderful application for pronunciation and listening simply Magnificent,the most wonderful application for pronunciation and listen simply magnificent,The most wonderful application for pronunciation and listening simply Magnificent,en,0.8172965049743652
30727,53443,,2,"It is a very beautiful program, but the problem is that the first week is free and after it is 277 c subscription","it be a very beautiful program, but the problem be that the first week be free and after it be 277 c subscription","It is a very beautiful program, but the problem is that the first week is free and after it is 277 c subscription",en,0.92542564868927
30728,53444,,5,A new program for all levels to learn the English language,a new program for all level to learn the english language,A new program for all levels to learn the English language,en,0.8632052540779114
30729,53445,,5,"A very high application you will not regret downloading it, but it works on the net if it was without the net it was the most wonderful","a very high application you will not regret download it, but it work on the net if it be without the net it be the most wonderful","A very high application you will not regret downloading it, but it works on the net if it was without the net it was the most wonderful",en,0.866998553276062
30730,53446,,5,A very beautiful and wonderful program that helps you to pronounce the words correctly and reduces your dialect,a very beautiful and wonderful program that help you to pronounce the word correctly and reduce your dialect,A very beautiful and wonderful program that helps you to pronounce the words correctly and reduces your dialect,en,0.9469671845436096
30731,53447,,5,A beautiful application that helps to learn the language greatly,a beautiful application that help to learn the language greatly,A beautiful application that helps to learn the language greatly,en,0.9383134245872498
30732,53448,,5,"Ok, for the first lesson, I feel beautiful and useful to pronounce, improve my words for letters, thanks","ok, for the first lesson, i feel beautiful and useful to pronounce, improve my word for letters, thanks","Ok, for the first lesson, I feel beautiful and useful to pronounce, improve my words for letters, thanks",en,0.8556653261184692
30733,53449,,5,An application that helps improve pronunciation,an application that help improve pronunciation,An application that helps improve pronunciation,en,0.8470519185066223
30734,53450,,5,Very cool and it is an excellent program for young and old,very cool and it be an excellent program for young and old,Very cool and it is an excellent program for young and old,en,0.9548715949058533
30735,53451,,1,"Unfortunately, the Arabic language does not exist 😔 I hope to add the Arabic language","unfortunately, the arabic language do not exist 😔 i hope to add the arabic language","Unfortunately, the Arabic language does not exist 😔 I hope to add the Arabic language",en,0.7753843665122986
30736,53452,,1,Most levels are closed and need to pay the money to open 😒,most level be close and need to pay the money to open 😒,Most levels are closed and need to pay the money to open 😒,en,0.9598454833030701
30737,53453,,5,A wonderful and excellent program for beginners I advise everyone to download it,a wonderful and excellent program for beginner i advise everyone to download it,A wonderful and excellent program for beginners I advise everyone to download it,en,0.9192181825637817
30738,53454,,5,"Finally, there is an application that helps you in the correct pronunciation very wonderful","finally, there be an application that help you in the correct pronunciation very wonderful","Finally, there is an application that helps you in the correct pronunciation very wonderful",en,0.9303514957427979
30739,53455,,5,"Roh, a very rigid program, to improve the pronunciation of English","roh, a very rigid program, to improve the pronunciation of english","Roooooooh, a very rigid program, to improve the pronunciation of English",en,0.8710968494415283
30740,53456,,5,Excellent and helps in learning if you are patient and understood,excellent and help in learn if you be patient and understood,Excellent and helps in learning if you are patient and understood,en,0.895260214805603
30741,53457,,5,A wonderful and very useful application in the improvement of speech,a wonderful and very useful application in the improvement of speech,A wonderful and very useful application in the improvement of speech,en,0.9464312195777893
30742,53458,,5,A great application to improve the English language,a great application to improve the english language,A great application to improve the English language,en,0.8414480090141296
30743,53459,,5,More than a wonderful application I enjoyed and good from English in a short time,more than a wonderful application i enjoy and good from english in a short time,More than a wonderful application I enjoyed and good from English in a short time,en,0.9517298340797424
30744,53460,,5,Good and wonderful application to learn to speak and hear,good and wonderful application to learn to speak and hear,Good and wonderful application to learn to speak and hear,en,0.9825851917266846
30745,53461,,3,Beautiful and useful if it supports the translation except Arabic,beautiful and useful if it support the translation except arabic,Beautiful and useful if it supports the translation except Arabic,en,0.7908380627632141
30746,53462,,5,Wonderful and very useful to learn English,wonderful and very useful to learn english,Wonderful and very useful to learn English,en,0.9394756555557251
30747,53463,,4,"The application is beautiful and wealth, but it is all Angech, so it is the first thing that I will feel difficult and good luck, God willing.","the application be beautiful and wealth, but it be all angech, so it be the first thing that i will feel difficult and good luck, god willing.","The application is beautiful and wealth, but it is all Angech, so it is the first thing that I will feel difficult and good luck, God willing.",en,0.9133623838424683
30748,53464,,5,"An excellent application, but I ask me to subscribe and I do not have money to subscribe","an excellent application, but i ask me to subscribe and i do not have money to subscribe","An excellent application, but I ask me to subscribe and I do not have money to subscribe",en,0.9337726831436157
30749,53465,,5,A very excellent and special application for pronunciation 😊,a very excellent and special application for pronunciation 😊,A very excellent and special application for pronunciation 😊,en,0.9318204522132874
30750,53466,,3,Good to learn to read and spell it and the way of pronouncing,good to learn to read and spell it and the way of pronounce,Good to learn to read and spell it and the way of pronouncing,en,0.9669045209884644
30751,53467,,5,A more than wonderful application helps you improve your language beautifully,a more than wonderful application help you improve your language beautifully,A more than wonderful application helps you improve your language beautifully,en,0.8777121305465698
30752,53468,,5,"The best application, but for me the interface is a little complicated means difficult","the best application, but for me the interface be a little complicated mean difficult","The best application, but for me the interface is a little complicated means difficult",en,0.8941641449928284
30753,53471,,5,A wonderful and beautiful program that shows a lot of the word and vocal letters of the word,a wonderful and beautiful program that show a lot of the word and vocal letter of the word,A wonderful and beautiful program that shows a lot of the word and vocal letters of the word,en,0.9104540348052979
30754,53473,,2,"Good application, but there is no Arabic language until you understand the explanation","good application, but there be no arabic language until you understand the explanation","Good application, but there is no Arabic language until you understand the explanation",en,0.9135008454322815
30755,53474,,5,Beautiful program suitable for all ages and all categories,beautiful program suitable for all age and all category,Beautiful program suitable for all ages and all categories,en,0.8623508214950562
30756,53475,,4,Wonderful but most features are paid.,wonderful but most feature be paid.,Wonderful but most features are paid.,en,0.8853281736373901
30757,53476,,5,An unparalleled application in the full sense of the word I advise you to try it,an unparalleled application in the full sense of the word i advise you to try it,An unparalleled application in the full sense of the word I advise you to try it,en,0.9400998950004578
30758,53477,,3,The strongest program for teaching English,the strong program for teach english,The strongest program for teaching English,en,0.8765899538993835
30759,53480,,3,Sometimes one needs to know and translate some of the words he learns. The person cannot learn without knowing the meanings,sometimes one need to know and translate some of the word he learns. the person cannot learn without know the meaning,Sometimes one needs to know and translate some of the words he learns. The person cannot learn without knowing the meanings,en,0.9616167545318604
30760,53481,,5,"Very cool, I advise you to download it and start learning","very cool, i advise you to download it and start learning","Very cool, I advise you to download it and start learning",en,0.9824779629707336
30761,53482,,5,"Add a camel composition, and to develop audio","add a camel composition, and to develop audio","Add a camel composition, and to develop audio",en,0.8674801588058472
30762,53483,,5,"Excellent, I hope it will remain available without the need to subscribe","excellent, i hope it will remain available without the need to subscribe","Excellent, I hope it will remain available without the need to subscribe",en,0.8768947124481201
30763,53484,,5,It is one of the most beautiful applications that follow a comment that does not hesitate to come because it is very sweet. She benefits a lot and learned new things with a people !!!!!!!!!!!!!!!!!!!!!!!!!!!!!!!!!!!!!!!!!!!!!!!!!!!!!!!!!!!!!!!!!!!!!!! !!!!!!!!!!!!!!!!!!!!!!!!!!!!!!!!!!!!!!!!!!!!!!!!!!!!!!!!!!!!!!!!!!!!!!!!!,it be one of the most beautiful application that follow a comment that do not hesitate to come because it be very sweet. she benefit a lot and learn new thing with a people! !,It is one of the most beautiful applications that follow a comment that does not hesitate to come because it is very sweet. She benefits a lot and learned new things with a people !!!!!!!!!!!!!!!!!!!!!!!!!!!!!!!!!!!!!!!!!!!!!!!!!!!!!!!!!!!!!!!!!!!!!!! !!!!!!!!!!!!!!!!!!!!!!!!!!!!!!!!!!!!!!!!!!!!!!!!!!!!!!!!!!!!!!!!!!!!!!!!!,en,0.9535704255104065
30764,53485,,5,"Very nice application for pronunciation, thank you ELSA team","very nice application for pronunciation, thank you elsa team","Very nice application for pronunciation, thank you ELSA team",en,0.9219484925270081
30765,53486,,4,It does not contain its translation in the local language,it do not contain it be translation in the local language,It does not contain its translation in the local language,en,0.6743403673171997
30766,53487,,5,Wonderful app for Android,wonderful app for android,Wonderful app for Android,en,0.6706991195678711
30767,53488,,5,A very ideal application for learning the English language,a very ideal application for learn the english language,A very ideal application for learning the English language,en,0.9377105236053467
30768,53489,,5,Very very excellent and comfortable and also lets you speak the word shout,very very excellent and comfortable and also let u you speak the word shout,Very very excellent and comfortable and also lets you speak the word shout,en,0.991881787776947
30769,53490,,2,"After reading the stimulating comments .... I carried the application, but I was shocked by that I am not free and I am as a secondary student, I do not have an expense like creation 😑 what benefit me","after read the stimulate comments. i carry the application, but i be shock by that i be not free and i be as a secondary student, i do not have an expense like creation 😑 what benefit me","After reading the stimulating comments .... I carried the application, but I was shocked by that I am not free and I am as a secondary student, I do not have an expense like creation 😑 what benefit me",en,0.9519065618515015
30770,53491,,5,"This is the best interactive program to learn English, frankly, start 😎 😍","this be the best interactive program to learn english, frankly, start 😎 😍","This is the best interactive program to learn English, frankly, start 😎😍",en,0.7125052809715271
30771,53492,,5,"Good, but I want the same applicable to learn the French language, please","good, but i want the same applicable to learn the french language, please","Good, but I want the same applicable to learn the French language, please",en,0.938382089138031
30772,53493,,1,The application has no advantage because it is not free of charge every year. I hope that it is free,the application have no advantage because it be not free of charge every year. i hope that it be free,The application has no advantage because it is not free of charge every year. I hope that it is free,en,0.9469965696334839
30773,53494,,4,"An excellent application, but it has a lot of paid services","an excellent application, but it have a lot of pay service","An excellent application, but it has a lot of paid services",en,0.9793634414672852
30774,53495,,3,I hope it becomes free and depends on ads.,i hope it become free and depend on ads.,I hope it becomes free and depends on ads.,en,0.9814016819000244
30775,53496,,4,Good and useful to adjust the pronunciation pronouncement,good and useful to adjust the pronunciation pronouncement,Good and useful to adjust the pronunciation pronouncement,en,0.8374503254890442
30776,53497,,1,"A paid application, in a free experience, but you must enter your card data and frankly, this is the worst way for free experience in applications","a pay application, in a free experience, but you must enter your card data and frankly, this be the bad way for free experience in application","A paid application, in a free experience, but you must enter your card data and frankly, this is the worst way for free experience in applications",en,0.9201235175132751
30777,53498,,5,The best application to develop the level of English language use,the best application to develop the level of english language use,The best application to develop the level of English language use,en,0.8265500664710999
30778,53499,,5,Wonderful program to learn English,wonderful program to learn english,Wonderful program to learn English,en,0.8649765849113464
30779,53500,,5,"A very masterpiece application and helps to improve the American dialect, and not, but this is a beautiful feeling 😍","a very masterpiece application and help to improve the american dialect, and not, but this be a beautiful feeling 😍","A very masterpiece application and helps to improve the American dialect, and not, but this is a beautiful feeling 😍",en,0.933784544467926
30780,53501,,5,A good application to learn the English language I recommend it,a good application to learn the english language i recommend it,A good application to learn the English language I recommend it,en,0.870278000831604
30781,53502,,4,"Wonderful, I started using it now, really helps me to retrieve my English, thank you","wonderful, i start use it now, really help me to retrieve my english, thank you","Wonderful, I started using it now, really helps me to retrieve my English, thank you",en,0.8396859765052795
30782,53503,,4,Very cool according to my simple experience and its price is appropriate,very cool accord to my simple experience and it be price be appropriate,Very cool according to my simple experience and its price is appropriate,en,0.8917577266693115
30783,53504,,5,"A very beautiful program and also useful to the maximum, and I recommend downloading it","a very beautiful program and also useful to the maximum, and i recommend download it","A very beautiful program and also useful to the maximum, and I recommend downloading it",en,0.9555908441543579
30784,53505,,5,Excellent and very wonderful to learn the language,excellent and very wonderful to learn the language,Excellent and very wonderful to learn the language,en,0.9559857249259949
30785,53506,,5,"I just use the app, but I think it will be very useful in developing the skill of speaking","i just use the app, but i think it will be very useful in develop the skill of speaking","I just use the app, but I think it will be very useful in developing the skill of speaking",en,0.9660853147506714
30786,53507,,4,"The app is amazing, but I feel that it does not receive the sound well","the app be amazing, but i feel that it do not receive the sound well","The app is amazing, but I feel that it does not receive the sound well",en,0.9571660161018372
30787,53508,,4,Lessons are difficult for children,lesson be difficult for child,Lessons are difficult for children,en,0.9246788620948792
30788,53509,,5,"Very useful, wonderful and very seriously helping you learn","very useful, wonderful and very seriously help you learn","Very useful, wonderful and very seriously helping you learn",en,0.9870877265930176
30789,53510,,5,"The most important application of Joulali for education, but the disadvantage is that it is available limited only for free","the most important application of joulali for education, but the disadvantage be that it be available limited only for free","The most important application of Joulali for education, but the disadvantage is that it is available limited only for free",en,0.911946177482605
30790,53511,,5,"Very useful, helps to reduce the control of the tone on the tongue","very useful, help to reduce the control of the tone on the tongue","Very useful, helps to reduce the control of the tone on the tongue",en,0.9504514932632446
30791,53512,,5,The best translation program ever,the best translation program ever,The best translation program ever,en,0.8316189646720886
30792,53513,,3,"When I choose a lesson, I say to me, please wait a long time","when i choose a lesson, i say to me, please wait a long time","When I choose a lesson, I say to me, please wait a long time",en,0.7858999371528625
30793,53514,,5,Useful to develop reading and listening,useful to develop reading and listening,Useful to develop reading and listening,en,0.8822214007377625
30794,53515,,1,The program is updated.,the program be updated.,The program is updated.,en,0.7425946593284607
30795,53516,,5,A program in the utmost magnificence .. I advise all people very excellent and above the excellent .. Thanks to the developers ❤️,a program in the utmost magnificence. i advise all people very excellent and above the excellent. thanks to the developer ❤,A program in the utmost magnificence .. I advise all people very excellent and above the excellent .. Thanks to the developers ❤️,en,0.9365404844284058
30796,53517,,5,Useful to improve the English dialect ...,useful to improve the english dialect.,Useful to improve the English dialect ...,en,0.7289326190948486
30797,53518,,5,Very excellent to improve speech,very excellent to improve speech,Very excellent to improve speech,en,0.9754775166511536
30798,53519,,4,The application must be translated into Arabic,the application must be translate into arabic,The application must be translated into Arabic,en,0.8200551271438599
30799,53520,,5,More than wonderful,more than wonderful,More than wonderful,en,0.8633859157562256
30800,53521,,5,The best application to improve your English language,the best application to improve your english language,The best application to improve your English language,en,0.8330193758010864
30801,53522,,1,I deleted it because it is not free,i delete it because it be not free,I deleted it because it is not free,en,0.9501359462738037
30802,53523,,4,"I participated and deduct the amount, but I did not do the subscription","i participate and deduct the amount, but i do not do the subscription","I participated and deduct the amount, but I did not do the subscription",en,0.8323004841804504
30803,53524,,5,"Sweet and easy, but I hope it will complete for free","sweet and easy, but i hope it will complete for free","Sweet and easy, but I hope it will complete for free",en,0.8621580004692078
30804,53525,,5,"Until now, the experience is very useful and excited, and you do not need arbitrariness. If I had a subscription money, I was participating","until now, the experience be very useful and excited, and you do not need arbitrariness. if i have a subscription money, i be participate","Until now, the experience is very useful and excited, and you do not need arbitrariness. If I had a subscription money, I was participating",en,0.896609902381897
30805,53526,,1,"A bad bad, do not be deceived by a heavy drive","a bad bad, do not be deceive by a heavy drive","A bad bad, do not be deceived by a heavy drive",en,0.9568893909454346
30806,53527,,1,I face a problem every time I want to enter a lesson requesting a login and does not enter the lesson,i face a problem every time i want to enter a lesson request a login and do not enter the lesson,I face a problem every time I want to enter a lesson requesting a login and does not enter the lesson,en,0.7955154180526733
30807,53528,,4,I loved the application very much. It has a lot of free lessons,i love the application very much. it have a lot of free lesson,I loved the application very much. It has a lot of free lessons,en,0.9723455905914307
30808,53529,,4,"Something beautiful, but payment, why is it like to learn the language","something beautiful, but payment, why be it like to learn the language","Something beautiful, but payment, why is it like to learn the language",en,0.9464872479438782
30809,53530,,5,The best trainer will test you and then design the appropriate lessons,the best trainer will test you and then design the appropriate lesson,The best trainer will test you and then design the appropriate lessons,en,0.7652997374534607
30810,53531,,1,"Forbidden to withdraw from the creed, very large sums","forbidden to withdraw from the creed, very large sum","Forbidden to withdraw from the creed, very large sums",en,0.9901391863822937
30811,53532,,5,An excellent work thanks to the developer and I hope to add a translation to benefit more,an excellent work thanks to the developer and i hope to add a translation to benefit more,An excellent work thanks to the developer and I hope to add a translation to benefit more,en,0.9279182553291321
30812,53533,,5,Program in the end of magnificence and easy to deal with it,program in the end of magnificence and easy to deal with it,Program in the end of magnificence and easy to deal with it,en,0.9463056325912476
30813,53534,,4,"Unfortunately, French does not know, but he knows the pronunciation of English in the best way 😊","unfortunately, french do not know, but he know the pronunciation of english in the best way 😊","Unfortunately, French does not know, but he knows the pronunciation of English in the best way 😊",en,0.9177948832511902
30814,53535,,5,Beautiful program easy to use,beautiful program easy to use,Beautiful program easy to use,en,0.7905278205871582
30815,53536,,2,I want free applications for conversation with an?,i want free application for conversation with an?,I want free applications for conversation with an?,en,0.8875609040260315
30816,53537,,5,"By God the Great, the best application I used to learn the English language","by god the great, the best application i use to learn the english language","By God the Great, the best application I used to learn the English language",en,0.8861186504364014
30817,53538,,5,"A wonderful application in principle, but not all free","a wonderful application in principle, but not all free","A wonderful application in principle, but not all free",en,0.8365893959999084
30818,53539,,5,Very excellent summit of beauty and elegance deserves more than five stars,very excellent summit of beauty and elegance deserves more than five star,Very excellent summit of beauty and elegance deserves more than five stars,en,0.9471985101699829
30819,53540,,5,Interacting with the program is very fun and smooth,interact with the program be very fun and smooth,Interacting with the program is very fun and smooth,en,0.9502615332603455
30820,53541,,5,It helps to develop the language (with the people) I advise you ✌🏻 🙂,it help to develop the language with the people i advise you ✌ 🙂,It helps to develop the language (with the people) I advise you ✌🏻🙂,en,0.9606361389160156
30821,53542,,1,"The application is not free, unfortunate","the application be not free, unfortunate","The application is not free, unfortunate",en,0.7875549793243408
30822,53543,,5,"The application is crazy, and when you make a mistake, the letters tell you that you are mistaken and tell you the proportions that you speak like the people of the language once sweet. I hope that people carry it","the application be crazy, and when you make a mistake, the letter tell you that you be mistaken and tell you the proportion that you speak like the people of the language once sweet. i hope that people carry it","The application is crazy, and when you make a mistake, the letters tell you that you are mistaken and tell you the proportions that you speak like the people of the language once sweet. I hope that people carry it",en,0.9471067786216736
30823,53544,,5,"Nice program, but I am a starter, and I did not understand the program because it was the majority of it in English","nice program, but i be a starter, and i do not understand the program because it be the majority of it in english","Nice program, but I am a starter, and I did not understand the program because it was the majority of it in English",en,0.9000862836837769
30824,53545,,3,"I wrote my mother tongue, which is Arabic. However, all the words in the English application until follows, learn to speak what I know its meaning","i write my mother tongue, which be arabic. however, all the word in the english application until follows, learn to speak what i know it be mean","I wrote my mother tongue, which is Arabic. However, all the words in the English application until follows, learn to speak what I know its meaning",en,0.9638373851776123
30825,53546,,5,"True, I advise anyone who wants to learn a language to download","true, i advise anyone who want to learn a language to download","True, I advise anyone who wants to learn a language to download",en,0.9596109986305237
30826,53547,,1,The Arabic language is 100% non -supported,the arabic language be 100% non -supported,The Arabic language is 100% non -supported,en,0.5339149832725525
30827,53548,,5,The Baga program is a wonderful program. I advise every person who descends and downloads a program that translates,the baga program be a wonderful program. i advise every person who descend and download a program that translate,The Baga program is a wonderful program. I advise every person who descends and downloads a program that translates,en,0.7926340103149414
30829,53550,,5,An excellent application in learning a proper word,an excellent application in learn a proper word,An excellent application in learning a proper word,en,0.8765949606895447
30830,53551,,5,"Many are sweet, but if it is better translated","many be sweet, but if it be well translate","Many are sweet, but if it is better translated",en,0.8312397003173828
30831,53552,,5,"I have not tried it yet, but it is reported that it is beautiful. I hope it will be free","i have not try it yet, but it be report that it be beautiful. i hope it will be free","I have not tried it yet, but it is reported that it is beautiful. I hope it will be free",en,0.9489794969558716
30832,53553,,5,Excellent and good to learn and pronounce,excellent and good to learn and pronounce,Excellent and good to learn and pronounce,en,0.9727660417556763
30833,53555,,5,It develops the language for young people and I recommend his experience,it develop the language for young people and i recommend his experience,It develops the language for young people and I recommend his experience,en,0.9810593128204346
30834,53556,,1,He boasts him and very failed what he deserves,he boast him and very fail what he deserve,He boasts him and very failed what he deserves,en,0.9980014562606812
30835,53557,,1,"If I want to change the language, do what please reply quickly","if i want to change the language, do what please reply quickly","If I want to change the language, do what please reply quickly",en,0.9128745794296265
30836,53558,,4,I will give him four stars until I complete the experience ... but I think it is a program,i will give him four star until i complete the experience. but i think it be a program,I will give him four stars until I complete the experience ... but I think it is a program,en,0.9741058349609375
30837,53559,,1,"VISA has been deducted for the free period of 5 Jordanian dinars. Why is it free how can it be restored, please reply quickly","visa have be deduct for the free period of 5 jordanian dinars. why be it free how can it be restored, please reply quickly","VISA has been deducted for the free period of 5 Jordanian dinars. Why is it free how can it be restored, please reply quickly",en,0.9056758880615234
30838,53560,,2,"Nice program, but it is paid, not free","nice program, but it be paid, not free","Nice program, but it is paid, not free",en,0.8736578822135925
30839,53561,,4,"The app is very excellent, but unfortunately not free","the app be very excellent, but unfortunately not free","The app is very excellent, but unfortunately not free",en,0.9523816108703613
30840,53562,,2,"Unfortunately, it does not support the Arabic language","unfortunately, it do not support the arabic language","Unfortunately, it does not support the Arabic language",en,0.8720654249191284
30841,53563,,5,The best application in the world to teach speech,the best application in the world to teach speech,The best application in the world to teach speech,en,0.9134963750839233
30842,53564,,1,A failed application I do not recommend asking to open the internet and heavy,a failed application i do not recommend ask to open the internet and heavy,A failed application I do not recommend asking to open the internet and heavy,en,0.892615795135498
30843,53565,,5,A very excellent program 👌 achieved great benefit.,a very excellent program 👌 achieve great benefit.,A very excellent program 👌 achieved great benefit.,en,0.9117915034294128
30844,53566,,4,"Sweet, but please open the parts that are not free","sweet, but please open the part that be not free","Sweet, but please open the parts that are not free",en,0.9331027865409851
30845,53567,,5,The best application to learn languages ​​like what you love,the best application to learn language like what you love,The best application to learn languages ​​like what you love,en,0.8826133012771606
30846,53568,,5,A great program. My language has evolved. I thank the designers for this great program,a great program. my language have evolved. i thank the designer for this great program,A great program. My language has evolved. I thank the designers for this great program,en,0.8910043835639954
30847,53569,,5,"Thank you very much for your generous presence for everything beautiful, wonderful and distinguished","thank you very much for your generous presence for everything beautiful, wonderful and distinguish","Thank you very much for your generous presence for everything beautiful, wonderful and distinguished",en,0.9260851144790649
30848,53570,,5,Very beautiful will be happy to pronounce words very well 😍 😍 😍,very beautiful will be happy to pronounce word very well 😍 😍 😍,Very beautiful will be happy to pronounce words very well 😍😍😍,en,0.9831693172454834
30849,53571,,5,Excellent and I hope it is free and easy for everyone,excellent and i hope it be free and easy for everyone,Excellent and I hope it is free and easy for everyone,en,0.9130834341049194
30850,53572,,5,"Very very cool, I advise him to download the program","very very cool, i advise him to download the program","Very very cool, I advise him to download the program",en,0.997326672077179
30851,53573,,5,"This application came down and you will not regret, believe me.","this application come down and you will not regret, believe me.","This application came down and you will not regret, believe me.",en,0.951191782951355
30852,53574,,2,The application is severe and easy to open,the application be severe and easy to open,The application is severe and easy to open,en,0.8980482220649719
30853,53575,,5,I ask you to add an application related to the French language. Do not learn and thank you very much for this beautiful application ♥ ️ 👑,i ask you to add an application relate to the french language. do not learn and thank you very much for this beautiful application ♥ 👑,I ask you to add an application related to the French language. Do not learn and thank you very much for this beautiful application ♥ ️👑,en,0.9439132213592529
30854,53576,,5,"Wonderful, but unfortunately most of the courses are not free and this is unfortunate 😟","wonderful, but unfortunately most of the course be not free and this be unfortunate 😟","Wonderful, but unfortunately most of the courses are not free and this is unfortunate 😟",en,0.9045228958129883
30855,53577,,5,"Good, but we hope that other languages ​​will be added 🌟","good, but we hope that other language will be add 🌟","Good, but we hope that other languages ​​will be added 🌟",en,0.8880731463432312
30856,53578,,4,Apply more than wonderful 💕 I hope you are preparing the language of the program to Arabic,apply more than wonderful 💕 i hope you be prepare the language of the program to arabic,Apply more than wonderful 💕 I hope you are preparing the language of the program to Arabic,en,0.8647350668907166
30857,53579,,5,I recommend it .. very interesting and very interactive I liked and I will recommend friends,i recommend it. very interesting and very interactive i like and i will recommend friend,I recommend it .. very interesting and very interactive I liked and I will recommend friends,en,0.9746055006980896
30858,53580,,5,"Onceever, fun, the application, and my Lord feels all the following learned from the English language comes here, talking to robots. My brother, I felt that I was sitting with a real person. My Lord deserves five stars","onceever, fun, the application, and my lord feel all the follow learn from the english language come here, talk to robots. my brother, i felt that i be sit with a real person. my lord deserve five star","Onceever, fun, the application, and my Lord feels all the following learned from the English language comes here, talking to robots. My brother, I felt that I was sitting with a real person. My Lord deserves five stars",en,0.9332481026649475
30859,53581,,1,Under waiting,under wait,Under waiting,en,0.9632731676101685
30860,53582,,4,Very cool ... but it works on the Internet.,very cool. but it work on the internet.,Very cool ... but it works on the Internet.,en,0.9708762764930725
30861,53583,,4,"The application is a terrible, sweet, but paid, I hope it will be free of charge","the application be a terrible, sweet, but paid, i hope it will be free of charge","The application is a terrible, sweet, but paid, I hope it will be free of charge",en,0.8935248851776123
30862,53584,,4,Excellent to pronounce and hearing,excellent to pronounce and hearing,Excellent to pronounce and hearing,en,0.9557055830955505
30863,53585,,5,"Excellent, I got new, and I did not know a lot of words, but I wish the translation is in front of the words instead of the pictures","excellent, i get new, and i do not know a lot of words, but i wish the translation be in front of the word instead of the picture","Excellent, I got new, and I did not know a lot of words, but I wish the translation is in front of the words instead of the pictures",en,0.9081131815910339
30864,53586,,5,A more wonderful application and very good pronunciation 🔥,a more wonderful application and very good pronunciation 🔥,A more wonderful application and very good pronunciation 🔥,en,0.9071249961853027
30865,53587,,2,It is not suitable for any beginner person; There are no instructions and do not support the Arabic language!?,it be not suitable for any beginner person there be no instruction and do not support the arabic language! ?,It is not suitable for any beginner person; There are no instructions and do not support the Arabic language!?,en,0.7874913215637207
30866,53588,,1,"A very failed application, yes, it is the worst application in the whole world, but in all galaxies, why do you announce it every minute.","a very failed application, yes, it be the bad application in the whole world, but in all galaxies, why do you announce it every minute.","A very failed application, yes, it is the worst application in the whole world, but in all galaxies, why do you announce it every minute.",en,0.9245975017547607
30867,53589,,5,"A very fun application, you must try it, you will not regret it","a very fun application, you must try it, you will not regret it","A very fun application, you must try it, you will not regret it",en,0.9554097056388855
30868,53590,,4,"Excellent, but the subscription price is so much","excellent, but the subscription price be so much","Excellent, but the subscription price is so much",en,0.9018623232841492
30869,53591,,5,Wonderful application to speak the language well,wonderful application to speak the language well,Wonderful application to speak the language well,en,0.9558209180831909
30870,53592,,4,"Very good, but because with money, I will not give him a complete validity. Thank you","very good, but because with money, i will not give him a complete validity. thank you","Very good, but because with money, I will not give him a complete validity. Thank you",en,0.980004608631134
30871,53593,,4,Very excellent and easy to use,very excellent and easy to use,Very excellent and easy to use,en,0.975488543510437
30872,53594,,5,The most accurate program that really improves pronunciation,the most accurate program that really improve pronunciation,The most accurate program that really improves pronunciation,en,0.9489812254905701
30873,53595,,5,I advise everyone to download it very useful,i advise everyone to download it very useful,I advise everyone to download it very useful,en,0.9661109447479248
30874,53596,,5,Very useful and I recommend downloading the program,very useful and i recommend download the program,Very useful and I recommend downloading the program,en,0.9196630716323853
30875,53597,,5,God is the most beautiful application,god be the most beautiful application,God is the most beautiful application,en,0.7573550939559937
30876,53598,,5,A useful application in pronunciation and suitable for all ages,a useful application in pronunciation and suitable for all age,A useful application in pronunciation and suitable for all ages,en,0.8801578283309937
30877,53599,,5,"Great crazy and more than wonderful, but you must be the lowest known as the basics","great crazy and more than wonderful, but you must be the low know as the basic","Great crazy and more than wonderful, but you must be the lowest known as the basics",en,0.9813441634178162
30878,53601,,5,Deficient and educational application for the farthest limits,deficient and educational application for the farthest limit,Deficient and educational application for the farthest limits,en,0.829573929309845
30879,53602,,5,"Very excellent, I recommend learning in tests","very excellent, i recommend learn in test","Very excellent, I recommend learning in tests",en,0.9422299861907959
30880,53603,,1,"I do not advise me any beginner, because it is not an Arabic language, and every thing is in me","i do not advise me any beginner, because it be not an arabic language, and every thing be in me","I do not advise me any beginner, because it is not an Arabic language, and every thing is in me",en,0.8507710695266724
30881,53604,,5,The application is more than wonderful and fast learning,the application be more than wonderful and fast learning,The application is more than wonderful and fast learning,en,0.915300190448761
30882,53605,,5,A wonderful beautiful application that makes you talk without mistakes 😍 😍 by its divorce,a wonderful beautiful application that make you talk without mistake 😍 😍 by it be divorce,A wonderful beautiful application that makes you talk without mistakes 😍😍 by its divorce,en,0.9568716883659363
30883,53606,,5,More than great application to improve your English language,more than great application to improve your english language,More than great application to improve your English language,en,0.9171280264854431
30884,53607,,1,"By God, the worst application is surprising from his fame ... Everything is paid.","by god, the bad application be surprise from his fame. everything be paid.","By God, the worst application is surprising from his fame ... Everything is paid.",en,0.9746327996253967
30885,53608,,1,A very bad application and it is not recommended to use it,a very bad application and it be not recommend to use it,A very bad application and it is not recommended to use it,en,0.9452190399169922
30886,53609,,5,"The app is very cool, but I wish it is all free","the app be very cool, but i wish it be all free","The app is very cool, but I wish it is all free",en,0.9234670996665955
30887,53610,,3,"Excellent, but it needs to be modified","excellent, but it need to be modify","Excellent, but it needs to be modified",en,0.8998188972473145
30888,53611,,5,"Amazing, but subscription prices are somewhat high","amazing, but subscription price be somewhat high","Amazing, but subscription prices are somewhat high",en,0.8821220397949219
30889,53612,,5,"By God, it is beautiful, but it is not like in the announcement, appreciation with a number, not in words","by god, it be beautiful, but it be not like in the announcement, appreciation with a number, not in word","By God, it is beautiful, but it is not like in the announcement, appreciation with a number, not in words",en,0.9498403072357178
30890,53613,,1,"It is supposed to be free at first glance, and then my optional subscription is not in this compulsory way","it be suppose to be free at first glance, and then my optional subscription be not in this compulsory way","It is supposed to be free at first glance, and then my optional subscription is not in this compulsory way",en,0.7799637317657471
30891,53614,,5,Apply more than wonderful and everyone will benefit from it,apply more than wonderful and everyone will benefit from it,Apply more than wonderful and everyone will benefit from it,en,0.9512982368469238
30892,53615,,5,"The program is more than wonderful, try and you will not regret it is more than five stars","the program be more than wonderful, try and you will not regret it be more than five star","The program is more than wonderful, try and you will not regret it is more than five stars",en,0.930767834186554
30893,53616,,5,"Indeed, this is the best application for learning the English language","indeed, this be the best application for learn the english language","Indeed, this is the best application for learning the English language",en,0.8107380867004395
30894,53617,,1,"Bad, although I am an Arab, but there is no Arab in it and ask me in English if I know Angech, why to carry your program","bad, although i be an arab, but there be no arab in it and ask me in english if i know angech, why to carry your program","Bad, although I am an Arab, but there is no Arab in it and ask me in English if I know Angech, why to carry your program",en,0.9064183831214905
30895,53618,,5,"The program was successful, but can anyone make it in the Arabic language so that we know we learn, I am not a starter, please advise","the program be successful, but can anyone make it in the arabic language so that we know we learn, i be not a starter, please advise","The program was successful, but can anyone make it in the Arabic language so that we know we learn, I am not a starter, please advise",en,0.9400675296783447
30896,53619,,4,Very beautiful and can be used,very beautiful and can be use,Very beautiful and can be used,en,0.9657316207885742
30897,53620,,5,An excellent app helps you talk,an excellent app help you talk,An excellent app helps you talk,en,0.9759469628334045
30898,53622,,5,And my Lord is a beautiful and useful application in every sense of the word,and my lord be a beautiful and useful application in every sense of the word,And my Lord is a beautiful and useful application in every sense of the word,en,0.8888935446739197
30899,53623,,4,The program so far is very excellent. I advise you to try it,the program so far be very excellent. i advise you to try it,The program so far is very excellent. I advise you to try it,en,0.9354575872421265
30900,53624,,5,"The application is sweet, but in the problem of that the application is sweet in addition to the necessary 🎀 🦫 ✨ 💗 💗","the application be sweet, but in the problem of that the application be sweet in addition to the necessary 🎀 🦫 ✨ 💗 💗","The application is sweet, but in the problem of that the application is sweet in addition to the necessary 🎀🦫✨💗💗",en,0.9365655779838562
30901,53625,,5,Excellent for all levels,excellent for all level,Excellent for all levels,en,0.8339093923568726
30902,53626,,2,It does not support the Arabic language,it do not support the arabic language,It does not support the Arabic language,en,0.8257099986076355
30903,53627,,5,"A very wonderful and useful program, I benefited from it","a very wonderful and useful program, i benefit from it","A very wonderful and useful program, I benefited from it",en,0.925586462020874
30904,53628,,5,App is a masterpiece hard and I advise everyone to download it,app be a masterpiece hard and i advise everyone to download it,App is a masterpiece hard and I advise everyone to download it,en,0.9195030331611633
30905,53629,,2,"My friend, the accent takes a long time and it is not worthy. In the end, they will understand you because they know the speaker, not English, so there is no need for the complexity of our good, and these are two stars, so you can't be upset","my friend, the accent take a long time and it be not worthy. in the end, they will understand you because they know the speaker, not english, so there be no need for the complexity of our good, and these be two stars, so you cannot be upset","My friend, the accent takes a long time and it is not worthy. In the end, they will understand you because they know the speaker, not English, so there is no need for the complexity of our good, and these are two stars, so you can't be upset",en,0.932876706123352
30906,53630,,5,Very beautiful and benefits in many works,very beautiful and benefit in many work,Very beautiful and benefits in many works,en,0.9930098652839661
30907,53631,,5,"The game taught me how to prejudice the English in a way you die, you deserve five stars and more","the game teach me how to prejudice the english in a way you die, you deserve five star and more","The game taught me how to prejudice the English in a way you die, you deserve five stars and more",en,0.903718888759613
30908,53632,,4,"A useful, wonderful and enjoyable program","a useful, wonderful and enjoyable program","A useful, wonderful and enjoyable program",en,0.8511635065078735
30909,53633,,2,"A good application, but it is on the Internet. I hope that you will stop making applications that need the Internet. If we want to pay the money, we will go to educational courses instead of spending it on the Internet","a good application, but it be on the internet. i hope that you will stop making application that need the internet. if we want to pay the money, we will go to educational course instead of spend it on the internet","A good application, but it is on the Internet. I hope that you will stop making applications that need the Internet. If we want to pay the money, we will go to educational courses instead of spending it on the Internet",en,0.9171530604362488
30910,53634,,5,He teaches you to pronounce sounds and determines your weaknesses via a test,he teach you to pronounce sound and determines your weakness via a test,He teaches you to pronounce sounds and determines your weaknesses via a test,en,0.936366081237793
30911,53635,,2,"The application is very beautiful .. But I wish you have features for me, you have no paid subscription","the application be very beautiful. but i wish you have feature for me, you have no pay subscription","The application is very beautiful .. But I wish you have features for me, you have no paid subscription",en,0.9686257839202881
30912,53636,,5,"The application Wow, but the words are never explained in Arabic","the application wow, but the word be never explain in arabic","The application Wow, but the words are never explained in Arabic",en,0.8857072591781616
30913,53637,,5,A very wonderful and beauty program,a very wonderful and beauty program,A very wonderful and beauty program,en,0.940122127532959
30914,53638,,5,Very beautiful and motivating you can learn the language easily,very beautiful and motivate you can learn the language easily,Very beautiful and motivating you can learn the language easily,en,0.9440965056419373
30915,53639,,1,"Some disgusting, all the applications are deleted to me","some disgusting, all the application be delete to me","Some disgusting, all the applications are deleted to me",en,0.979542076587677
30916,53640,,4,It is possible to add a translation of the Arabic language for beginners,it be possible to add a translation of the arabic language for beginner,It is possible to add a translation of the Arabic language for beginners,en,0.7713909149169922
30917,53641,,5,An excellent program that improves your dissolution with distinction,an excellent program that improve your dissolution with distinction,An excellent program that improves your dissolution with distinction,en,0.8888064026832581
30918,53642,,1,"Of course, unfortunately, this comment is a lot important because it is the application of the application for the Zionist entity, and many of us do not know its star, it is lost in it.","of course, unfortunately, this comment be a lot important because it be the application of the application for the zionist entity, and many of u do not know it be star, it be lose in it.","Of course, unfortunately, this comment is a lot important because it is the application of the application for the Zionist entity, and many of us do not know its star, it is lost in it.",en,0.9479191303253174
30919,53643,,4,"Wonderful program, but I hope to add the Batteric dialect as well","wonderful program, but i hope to add the batteric dialect as well","Wonderful program, but I hope to add the Batteric dialect as well",en,0.9520454406738281
30921,53645,,5,Good to improve speech,good to improve speech,Good to improve speech,en,0.9368540644645691
30922,53646,,5,"Beautiful, but a specific stage, and the rest is not free","beautiful, but a specific stage, and the rest be not free","Beautiful, but a specific stage, and the rest is not free",en,0.8342640399932861
30923,53647,,5,"I did a quarterly subscription and love to cancel the card data from the Parkion, and when I need to subscribe, I will enter the data again because I made the subscription to a phone for another person and I do not know that the purchasing card card is removed","i do a quarterly subscription and love to cancel the card data from the parkion, and when i need to subscribe, i will enter the data again because i make the subscription to a phone for another person and i do not know that the purchase card card be remove","I did a quarterly subscription and love to cancel the card data from the Parkion, and when I need to subscribe, I will enter the data again because I made the subscription to a phone for another person and I do not know that the purchasing card card is removed",en,0.8672648668289185
30924,53648,,1,It is necessary to translate the sentences,it be necessary to translate the sentence,It is necessary to translate the sentences,en,0.5444851517677307
30925,53649,,5,Very cool would like it without subscription,very cool would like it without subscription,Very cool would like it without subscription,en,0.9880712628364563
30926,53650,,4,There is a sweet and different need from the rest of the Apps for this topic.,there be a sweet and different need from the rest of the apps for this topic.,There is a sweet and different need from the rest of the Apps for this topic.,en,0.922773003578186
30927,53651,,5,Wonderful and free part,wonderful and free part,Wonderful and free part,en,0.7348088622093201
30928,53652,,5,The best program to improve points,the best program to improve point,The best program to improve points,en,0.7788697481155396
30929,53653,,5,"Kalash is sweet, and God knows Zain, but there is no translation, this is the problem","kalash be sweet, and god know zain, but there be no translation, this be the problem","Kalash is sweet, and God knows Zain, but there is no translation, this is the problem",en,0.8504579663276672
30930,53654,,5,"Seriously, very beautiful, I seriously take advantage of a study and learn","seriously, very beautiful, i seriously take advantage of a study and learn","Seriously, very beautiful, I seriously take advantage of a study and learn",en,0.9805823564529419
30931,53655,,5,"Wonderful program, but if it is free","wonderful program, but if it be free","Wonderful program, but if it is free",en,0.5072830319404602
30932,53656,,5,"Very cool, comfortable and easy to learn it really","very cool, comfortable and easy to learn it really","Very cool, comfortable and easy to learn it really",en,0.991767168045044
30933,53657,,2,Please provide the installation in Arabic 🖐🏻🇹🇷 🛫,please provide the installation in arabic 🖐 🛫,Please provide the installation in Arabic 🖐🏻🇹🇷🛫,en,0.8607637882232666
30934,53658,,5,Excellent application for English 👍 👍,excellent application for english 👍 👍,Excellent application for English 👍👍,en,0.823738157749176
30935,53659,,5,excellent. The program is great and deserves five stars.,excellent. the program be great and deserve five stars.,excellent. The program is great and deserves five stars.,en,0.9137623310089111
30936,53660,,4,Simple and easy to everyone,simple and easy to everyone,Simple and easy to everyone,en,0.9165052175521851
30937,53661,,4,"Wonderful, but it has not yet reached the perfect.","wonderful, but it have not yet reach the perfect.","Wonderful, but it has not yet reached the perfect.",en,0.9656946659088135
30938,53662,,4,"A good application, but sometimes it records some words","a good application, but sometimes it record some word","A good application, but sometimes it records some words",en,0.9468979239463806
30939,53663,,4,Please provide a translation into Arabic,please provide a translation into arabic,Please provide a translation into Arabic,en,0.9253274202346802
30940,53664,,5,The method is excellent and the style is great,the method be excellent and the style be great,The method is excellent and the style is great,en,0.8295276761054993
30941,53665,,5,"Frankly, mystery is a mighty work of the application makers, I still try it. I hope to succeed","frankly, mystery be a mighty work of the application makers, i still try it. i hope to succeed","Frankly, mystery is a mighty work of the application makers, I still try it. I hope to succeed",en,0.9268922805786133
30942,53666,,4,It needs Arabic,it need arabic,It needs Arabic,en,0.9031679034233093
30943,53667,,5,Very beautiful knows the utterance quickly,very beautiful know the utterance quickly,Very beautiful knows the utterance quickly,en,0.959226667881012
30944,53668,,5,"Wonderful program, very beautiful, very and useful","wonderful program, very beautiful, very and useful","Wonderful program, very beautiful, very and useful",en,0.954081654548645
30945,53669,,5,Very excellent application I recommend downloading it,very excellent application i recommend download it,Very excellent application I recommend downloading it,en,0.926274299621582
30946,53670,,5,A very beautiful and useful program I loved ❤️,a very beautiful and useful program i love ❤,A very beautiful and useful program I loved ❤️,en,0.8788737058639526
30947,53671,,5,Very cool thanks for the great effort and application 💫 💫 🥰,very cool thanks for the great effort and application 💫 💫 🥰,Very cool thanks for the great effort and application 💫💫🥰,en,0.9673281908035278
30948,53672,,1,Good - but it does not work without the Internet,good - but it do not work without the internet,Good - but it does not work without the Internet,en,0.7946714162826538
30949,53673,,5,"The program is very, very useful","the program be very, very useful","The program is very, very useful",en,0.9199186563491821
30950,53674,,3,Excellent and useful program,excellent and useful program,Excellent and useful program,en,0.8352631330490112
30951,53675,,5,It is a beautiful application to learn the English language,it be a beautiful application to learn the english language,It is a beautiful application to learn the English language,en,0.8473277688026428
30952,53676,,3,"Under the experience, but to some extent good","under the experience, but to some extent good","Under the experience, but to some extent good",en,0.958662211894989
30953,53677,,1,This application is beautiful with English learning from scratch to a very sweet professionalism,this application be beautiful with english learn from scratch to a very sweet professionalism,This application is beautiful with English learning from scratch to a very sweet professionalism,en,0.9188992977142334
30954,53678,,5,Good app helps you learn words,good app help you learn word,Good app helps you learn words,en,0.9104223251342773
30955,53679,,5,Very good to strengthen the pronunciation,very good to strengthen the pronunciation,Very good to strengthen the pronunciation,en,0.9349638819694519
30956,53680,,5,The best application in terms of learning to read,the best application in term of learn to read,The best application in terms of learning to read,en,0.9734485149383545
30957,53681,,3,I am looking for the German language and I did not find,i be look for the german language and i do not find,I am looking for the German language and I did not find,en,0.8746926188468933
30958,53682,,4,"It is wonderful, but I have the question of the amount that is paid after the experimental deadline. Is it a year or a month?","it be wonderful, but i have the question of the amount that be pay after the experimental deadline. be it a year or a month?","It is wonderful, but I have the question of the amount that is paid after the experimental deadline. Is it a year or a month?",en,0.9283650517463684
30959,53683,,1,"The application is good, but by payment, unfortunately","the application be good, but by payment, unfortunately","The application is good, but by payment, unfortunately",en,0.9817938208580017
30960,53684,,5,Excellent and wonderful and high creativity,excellent and wonderful and high creativity,Excellent and wonderful and high creativity,en,0.8843651413917542
30961,53685,,5,Very terrible to develop speech,very terrible to develop speech,Very terrible to develop speech,en,0.9806092381477356
30962,53686,,5,"Sweet, and there is no good","sweet, and there be no good","Sweet, and there is no good",en,0.9444080591201782
30963,53687,,5,"Wow, the best program to learn English recently discovered 💗 💗 💗","wow, the best program to learn english recently discover 💗 💗 💗","Wow, the best program to learn English recently discovered 💗💗💗",en,0.8460276126861572
30964,53688,,4,Excellent to develop speaking skill,excellent to develop speaking skill,Excellent to develop speaking skill,en,0.93751460313797
30965,53689,,4,An excellent application for those who love to develop its language,an excellent application for those who love to develop it be language,An excellent application for those who love to develop its language,en,0.9085748195648193
30966,53690,,5,"Congratulations for a very nice application, but it needs a strong internet network","congratulation for a very nice application, but it need a strong internet network","Congratulations for a very nice application, but it needs a strong internet network",en,0.9145349264144897
30967,53691,,4,Wonderful program to learn to speak ..,wonderful program to learn to speak.,Wonderful program to learn to speak ..,en,0.9507867693901062
30968,53692,,5,"The program is very, very very, thanks","the program be very, very very, thanks","The program is very, very very, thanks",en,0.9676284790039062
30969,53693,,5,A very very very Zion program,a very very very zion program,A very very very Zion program,en,0.9979361891746521
30970,53694,,5,Nice app to learn languages,nice app to learn language,Nice app to learn languages,en,0.9354531168937683
30971,53695,,5,"A useful program to strengthen the word, thanks to those in charge of the program","a useful program to strengthen the word, thanks to those in charge of the program","A useful program to strengthen the word, thanks to those in charge of the program",en,0.9421577453613281
30972,53696,,5,"More than wonderful 👏 ✊ 👍, I recommend it and strongly.","more than wonderful 👏 ✊ 👍, i recommend it and strongly.","More than wonderful 👏✊👍, I recommend it and strongly.",en,0.932688295841217
30973,53697,,5,Wonderful I wish it was without fees .... because it's perfect,wonderful i wish it be without fees. because it be perfect,Wonderful I wish it was without fees .... because it's perfect,en,0.6499224305152893
30974,53698,,1,"It is not worth more than the star of the application, any pronunciation of the right, right, try for yourself, and you know the application is not good","it be not worth more than the star of the application, any pronunciation of the right, right, try for yourself, and you know the application be not good","It is not worth more than the star of the application, any pronunciation of the right, right, try for yourself, and you know the application is not good",en,0.9208399057388306
30975,53699,,5,"Mm very much, I recommend a download","mm very much, i recommend a download","Mmmmmm very much, I recommend a download",en,0.8912798166275024
30976,53700,,5,Devils the best application 😫 with a people !!!!!!!!!!!!!!!!!!!!!!!!!!!!!!!!!!!!!!!!!!!!!!!!!!!!!!!!!!!!!!!!!!! !!!!!!!!!!!!!!!!!!!!!!!!!!!!!!!!!!!!!!!!!!!!!!!!!!!!!!!!!!!!!!!!!!! !!!!!!!!!!!!!!!!!!!!!!!!!!!!!!!!!!!!!!!!!!!!!!!!!!!!!!!!!!!!!!!!!!! !!!!!!!!!!!!!!!!!!!!!!!!!!!!!!!!!!!!!!!!!!!!!!!!!!!!!!!!!!!!!!!!! 😂 😭,devil the best application 😫 with a people! ! ! ! 😂 😭,Devils the best application 😫 with a people !!!!!!!!!!!!!!!!!!!!!!!!!!!!!!!!!!!!!!!!!!!!!!!!!!!!!!!!!!!!!!!!!!! !!!!!!!!!!!!!!!!!!!!!!!!!!!!!!!!!!!!!!!!!!!!!!!!!!!!!!!!!!!!!!!!!!! !!!!!!!!!!!!!!!!!!!!!!!!!!!!!!!!!!!!!!!!!!!!!!!!!!!!!!!!!!!!!!!!!!! !!!!!!!!!!!!!!!!!!!!!!!!!!!!!!!!!!!!!!!!!!!!!!!!!!!!!!!!!!!!!!!!! 😂😭,en,0.7844078540802002
30977,53701,,1,"Founded with water, what supports Arabic and Lomafi is a better star","found with water, what support arabic and lomafi be a good star","Founded with water, what supports Arabic and Lomafi is a better star",en,0.9422692060470581
30978,53702,,2,I do not want to pay and there are only very few things without payment 😪,i do not want to pay and there be only very few thing without payment 😪,I do not want to pay and there are only very few things without payment 😪,en,0.9852184653282166
30979,53703,,5,Very fun program to learn,very fun program to learn,Very fun program to learn,en,0.9811837077140808
30980,53704,,5,Very beautiful and useful,very beautiful and useful,Very beautiful and useful,en,0.9547873735427856
30981,53705,,3,Why is the application not available in Arabic? And why is there no translation of the videos to understand the words?,why be the application not available in arabic? and why be there no translation of the video to understand the words?,Why is the application not available in Arabic? And why is there no translation of the videos to understand the words?,en,0.9350574612617493
30982,53706,,4,"Hi, I have the application to teach foreign language, can I learn the Dutch language too?","hi, i have the application to teach foreign language, can i learn the dutch language too?","Hi, I have the application to teach foreign language, can I learn the Dutch language too?",en,0.9450382590293884
30983,53707,,5,It is a very good application that deserves more than five stars. It is very cool,it be a very good application that deserve more than five stars. it be very cool,It is a very good application that deserves more than five stars. It is very cool,en,0.9807649254798889
30984,53708,,3,A wonderful initiative to learn the language,a wonderful initiative to learn the language,A wonderful initiative to learn the language,en,0.8120846748352051
30985,53709,,4,It does not support Arabic but it is very smart,it do not support arabic but it be very smart,It does not support Arabic but it is very smart,en,0.9490607976913452
30986,53710,,2,Under experience but good as a start,under experience but good as a start,Under experience but good as a start,en,0.990068256855011
30987,53711,,3,Why can I not convert the language and do he supports French learning,why can i not convert the language and do he support french learning,Why can I not convert the language and do he supports French learning,en,0.9026538729667664
30988,53712,,3,One of the most beautiful applications to learn,one of the most beautiful application to learn,One of the most beautiful applications to learn,en,0.9412187337875366
30989,53713,,5,"You feel like a real person who was very relaxed by speaking with her, my brother","you feel like a real person who be very relaxed by speak with her, my brother","You feel like a real person who was very relaxed by speaking with her, my brother",en,0.9930793642997742
30990,53714,,1,This application when it works for a long time and that makes me angry,this application when it work for a long time and that make me angry,This application when it works for a long time and that makes me angry,en,0.9068237543106079
30991,53715,,5,It is really a great and very useful application 🥰 💯 👌🏻,it be really a great and very useful application 🥰 💯 👌,It is really a great and very useful application 🥰💯👌🏻,en,0.96034836769104
30992,53716,,5,If in a dictionary for words it will be better,if in a dictionary for word it will be good,If in a dictionary for words it will be better,en,0.6943063735961914
30993,53717,,1,The best learning programs for free. I tried them like (The American Angesh).,the best learning program for free. i try them like the american angesh .,The best learning programs for free. I tried them like (The American Angesh).,en,0.9266022443771362
30994,53718,,5,I advise people to use and a strong program,i advise people to use and a strong program,I advise people to use and a strong program,en,0.9555689692497253
30995,53719,,5,Very cool it's a masterpiece application,very cool it be a masterpiece application,Very cool it's a masterpiece application,en,0.8952592015266418
30996,53720,,5,"I am constantly intended to talk to the conversations, but with a program to decipher it, I will not talk to the ordinary people, your prayers","i be constantly intend to talk to the conversations, but with a program to decipher it, i will not talk to the ordinary people, your prayer","I am constantly intended to talk to the conversations, but with a program to decipher it, I will not talk to the ordinary people, your prayers",en,0.9805335998535156
30997,53721,,5,"I don't know if the application was good or not, but I hope it is free because I cannot pay","i do not know if the application be good or not, but i hope it be free because i cannot pay","I don't know if the application was good or not, but I hope it is free because I cannot pay",en,0.8602219223976135
30998,53722,,5,"Very excellent, I recommend using it","very excellent, i recommend use it","Very excellent, I recommend using it",en,0.9119352102279663
30999,53723,,3,There is no translation of the Arabic language,there be no translation of the arabic language,There is no translation of the Arabic language,en,0.8174746632575989
31000,53724,,5,"Very nice, but you do not write the meanings of words","very nice, but you do not write the meaning of word","Very nice, but you do not write the meanings of words",en,0.9793237447738647
31001,53725,,1,"The program does not want me to give me words, I can tell me, but I don't know what it means","the program do not want me to give me words, i can tell me, but i do not know what it mean","The program does not want me to give me words, I can tell me, but I don't know what it means",en,0.9566161632537842
31002,53726,,5,"Wonderful application, but we want it free","wonderful application, but we want it free","Wonderful application, but we want it free",en,0.8965300917625427
31003,53727,,1,"With a subscription and fatigue and without benefit, they do not lose it","with a subscription and fatigue and without benefit, they do not lose it","With a subscription and fatigue and without benefit, they do not lose it",en,0.9159298539161682
31004,53728,,5,The best English teaching app,the best english teaching app,The best English teaching app,en,0.852454423904419
31005,53729,,5,Beautiful and encourage to study,beautiful and encourage to study,Beautiful and encourage to study,en,0.8769040107727051
31006,53730,,1,Good but intended training,good but intend training,Good but intended training,en,0.9689047336578369
31007,53731,,5,Wonderful program for all language lovers,wonderful program for all language lover,Wonderful program for all language lovers,en,0.6776041388511658
31008,53732,,5,Very excellent and very wonderful application,very excellent and very wonderful application,Very excellent and very wonderful application,en,0.9801591634750366
31009,53733,,5,"Mint, but if it was better, it was better, 😁","mint, but if it be better, it be better, 😁","Mint, but if it was better, it was better, 😁",en,0.6701775789260864
31010,53734,,1,"Subscribe. Secondly, any program that supports the Arab we do not recognize.","subscribe. secondly, any program that support the arab we do not recognize.","Subscribe. Secondly, any program that supports the Arab we do not recognize.",en,0.8745759129524231
31011,53735,,5,"God willing, a very wonderful and useful program","god willing, a very wonderful and useful program","God willing, a very wonderful and useful program",en,0.865338921546936
31012,53736,,1,"A wonderful and really useful program that's what I was looking for, thanks","a wonderful and really useful program that be what i be look for, thanks","A wonderful and really useful program that's what I was looking for, thanks",en,0.9216368198394775
31013,53737,,5,Very cool and not free,very cool and not free,Very cool and not free,en,0.9721869826316833
31014,53738,,5,"A beautiful application to teach the softness, and God is an application and a verb to improve your lab","a beautiful application to teach the softness, and god be an application and a verb to improve your lab","A beautiful application to teach the softness, and God is an application and a verb to improve your lab",en,0.9240296483039856
31015,53739,,4,"Distinguished application, but it needs continuity ☺️ ☺️","distinguish application, but it need continuity ☺ ☺","Distinguished application, but it needs continuity☺️☺️",en,0.9067977666854858
31016,53740,,5,"A beautiful program, I thank those who designed it","a beautiful program, i thank those who design it","A beautiful program, I thank those who designed it",en,0.8782473802566528
31017,53741,,5,"I liked it very much, but his problem is that it is not free","i like it very much, but his problem be that it be not free","I liked it very much, but his problem is that it is not free",en,0.9944072365760803
31018,53742,,3,How do you speak English?,how do you speak english?,How do you speak English?,en,0.9514005184173584
31019,53743,,5,Woow it the best is the best program in the whole world,woow it the best be the best program in the whole world,Woow it the best is the best program in the whole world,en,0.6786231398582458
31020,53744,,2,"His idea once is beautiful and used it and like this, but his problem is the dial dialogue that and that you cannot complete the lesson, for example, peace","his idea once be beautiful and use it and like this, but his problem be the dial dialogue that and that you cannot complete the lesson, for example, peace","His idea once is beautiful and used it and like this, but his problem is the dial dialogue that and that you cannot complete the lesson, for example, peace",en,0.9807238578796387
31021,53745,,5,"Sweet, but it needs an Arab clarification ❣ 💞","sweet, but it need an arab clarification ❣ 💞","Sweet, but it needs an Arab clarification ❣💞",en,0.9065967798233032
31022,53746,,5,Great and reliable application 🥰 🎉 ❤️,great and reliable application 🥰 🎉 ❤,Great and reliable application 🥰🎉❤️,en,0.96370929479599
31023,53747,,5,"Excellent this application, but if I want to open the rest of the lessons, how do I own MasterCard and I have no PayPal account","excellent this application, but if i want to open the rest of the lessons, how do i own mastercard and i have no paypal account","Excellent this application, but if I want to open the rest of the lessons, how do I own MasterCard and I have no PayPal account",en,0.8878880143165588
31024,53748,,5,"Very nice, and the sweetest is that it evaluates your level, your lineage, and you do your plan","very nice, and the sweetest be that it evaluate your level, your lineage, and you do your plan","Very nice, and the sweetest is that it evaluates your level, your lineage, and you do your plan",en,0.9528586864471436
31025,53749,,5,Wonderful .. I wish it would be completely free,wonderful. i wish it would be completely free,Wonderful .. I wish it would be completely free,en,0.9778538346290588
31027,53751,,5,"The greatness of this program, but I advise you","the greatness of this program, but i advise you","The greatness of this program, but I advise you",en,0.9601049423217773
31028,53752,,5,Wonderfulness of the most beautiful vry good application,wonderfulness of the most beautiful vry good application,Wonderfulness of the most beautiful vry good application,en,0.8716953992843628
31029,53753,,5,"Good application, and I wished it was free","good application, and i wish it be free","Good application, and I wished it was free",en,0.7836542129516602
31030,53754,,5,A very wonderful program I loved a lot,a very wonderful program i love a lot,A very wonderful program I loved a lot,en,0.904714822769165
31031,53755,,4,I recommend it because it teaches you the correct pronunciation,i recommend it because it teach you the correct pronunciation,I recommend it because it teaches you the correct pronunciation,en,0.8666496872901917
31032,53756,,4,Very nice and gives you the space to learn,very nice and give you the space to learn,Very nice and gives you the space to learn,en,0.986213207244873
31033,53757,,5,Excellent and more progress,excellent and more progress,Excellent and more progress,en,0.8795719146728516
31034,53758,,5,I hope to add the Arabic language,i hope to add the arabic language,I hope to add the Arabic language,en,0.7261945009231567
31035,53759,,3,"Beautiful, but there is no Arabic translation","beautiful, but there be no arabic translation","Beautiful, but there is no Arabic translation",en,0.8447278738021851
31036,53760,,5,It is useful to learn,it be useful to learn,It is useful to learn,en,0.8114348649978638
31037,53761,,5,More than wonderful and distinctive program,more than wonderful and distinctive program,More than wonderful and distinctive program,en,0.9173722863197327
31039,53763,,5,The first day of experience is excellent yet,the first day of experience be excellent yet,The first day of experience is excellent yet,en,0.8649953603744507
31040,53764,,5,The application is beautiful and nice and benefiting from it a lot,the application be beautiful and nice and benefit from it a lot,The application is beautiful and nice and benefiting from it a lot,en,0.9513463377952576
31041,53765,,5,"Excellent, but it is supposed to time for the final","excellent, but it be suppose to time for the final","Excellent, but it is supposed to time for the final",en,0.9405316114425659
31042,53766,,5,"More than wonderful, I advise everyone to try it","more than wonderful, i advise everyone to try it","More than wonderful, I advise everyone to try it",en,0.9767538905143738
31043,53767,,1,"Why is there not the Arabic language, is it not important?","why be there not the arabic language, be it not important?","Why is there not the Arabic language, is it not important?",en,0.7739938497543335
31044,53768,,5,Is there teaching the Dutch language as in propaganda?,be there teach the dutch language as in propaganda?,Is there teaching the Dutch language as in propaganda?,en,0.9523953795433044
31045,53769,,5,"Very excellent, I advise you to download it","very excellent, i advise you to download it","Very excellent, I advise you to download it",en,0.9727235436439514
31046,53770,,5,"Thank you, God willing","thank you, god willing","Thank you, God willing",en,0.6763374209403992
31047,53771,,5,More than really wonderful program,more than really wonderful program,More than really wonderful program,en,0.9709859490394592
31048,53772,,5,Very nice application I recommend people,very nice application i recommend people,Very nice application I recommend people,en,0.968720555305481
31049,53773,,5,Excellent but not free,excellent but not free,Excellent but not free,en,0.8490378260612488
31050,53774,,5,"The most beautiful application to teach the English language to advise you girls, I am Rimas, I am 11 years old","the most beautiful application to teach the english language to advise you girls, i be rimas, i be 11 year old","The most beautiful application to teach the English language to advise you girls, I am Rimas, I am 11 years old",en,0.8471670150756836
31051,53775,,5,"A very, very delicious program","a very, very delicious program","A very, very delicious program",en,0.9445052146911621
31052,53776,,3,"Sweet, but not a lot, I mean, I have tried 😀","sweet, but not a lot, i mean, i have try 😀","Sweet, but not a lot, I mean, I have tried 😀",en,0.9862343668937683
31053,53778,,5,Very cool application I recommend tolerance,very cool application i recommend tolerance,Very cool application I recommend tolerance,en,0.8714083433151245
31054,53779,,5,It is very beautiful and the conversation is fun,it be very beautiful and the conversation be fun,It is very beautiful and the conversation is fun,en,0.894772469997406
31055,53780,,5,"It helps you if you want to learn the cause, not in the book, the cause in us","it help you if you want to learn the cause, not in the book, the cause in u","It helps you if you want to learn the cause, not in the book, the cause in us",en,0.9549707174301147
31056,53781,,4,"I wanted to participate in the elsa community and chose Telegram, but I was rejected from the channel after just 60 seconds, why?","i want to participate in the elsa community and choose telegram, but i be reject from the channel after just 60 seconds, why?","I wanted to participate in the elsa community and chose Telegram, but I was rejected from the channel after just 60 seconds, why?",en,0.9403771162033081
31057,53782,,5,"Very very cool, I advise you to download this app ❤ ❤ ❤","very very cool, i advise you to download this app ❤ ❤ ❤","Very very cool, I advise you to download this app ❤❤❤",en,0.9918445348739624
31058,53783,,1,I was wiped to support homosexuals and violate instinct.,i be wipe to support homosexual and violate instinct.,I was wiped to support homosexuals and violate instinct.,en,0.9011633396148682
31059,53785,,5,A wonderful application that makes you in a real conversation,a wonderful application that make you in a real conversation,A wonderful application that makes you in a real conversation,en,0.9020463824272156
31060,53786,,3,A good and good application for learning,a good and good application for learn,A good and good application for learning,en,0.9521893858909607
31061,53787,,1,"Sorry why I cannot install this application, please correct the mistake","sorry why i cannot install this application, please correct the mistake","Sorry why I cannot install this application, please correct the mistake",en,0.8808484673500061
31062,53788,,5,This application is very useful for beginners and others,this application be very useful for beginner and others,This application is very useful for beginners and others,en,0.930099368095398
31063,53789,,5,The learning site is very good,the learning site be very good,The learning site is very good,en,0.9590896964073181
31064,53790,,5,"Beautiful, but I wish it was free","beautiful, but i wish it be free","Beautiful, but I wish it was free",en,0.6254744529724121
31065,53791,,5,The application is very wonderful and deserves more than five stars,the application be very wonderful and deserve more than five star,The application is very wonderful and deserves more than five stars,en,0.9472503662109375
31066,53792,,5,"Wonderful program, would like it to be free","wonderful program, would like it to be free","Wonderful program, would like it to be free",en,0.9735433459281921
31067,53793,,5,"The program is a sweet Kalash, but he wants to pay money","the program be a sweet kalash, but he want to pay money","The program is a sweet Kalash, but he wants to pay money",en,0.9413670301437378
31068,53794,,5,Very beautiful and wonderful,very beautiful and wonderful,Very beautiful and wonderful,en,0.9517447352409363
31069,53795,,5,The program is good but paid,the program be good but pay,The program is good but paid,en,0.9490408301353455
31070,53796,,5,"Very good, but the problem is that you need Net","very good, but the problem be that you need net","Very good, but the problem is that you need Net",en,0.9856204390525818
31071,53797,,5,Excellent and useful even for lazy,excellent and useful even for lazy,Excellent and useful even for lazy,en,0.9296901226043701
31072,53798,,5,More good application,more good application,More good application,en,0.9032928943634033
31073,53799,,5,An excellent application I have benefited a lot from it,an excellent application i have benefit a lot from it,An excellent application I have benefited a lot from it,en,0.9672847390174866
31074,53800,,5,I think it is a very cool application for use,i think it be a very cool application for use,I think it is a very cool application for use,en,0.9686903953552246
31075,53801,,1,"Expensive subscriptions, there is nothing free or for an ad.","expensive subscriptions, there be nothing free or for an ad.","Expensive subscriptions, there is nothing free or for an ad.",en,0.8038923144340515
31076,53802,,5,"Wonderful, but the facade is difficult, I will try to get used to it","wonderful, but the facade be difficult, i will try to get use to it","Wonderful, but the façade is difficult, I will try to get used to it",en,0.9521034359931946
31077,53803,,5,"Very very very useful, thank you very much","very very very useful, thank you very much","Very very very useful, thank you very much",en,0.9991894960403442
31078,53804,,5,"A very, very, very sophisticated and high -end program","a very, very, very sophisticated and high -end program","A very, very, very sophisticated and high -end program",en,0.9527705907821655
31079,53805,,1,"Not free if you are looking for a paid application, ask others","not free if you be look for a pay application, ask others","Not free if you are looking for a paid application, ask others",en,0.8660464286804199
31080,53806,,4,There is no translation,there be no translation,There is no translation,en,0.7660625576972961
31081,53807,,5,Very nice application I recommend tolerance,very nice application i recommend tolerance,Very nice application I recommend tolerance,en,0.9075889587402344
31082,53808,,5,Very very cool from the first use,very very cool from the first use,Very very cool from the first use,en,0.9912843704223633
31083,53809,,5,Followers in English are a lot of sweet time ✨,follower in english be a lot of sweet time ✨,Followers in English are a lot of sweet time ✨,en,0.8473067879676819
31084,53810,,4,"Oh, someone says what is the name of the English language for the program","oh, someone say what be the name of the english language for the program","Oh, someone says what is the name of the English language for the program",en,0.8651479482650757
31085,53812,,5,The best application to learn the American dialect,the best application to learn the american dialect,The best application to learn the American dialect,en,0.8763120174407959
31086,53813,,5,"Goodness actor: Download this application from a program on Google Happymod, it downloads free applications","goodness actor download this application from a program on google happymod, it download free application","Goodness actor: Download this application from a program on Google Happymod, it downloads free applications",en,0.8649069666862488
31087,53814,,5,"Frankly, a very beautiful program","frankly, a very beautiful program","Frankly, a very beautiful program",en,0.9445651173591614
31088,53815,,5,Wonderful helps to improve Accent,wonderful help to improve accent,Wonderful helps to improve Accent,en,0.7546722888946533
31089,53816,,5,"Sweet lane that enters you to the memo to me, the English encourages you and keeps you not to give up","sweet lane that enter you to the memo to me, the english encourages you and keep you not to give up","Sweet lane that enters you to the memo to me, the English encourages you and keeps you not to give up",en,0.9430232644081116
31090,53817,,5,Your accent developed in English to the best,your accent develop in english to the best,Your accent developed in English to the best,en,0.8964987993240356
31091,53818,,5,Wonderful and enjoyable program,wonderful and enjoyable program,Wonderful and enjoyable program,en,0.87261563539505
31092,53819,,5,I am talking to the English language fluently because of it,i be talk to the english language fluently because of it,I am talking to the English language fluently because of it,en,0.9718538522720337
31093,53820,,1,The truth is why you are always in a free need?,the truth be why you be always in a free need?,The truth is why you are always in a free need?,en,0.9208134412765503
31094,53821,,5,"Karim, the same creation, a lover, who loves a brave, knight, a beautiful makeup, a written path, how is the best quantity, my love, I want to see you well","karim, the same creation, a lover, who love a brave, knight, a beautiful makeup, a write path, how be the best quantity, my love, i want to see you well","Karim, the same creation, a lover, who loves a brave, knight, a beautiful makeup, a written path, how is the best quantity, my love, I want to see you well",en,0.8788632750511169
31095,53822,,5,"A very sophisticated program and values ​​Muhammad ,,,,,,, from Iraq","a very sophisticated program and value muhammad, from iraq","A very sophisticated program and values ​​Muhammad ,,,,,,, from Iraq",en,0.9408851861953735
31096,53823,,4,There is no Arabic language,there be no arabic language,There is no Arabic language,en,0.6812228560447693
31097,53824,,5,"Very cool, I improve my logic because of it ❤️ ❤️ ❤️ ❤️ 🔥 🔥","very cool, i improve my logic because of it ❤ ❤ ❤ ❤ 🔥 🔥","Very cool, I improve my logic because of it ❤️❤️❤️❤️🔥🔥",en,0.9364377856254578
31098,53825,,5,Very cool and also not,very cool and also not,Very cool and also not,en,0.9988933801651001
31099,53826,,5,"Wonderful application, but the problem is that there are no reviews for this version","wonderful application, but the problem be that there be no review for this version","Wonderful application, but the problem is that there are no reviews for this version",en,0.9024820923805237
31100,53827,,5,A very wonderful program we advise you to teach you English,a very wonderful program we advise you to teach you english,A very wonderful program we advise you to teach you English,en,0.9643893837928772
31101,53828,,5,Very excellent and more than wonderful thanks,very excellent and more than wonderful thanks,Very excellent and more than wonderful thanks,en,0.9729892611503601
31102,53829,,1,Wonderful and deserves to buy and the price is very reasonable in my opinion,wonderful and deserve to buy and the price be very reasonable in my opinion,Wonderful and deserves to buy and the price is very reasonable in my opinion,en,0.9813158512115479
31103,53830,,5,"Wonderful, I hope there is a free copy of it","wonderful, i hope there be a free copy of it","Wonderful, I hope there is a free copy of it",en,0.7607653737068176
31104,53831,,5,"This is useful programs, you do not say Babji","this be useful programs, you do not say babji","This is useful programs, you do not say Babji",en,0.628047525882721
31105,53832,,5,"Very good, but you would like to be free","very good, but you would like to be free","Very good, but you would like to be free",en,0.9979314208030701
31106,53833,,4,"Wonderful application, but I wish it would be without the net","wonderful application, but i wish it would be without the net","Wonderful application, but I wish it would be without the net",en,0.9324580430984497
31107,53834,,1,I did not like the application because there is no explanation of the English language,i do not like the application because there be no explanation of the english language,I did not like the application because there is no explanation of the English language,en,0.8313732743263245
31108,53835,,5,This is a very cool and useful application,this be a very cool and useful application,This is a very cool and useful application,en,0.9203774929046631
31109,53836,,5,The most wonderful to improve pronunciation 💚 💚 💚 💚 💚,the most wonderful to improve pronunciation 💚 💚 💚 💚 💚,The most wonderful to improve pronunciation 💚💚💚💚💚,en,0.6507810950279236
31110,53837,,5,Excellent Apionch is worth praising,excellent apionch be worth praise,Excellent Apionch is worth praising,en,0.620242714881897
31111,53838,,5,Very nice and useful application,very nice and useful application,Very nice and useful application,en,0.9632714986801147
31112,53839,,5,Under the experience to look very good and useful,under the experience to look very good and useful,Under the experience to look very good and useful,en,0.973865807056427
31113,53840,,5,Education is very,education be very,Education is very,en,0.9897061586380005
31114,53841,,5,Very fun and useful,very fun and useful,Very fun and useful,en,0.961420476436615
31115,53842,,5,"This application is very high, I advise you to use it","this application be very high, i advise you to use it","This application is very high, I advise you to use it",en,0.970314085483551
31116,53843,,5,"Very nice, thanks for this wonderful application","very nice, thanks for this wonderful application","Very nice, thanks for this wonderful application",en,0.9453014135360718
31117,53844,,5,A successful program that I advise everyone to install 😻 😻,a successful program that i advise everyone to install 😻 😻,A successful program that I advise everyone to install 😻😻,en,0.9645325541496277
31118,53845,,1,I do not recommend it because there is a post on Christmas Christmas,i do not recommend it because there be a post on christmas christmas,I do not recommend it because there is a post on Christmas Christmas,en,0.7326171398162842
31119,53846,,5,There is no copy without the need for the Internet,there be no copy without the need for the internet,There is no copy without the need for the Internet,en,0.7570246458053589
31120,53847,,5,"Sweet time, I advise everyone that he is carrying it sweet, Angesh, I wipe, wipe, wiping out anyone, I carry it, who is the world of the Angens.","sweet time, i advise everyone that he be carry it sweet, angesh, i wipe, wipe, wipe out anyone, i carry it, who be the world of the angens.","Sweet time, I advise everyone that he is carrying it sweet, Angesh, I wipe, wipe, wiping out anyone, I carry it, who is the world of the Angens.",en,0.9349273443222046
31121,53848,,5,Very nice and beautiful application ❤,very nice and beautiful application ❤,Very nice and beautiful application ❤,en,0.9722088575363159
31122,53849,,5,"Jadan is beautiful, I advise everyone to carry","jadan be beautiful, i advise everyone to carry","Jadan is beautiful, I advise everyone to carry",en,0.9047181606292725
31123,53850,,4,"Nice application, but all English, there is no Arabic","nice application, but all english, there be no arabic","Nice application, but all English, there is no Arabic",en,0.8146042227745056
31124,53851,,5,Frankly a very sweet application deserves more,frankly a very sweet application deserve more,Frankly a very sweet application deserves more,en,0.9153013825416565
31125,53852,,5,I would like to advise the great to download it,i would like to advise the great to download it,I would like to advise the great to download it,en,0.9930580854415894
31126,53853,,5,"Very useful program, thanks :)","very useful program, thanks","Very useful program, thanks :)",en,0.9450294375419617
31127,53854,,4,"Beautiful, a group that helps you speak, confident and give you various topics. This can be more like this","beautiful, a group that help you speak, confident and give you various topics. this can be more like this","Beautiful, a group that helps you speak, confident and give you various topics. This can be more like this",en,0.956047534942627
31128,53855,,5,"Very cool, please be free","very cool, please be free","Very cool, please be free",en,0.9791534543037415
31129,53856,,5,Very cool and easy program,very cool and easy program,Very cool and easy program,en,0.9680622816085815
31130,53857,,5,More than wonderful program,more than wonderful program,More than wonderful program,en,0.9029179811477661
31131,53858,,5,nice 😂 😳 ❤ Anti -solved and useful,nice 😂 😳 ❤ anti -solved and useful,nice😂😳❤ Anti -solved and useful,en,0.8494778871536255
31132,53859,,5,God is very beautiful and very beautiful,god be very beautiful and very beautiful,God is very beautiful and very beautiful,en,0.9694623351097107
31133,53860,,1,"I like it, but I don't know how to deal with it. Please know this","i like it, but i do not know how to deal with it. please know this","I like it, but I don't know how to deal with it. Please know this",en,0.9898863434791565
31134,53861,,5,Wonderful to improve the tone,wonderful to improve the tone,Wonderful to improve the tone,en,0.7456854581832886
31135,53862,,4,Very cool program,very cool program,Very cool program,en,0.9768909811973572
31136,53863,,3,It is difficult to deal with it and it is an adult religion,it be difficult to deal with it and it be an adult religion,It is difficult to deal with it and it is an adult religion,en,0.9572488069534302
31137,53864,,5,I recommend a very wonderful download,i recommend a very wonderful download,I recommend a very wonderful download,en,0.8917141556739807
31138,53865,,5,A very wonderful application.,a very wonderful application.,A very wonderful application.,en,0.94288569688797
31139,53866,,5,Really wonderful deserves more than five stars,really wonderful deserves more than five star,Really wonderful deserves more than five stars,en,0.9555159211158752
31140,53867,,1,It remains bad from the cutting of updates,it remain bad from the cutting of update,It remains bad from the cutting of updates,en,0.914613664150238
31141,53868,,5,Very terrible program,very terrible program,Very terrible program,en,0.9677637219429016
31142,53869,,5,"I recommend using it, it is a very useful application","i recommend use it, it be a very useful application","I recommend using it, it is a very useful application",en,0.872582733631134
31143,53870,,1,The application did not suit me if I did not understand anything,the application do not suit me if i do not understand anything,The application did not suit me if I did not understand anything,en,0.837924063205719
31145,53872,,4,The girl who advertise,the girl who advertise,The girl who advertise,en,0.8694888949394226
31146,53873,,1,Wonderful but needs payment,wonderful but needs payment,Wonderful but needs payment,en,0.969853937625885
31147,53874,,3,"The application is good, but I didn't like it","the application be good, but i do not like it","The application is good, but I didn't like it",en,0.8843117356300354
31148,53875,,5,Speech education application is great,speech education application be great,Speech education application is great,en,0.9083565473556519
31149,53876,,1,I recommend this program .. I deserve more than 5 stars,i recommend this program. i deserve more than 5 star,I recommend this program .. I deserve more than 5 stars,en,0.7506977915763855
31150,53877,,5,The app is very cool and I recommend it,the app be very cool and i recommend it,The app is very cool and I recommend it,en,0.9488532543182373
31151,53878,,5,A very special application I recommend downloading it ❤️,a very special application i recommend download it ❤,A very special application I recommend downloading it ❤️,en,0.9206380844116211
31152,53879,,3,"Sweet program, but I wish, if not all, money, we are bankrupt, we are bankrupt","sweet program, but i wish, if not all, money, we be bankrupt, we be bankrupt","Sweet program, but I wish, if not all, money, we are bankrupt, we are bankrupt",en,0.5453514456748962
31153,53880,,5,Very wonderful app :),very wonderful app,Very wonderful app :),en,0.9583733081817627
31154,53881,,5,Excellent application I thank those in charge of it,excellent application i thank those in charge of it,Excellent application I thank those in charge of it,en,0.9280311465263367
31155,53882,,5,Wonderful and very useful application,wonderful and very useful application,Wonderful and very useful application,en,0.9268311858177185
31156,53883,,5,"Very cool, thank you all for this.","very cool, thank you all for this.","Very cool, thank you all for this.",en,0.9930095076560974
31157,53884,,3,"Everything is clear, God willing, but why does he not show me the meanings of words","everything be clear, god willing, but why do he not show me the meaning of word","Everything is clear, God willing, but why does he not show me the meanings of words",en,0.8872546553611755
31158,53885,,5,Very nice I recommend downloading it,very nice i recommend download it,Very nice I recommend downloading it,en,0.947136402130127
31159,53886,,4,I want to be the free network of Alweuvay and do not write to me. Pay subscription in dollars,i want to be the free network of alweuvay and do not write to me. pay subscription in dollar,I want to be the free network of Alweuvay and do not write to me. Pay subscription in dollars,en,0.9187584519386292
31160,53887,,5,Beautiful and useful and develops your skills,beautiful and useful and develop your skill,Beautiful and useful and develops your skills,en,0.8838882446289062
31161,53888,,4,"I hope that there is an Arabic language, but a wonderful placement ♥ ️ ♥ ️ ♥ ️","i hope that there be an arabic language, but a wonderful placement ♥ ♥ ♥","I hope that there is an Arabic language, but a wonderful placement ♥ ️ ♥ ️ ♥ ️",en,0.8677344918251038
31162,53889,,1,"I need money, I have previously tried the top of the monument and fraud","i need money, i have previously try the top of the monument and fraud","I need money, I have previously tried the top of the monument and fraud",en,0.9592105746269226
31163,53890,,5,"Beautiful and useful application, thanks","beautiful and useful application, thanks","Beautiful and useful application, thanks",en,0.8691717982292175
31164,53891,,1,"This is the application, I can get a lot, I want a necessary solution. I liked the application, but very much","this be the application, i can get a lot, i want a necessary solution. i like the application, but very much","This is the application, I can get a lot, I want a necessary solution. I liked the application, but very much",en,0.9516305923461914
31165,53892,,5,Excellent and excellent application,excellent and excellent application,Excellent and excellent application,en,0.91059410572052
31166,53893,,5,"Excellent and very, very beautiful","excellent and very, very beautiful","Excellent and very, very beautiful",en,0.9745118021965027
31167,53894,,5,One of the best applications I recommend,one of the best application i recommend,One of the best applications I recommend,en,0.8427429795265198
31168,53895,,4,There is no Arabic language as another language to translate the written?!,there be no arabic language as another language to translate the written? !,There is no Arabic language as another language to translate the written?!,en,0.8132901787757874
31169,53896,,5,Wonderful Best App for Speaking,wonderful best app for speaking,Wonderful Best App for Speaking,en,0.8570252656936646
31170,53897,,4,Very good and very fun,very good and very fun,Very good and very fun,en,0.998302698135376
31171,53898,,5,The app is very beautiful and useful,the app be very beautiful and useful,The app is very beautiful and useful,en,0.9260510206222534
31172,53899,,5,Beautiful c and very useful,beautiful c and very useful,Beautiful c and very useful,en,0.9459383487701416
31173,53901,,5,This is the best program I have seen in my life,this be the best program i have see in my life,This is the best program I have seen in my life,en,0.917237401008606
31174,53903,,5,Kalash fun and easy,kalash fun and easy,Kalash fun and easy,en,0.5859377384185791
31175,53904,,4,Wonderful and terrible application,wonderful and terrible application,Wonderful and terrible application,en,0.8541780710220337
31176,53905,,5,A very good application worth five stars,a very good application worth five star,A very good application worth five stars,en,0.964391827583313
31177,53906,,5,Very well and enjoyable,very well and enjoyable,Very well and enjoyable,en,0.9965295195579529
31178,53907,,5,"Frankly, more than wonderful application","frankly, more than wonderful application","Frankly, more than wonderful application",en,0.884121298789978
31179,53908,,1,You have to pay until you learn. Thank you,you have to pay until you learn. thank you,You have to pay until you learn. Thank you,en,0.9913499355316162
31180,53909,,3,Wonderful and effective application,wonderful and effective application,Wonderful and effective application,en,0.9045141339302063
31181,53910,,5,Excellent application I recommend it,excellent application i recommend it,Excellent application I recommend it,en,0.8362302780151367
31182,53911,,5,Very cool I recommend downloading,very cool i recommend download,Very cool I recommend downloading,en,0.9254605770111084
31183,53912,,5,"Wonderful, great, massive, beautiful beautiful beautiful","wonderful, great, massive, beautiful beautiful beautiful","Wonderful, great, massive, beautiful beautiful beautiful",en,0.8272606134414673
31184,53913,,5,Very nice program,very nice program,Very nice program,en,0.9895678758621216
31185,53914,,5,This application is strange. I advise everyone in it,this application be strange. i advise everyone in it,This application is strange. I advise everyone in it,en,0.9026039242744446
31186,53915,,1,"Frankly, a very garbage program","frankly, a very garbage program","Frankly, a very garbage program",en,0.9372538924217224
31187,53917,,1,Not free program has been deleted,not free program have be delete,Not free program has been deleted,en,0.9899590015411377
31188,53919,,5,Fun and useful,fun and useful,Fun and useful,en,0.5880615711212158
31189,53920,,5,The app is very excellent,the app be very excellent,The app is very excellent,en,0.9633825421333313
31190,53921,,4,Very cool and useful,very cool and useful,Very cool and useful,en,0.9650757312774658
31191,53922,,5,Wonderful thanks .. I wished that I had downloaded it before ...,wonderful thanks. i wish that i have download it before.,Wonderful thanks .. I wished that I had downloaded it before ...,en,0.8887453079223633
31192,53923,,5,Very very cool and I recommend it,very very cool and i recommend it,Very very cool and I recommend it,en,0.9909648895263672
31193,53924,,5,Excellent and more wonderful,excellent and more wonderful,Excellent and more wonderful,en,0.866958737373352
31194,53925,,5,Good app to improve speech,good app to improve speech,Good app to improve speech,en,0.939307451248169
31195,53926,,5,A great application I recommend so much,a great application i recommend so much,A great application I recommend so much,en,0.92448490858078
31196,53928,,5,It is really cool ... Thank you,it be really cool. thank you,It is really cool ... Thank you,en,0.9657732844352722
31197,53931,,1,Good application to learn to read,good application to learn to read,Good application to learn to read,en,0.9757800102233887
31198,53932,,5,Excellent and more than wonderful,excellent and more than wonderful,Excellent and more than wonderful,en,0.9317790269851685
31199,53933,,1,"Wonderful, but dear application ... there is no money, sweetness","wonderful, but dear application. there be no money, sweetness","Wonderful, but dear application ... there is no money, sweetness",en,0.8407559394836426
31200,53934,,2,This application is very cool very very,this application be very cool very very,This application is very cool very very,en,0.9930323362350464
31201,53935,,5,The program is very immoral,the program be very immoral,The program is very immoral,en,0.9330350756645203
31202,53936,,5,Excellent and very wonderful,excellent and very wonderful,Excellent and very wonderful,en,0.9654219746589661
31203,53938,,3,Excellent and I can improve in it,excellent and i can improve in it,Excellent and I can improve in it,en,0.9377220869064331
31204,53939,,5,Organized and enjoyable,organize and enjoyable,Organized and enjoyable,en,0.9207974672317505
31205,53942,,4,It is in the experience and it looks very good,it be in the experience and it look very good,It is in the experience and it looks very good,en,0.9817360639572144
31206,53943,,5,"Very excellent, thank you","very excellent, thank you","Very excellent, thank you",en,0.9607952833175659
31207,53944,,1,A very very bad application and I do not recommend using this disgusting application,a very very bad application and i do not recommend use this disgusting application,A very very bad application and I do not recommend using this disgusting application,en,0.9499537348747253
31208,53945,,5,Beautiful and useful,beautiful and useful,Beautiful and useful,en,0.7614416480064392
31209,53947,,5,The best application I recommend downloading it,the best application i recommend download it,The best application I recommend downloading it,en,0.7840136885643005
31210,53948,,5,"God is very excellent, may God grant success to the brothers who are based on the matter","god be very excellent, may god grant success to the brother who be base on the matter","God is very excellent, may God grant success to the brothers who are based on the matter",en,0.901791512966156
31211,53950,,5,Very very beautiful,very very beautiful,Very very beautiful,en,0.9968562126159668
31212,53951,,5,"Very, very, very wonderful","very, very, very wonderful","Very, very, very wonderful",en,0.9710646867752075
31213,53952,,5,A summit need in beauty,a summit need in beauty,A summit need in beauty,en,0.9262361526489258
31214,53953,,5,Sweet to learn in the programs,sweet to learn in the program,Sweet to learn in the programs,en,0.9408360123634338
31215,53954,,5,Wonderful and excellent application,wonderful and excellent application,Wonderful and excellent application,en,0.877312958240509
31216,53955,,4,Wonderful and very useful,wonderful and very useful,Wonderful and very useful,en,0.9258728623390198
31217,53956,,5,With the people Very beautiful,with the people very beautiful,With the people || Very beautiful,en,0.9922986030578613
31218,53957,,5,A very excellent experience and I am in the beginning,a very excellent experience and i be in the beginning,A very excellent experience and I am in the beginning,en,0.9457274079322815
31219,53958,,4,It would be great if it was free,it would be great if it be free,It would be great if it was free,en,0.9350051879882812
31220,53959,,1,It is very very beautiful 👍,it be very very beautiful 👍,It is very very beautiful 👍,en,0.9876720309257507
31221,53960,,5,Thanks for the efforts made,thanks for the effort make,Thanks for the efforts made,en,0.9605273604393005
31222,53961,,5,Wonderful and useful apply,wonderful and useful apply,Wonderful and useful apply,en,0.5243818759918213
31223,53962,,5,Wonderful and very beautiful,wonderful and very beautiful,Wonderful and very beautiful,en,0.951744794845581
31224,53963,,5,Wonderful problem limited time,wonderful problem limit time,Wonderful problem limited time,en,0.6821966767311096
31225,53964,,5,Excellent well -beneficial,excellent well -beneficial,Excellent well -beneficial,en,0.9205633401870728
31226,53965,,5,Very very very excellent,very very very excellent,Very very very excellent,en,0.9992445111274719
31227,53966,,3,We do not know a translation in Arabic that we learn,we do not know a translation in arabic that we learn,We do not know a translation in Arabic that we learn,en,0.9463919401168823
31228,53967,,1,All program is paid,all program be pay,All program is paid,en,0.8857057094573975
31229,53968,,5,One of the best applications I worked with,one of the best application i work with,One of the best applications I worked with,en,0.9419752359390259
31230,53969,,4,"Only if you were free, I gave him 5 stars","only if you be free, i give him 5 star","Only if you were free, I gave him 5 stars",en,0.9209050536155701
31231,53970,,3,It requires a lot of semen,it require a lot of semen,It requires a lot of semen,en,0.8163395524024963
31232,53971,,5,I finish a very great program,i finish a very great program,I finish a very great program,en,0.9505577087402344
31233,53972,,5,The most beautiful application in the world. I advise everyone to participate in it,the most beautiful application in the world. i advise everyone to participate in it,The most beautiful application in the world. I advise everyone to participate in it,en,0.9586675763130188
31234,53973,,5,Good and wonderful application 😍 😍,good and wonderful application 😍 😍,Good and wonderful application 😍😍,en,0.9161777496337891
31235,53974,,5,Useful and helps to speak,useful and help to speak,Useful and helps to speak,en,0.9813624024391174
31236,53975,,2,"Khayes, after I got up, how many conversations came back to the start of the zero point, meaning a start from the beginning","khayes, after i get up, how many conversation come back to the start of the zero point, mean a start from the beginning","Khayes, after I got up, how many conversations came back to the start of the zero point, meaning a start from the beginning",en,0.942197322845459
31237,53976,,1,Not very free very expensive,not very free very expensive,Not very free very expensive,en,0.9940060377120972
31238,53977,,3,There is a better application than it is Cake,there be a good application than it be cake,There is a better application than it is Cake,en,0.9416487812995911
31239,53978,,5,You can benefit from it excellent,you can benefit from it excellent,You can benefit from it excellent,en,0.9604443907737732
31240,53979,,5,Wonderful and useful,wonderful and useful,Wonderful and useful,en,0.6240383386611938
31241,53980,,4,Learn English with mastery,learn english with mastery,Learn English with mastery,en,0.9559303522109985
31242,53981,,5,The best is very excellent application,the best be very excellent application,The best is very excellent application,en,0.9185454845428467
31243,53982,,5,I liked a wonderful application I advise you,i like a wonderful application i advise you,I liked a wonderful application I advise you,en,0.8914827108383179
31244,53983,,5,"Very cool, thank you","very cool, thank you","Very cool, thank you",en,0.9937785267829895
31245,53984,,5,Why is there no update for the program,why be there no update for the program,Why is there no update for the program,en,0.7791544795036316
31246,53985,,1,"The application is not free, why didn't you know this before downloading it ??? !!!","the application be not free, why do not you know this before download it? !","The application is not free, why didn't you know this before downloading it ??? !!!",en,0.9139354825019836
31247,53986,,5,The first time I used it ... but it appears to be good,the first time i use it. but it appear to be good,The first time I used it ... but it appears to be good,en,0.9482093453407288
31248,53987,,5,Very nice sweet with grass .....,very nice sweet with grass.,Very nice sweet with grass .....,en,0.9866076111793518
31249,53988,,5,Wonderful application I recommend downloading,wonderful application i recommend download,Wonderful application I recommend downloading,en,0.7694738507270813
31250,53989,,5,A very wonderful application,a very wonderful application,A very wonderful application,en,0.9429728388786316
31251,53990,,5,Very cool I liked it,very cool i like it,Very cool I liked it,en,0.9846449494361877
31252,53991,,5,"Frankly, a wonderful program","frankly, a wonderful program","Frankly, a wonderful program",en,0.7272133827209473
31253,53992,,5,Sweet and useful 🌚 🙂,sweet and useful 🌚 🙂,Sweet and useful 🌚🙂,en,0.5449255704879761
31254,53993,,1,Paid program only,pay program only,Paid program only,en,0.9510802030563354
31255,53994,,5,"By God, thanks from the heart, thank you the best application","by god, thanks from the heart, thank you the best application","By God, thanks from the heart, thank you the best application",en,0.9440657496452332
31256,53995,,3,Nice program and deserves to be downloaded,nice program and deserve to be download,Nice program and deserves to be downloaded,en,0.9248482584953308
31257,53996,,5,"Very good, God bless you","very good, god bless you","Very good, God bless you",en,0.9453839063644409
31258,53997,,5,Good application I recommend trying it,good application i recommend try it,Good application I recommend trying it,en,0.8879720568656921
31259,53998,,3,"Very nice, I recommend everyone","very nice, i recommend everyone","Very nice, I recommend everyone",en,0.9679575562477112
31260,53999,,4,"The application is very very much, I recommend it 👍 👍 👍 👍","the application be very very much, i recommend it 👍 👍 👍 👍","The application is very very much, I recommend it 👍👍👍👍",en,0.922188937664032
31261,54000,,5,Very excellent I recommend it,very excellent i recommend it,Very excellent I recommend it,en,0.9553531408309937
31262,54001,,5,Beautiful five stars deserves,beautiful five star deserves,Beautiful five stars deserves,en,0.8331046104431152
31263,54002,,4,Sweet but not free,sweet but not free,Sweet but not free,en,0.6215760707855225
31264,54003,,5,An excellent and sweet application,an excellent and sweet application,An excellent and sweet application,en,0.8740385174751282
31265,54004,,1,Does it work with the Internet or by subscription?,do it work with the internet or by subscription?,Does it work with the Internet or by subscription?,en,0.936233639717102
31266,54005,,5,Very cool and you have to be for everyone,very cool and you have to be for everyone,Very cool and you have to be for everyone,en,0.9957393407821655
31267,54006,,5,Jadan in learning,jadan in learn,Jadan in learning,en,0.9076727628707886
31268,54007,,5,It seems wonderful,it seem wonderful,It seems wonderful,en,0.9779976606369019
31269,54008,,5,"A great application ... but if it is free, it will be the greatest application","a great application. but if it be free, it will be the great application","A great application ... but if it is free, it will be the greatest application",en,0.8444787263870239
31271,54010,,1,"Unfortunately, I did not see it because it is not free","unfortunately, i do not see it because it be not free","Unfortunately, I did not see it because it is not free",en,0.7961552739143372
31272,54011,,5,It is delicious and eats the spoon,it be delicious and eat the spoon,It is delicious and eats the spoon,en,0.9132108688354492
31273,54012,,5,Very excellent program,very excellent program,Very excellent program,en,0.976574182510376
31274,54013,,5,"Under the experience, God willing, it will be sweet and benefited from growth","under the experience, god willing, it will be sweet and benefit from growth","Under the experience, God willing, it will be sweet and benefited from growth",en,0.8967432975769043
31275,54014,,5,Very very excellent,very very excellent,Very very excellent,en,0.9979920387268066
31276,54015,,4,I feel that it is a mistake 😂,i feel that it be a mistake 😂,I feel that it is a mistake 😂,en,0.9114128351211548
31277,54016,,5,It is a great and enjoyable experience,it be a great and enjoyable experience,It is a great and enjoyable experience,en,0.8947016596794128
31278,54017,,5,"Appactive, and I advise you to try it","appactive, and i advise you to try it","Appactive, and I advise you to try it",en,0.9829180836677551
31279,54018,,2,"Frankly, I want to pronounce it, he says it is not possible to get out of it, please make a problem","frankly, i want to pronounce it, he say it be not possible to get out of it, please make a problem","Frankly, I want to pronounce it, he says it is not possible to get out of it, please make a problem",en,0.9460769295692444
31280,54019,,1,Who cannot pay the money does not prove.,who cannot pay the money do not prove.,Who cannot pay the money does not prove.,en,0.9306192994117737
31281,54020,,5,Wonderful and excellent app ❤️,wonderful and excellent app ❤,Wonderful and excellent app ❤️,en,0.862035870552063
31282,54021,,5,Sweetly sweet 😍 😍 😍 😍,sweetly sweet 😍 😍 😍 😍,Sweetly sweet 😍😍😍😍,en,0.9325851798057556
31283,54022,,5,A very excellent application,a very excellent application,A very excellent application,en,0.9677485823631287
31284,54024,,5,"I want to check on the program, but I like me","i want to check on the program, but i like me","I want to check on the program, but I like me",en,0.946681797504425
31285,54025,,5,This is a very nice application for the one,this be a very nice application for the one,This is a very nice application for the one,en,0.9544748663902283
31286,54026,,5,"Very beautiful, he deserves 5,000,000 ⭐","very beautiful, he deserve 5, 000, 000 ⭐","Very beautiful, he deserves 5,000,000 ⭐",en,0.8586270213127136
31287,54027,,1,It is not worth even this star,it be not worth even this star,It is not worth even this star,en,0.8925169706344604
31288,54028,,1,There is no benefit to a mother who deserves less than a star,there be no benefit to a mother who deserve less than a star,There is no benefit to a mother who deserves less than a star,en,0.9412170052528381
31289,54029,,5,I deserve more than five stars because it is excellent,i deserve more than five star because it be excellent,I deserve more than five stars because it is excellent,en,0.8993096351623535
31290,54030,,5,A very wonderful dish that teaches you English,a very wonderful dish that teach you english,A very wonderful dish that teaches you English,en,0.9710633158683777
31291,54031,,2,He requests to pay constantly,he request to pay constantly,He requests to pay constantly,en,0.9946438074111938
31292,54032,,5,"Wow, I like this, they hand over this beautiful program","wow, i like this, they hand over this beautiful program","Wow, I like this, they hand over this beautiful program",en,0.8994765877723694
31293,54035,,5,"Very beautiful, by God, I loved very","very beautiful, by god, i love very","Very beautiful, by God, I loved very",en,0.9908319115638733
31294,54036,,5,Beautiful and develop your English language,beautiful and develop your english language,Beautiful and develop your English language,en,0.8653797507286072
31295,54037,,5,A need over the excellent,a need over the excellent,A need over the excellent,en,0.9101009964942932
31296,54038,,1,I don’t know the application did not help me,i do not t know the application do not help me,I don’t know the application did not help me,en,0.7951557636260986
31297,54039,,5,"Unfortunately, a very sweet program","unfortunately, a very sweet program","Unfortunately, a very sweet program",en,0.95396888256073
31298,54040,,5,One of the best learning applications,one of the best learning application,One of the best learning applications,en,0.8955856561660767
31299,54041,,5,"An application above the greatness, may God bless you ... well ...","an application above the greatness, may god bless you. well.","An application above the greatness, may God bless you ... well ...",en,0.9447147846221924
31300,54042,,5,A wonderful application I advise everyone to try it,a wonderful application i advise everyone to try it,A wonderful application I advise everyone to try it,en,0.9422403573989868
31301,54043,,1,"The application of Mo is frankly, because I do not enter me.","the application of mo be frankly, because i do not enter me.","The application of Mo is frankly, because I do not enter me.",en,0.8593363165855408
31302,54044,,5,"Very sweet, but under the experience","very sweet, but under the experience","Very sweet, but under the experience",en,0.9874203205108643
31303,54045,,1,If you knew that I would not have been free,if you know that i would not have be free,If you knew that I would not have been free,en,0.9929164052009583
31304,54046,,1,I do not recommend it not free,i do not recommend it not free,I do not recommend it not free,en,0.6335108876228333
31305,54047,,1,It is very beautiful 🥹 ✨ 😶‍ 🌫️,it be very beautiful 🥹 ✨ 😶 🌫,It is very beautiful 🥹✨😶‍🌫️,en,0.9169682264328003
31306,54048,,5,The best program that you do not understand. 😹 😹 😹 🙈 ❤ ❤ 🙂,the best program that you do not understand. 😹 😹 😹 🙈 ❤ ❤ 🙂,The best program that you do not understand. 😹😹😹🙈❤❤🙂,en,0.8750735521316528
31307,54049,,5,Very very cool app,very very cool app,Very very cool app,en,0.9983857870101929
31308,54050,,5,"Excellent for education, my grandfather is not a game","excellent for education, my grandfather be not a game","Excellent for education, my grandfather is not a game",en,0.9506134390830994
31309,54051,,5,Nice application I recommend using Elsa Speak,nice application i recommend use elsa speak,Nice application I recommend using Elsa Speak,en,0.8565070033073425
31310,54052,,5,More than wonderful application I loved,more than wonderful application i love,More than wonderful application I loved,en,0.8066450953483582
31311,54053,,5,Terrible,terrible,Terrible,en,0.6115961074829102
31312,54054,,1,This application is bad and I do not like and is Chinese 🤬,this application be bad and i do not like and be chinese 🤬,This application is bad and I do not like and is Chinese 🤬,en,0.8761060833930969
31313,54055,,5,"A lot of sweet application, and you will not receive Zio, but it is not free to be with your knowledge 🌚 👌","a lot of sweet application, and you will not receive zio, but it be not free to be with your knowledge 🌚 👌","A lot of sweet application, and you will not receive Zio, but it is not free to be with your knowledge 🌚👌",en,0.9451851844787598
31314,54056,,5,I found it the best application ever,i find it the best application ever,I found it the best application ever,en,0.8374984860420227
31315,54057,,5,"Its value is five, because it did not know what and what you got off","it be value be five, because it do not know what and what you get off","Its value is five, because it did not know what and what you got off",en,0.9171620011329651
31316,54058,,4,"Very useful, but with money 🙁","very useful, but with money 🙁","Very useful, but with money 🙁",en,0.9914261698722839
31317,54059,,1,"Paid if you are poor, do not come down ❤️","pay if you be poor, do not come down ❤","Paid if you are poor, do not come down ❤️",en,0.6633099317550659
31318,54060,,5,Wonderful five stars deserves,wonderful five star deserves,Wonderful five stars deserves,en,0.754867672920227
31319,54061,,5,Qara at an institute asked by a professor,qara at an institute ask by a professor,Qara at an institute asked by a professor,en,0.9435478448867798
31320,54062,,4,"Melih is the right of his uncle, as you saw him in their dirhams","melih be the right of his uncle, as you saw him in their dirham","Melih is the right of his uncle, as you saw him in their dirhams",en,0.9992964863777161
31321,54063,,5,The best English learning program after Dollingo,the best english learning program after dollingo,The best English learning program after Dollingo,en,0.8280537724494934
31322,54064,,5,"Interacting, I don’t want you to add","interacting, i do not t want you to add","Interacting, I don’t want you to add",en,0.8753293752670288
31323,54065,,5,"Really wonderful, God reward you","really wonderful, god reward you","Really wonderful, God reward you",en,0.9397320747375488
31324,54066,,5,Sweet and help to understand,sweet and help to understand,Sweet and help to understand,en,0.9723392724990845
31325,54067,,5,Useful to invest time,useful to invest time,Useful to invest time,en,0.7866050004959106
31326,54068,,5,Wonderful program that teaches you to speak with his confidence,wonderful program that teach you to speak with his confidence,Wonderful program that teaches you to speak with his confidence,en,0.9954607486724854
31327,54069,,3,"A very sweet program, but it is not free of charge, it is the most important thing in it","a very sweet program, but it be not free of charge, it be the most important thing in it","A very sweet program, but it is not free of charge, it is the most important thing in it",en,0.9101095199584961
31328,54070,,5,"If in ten stars, I would have put them all","if in ten stars, i would have put them all","If in ten stars, I would have put them all",en,0.995989978313446
31329,54071,,1,"I am still trying, and I am screened by any bye","i be still trying, and i be screen by any bye","I am still trying, and I am screened by any bye",en,0.9779857993125916
31330,54072,,5,Wonderful to the degree of incredible,wonderful to the degree of incredible,Wonderful to the degree of incredible,en,0.8882958292961121
31331,54073,,5,Sweet and useful,sweet and useful,Sweet and useful,en,0.5931865572929382
31332,54074,,5,I am in the fourth grade. The application taught me English,i be in the fourth grade. the application teach me english,I am in the fourth grade. The application taught me English,en,0.8429058194160461
31333,54075,,5,He teaches me English,he teach me english,He teaches me English,en,0.919098973274231
31334,54077,,3,"Everything is good if I have money, how do I do ?? Do something a little is free","everything be good if i have money, how do i do? do something a little be free","Everything is good if I have money, how do I do ?? Do something a little is free",en,0.6788752675056458
31335,54078,,5,Seriously a lot of sweet and developed from your language,seriously a lot of sweet and develop from your language,Seriously a lot of sweet and developed from your language,en,0.973894476890564
31336,54079,,1,Do not forget it,do not forget it,Do not forget it,en,0.7632867097854614
31337,54080,,5,Easy and simple,easy and simple,Easy and simple,en,0.5976730585098267
31338,54081,,5,"Wonderful, I advise you to download it","wonderful, i advise you to download it","Wonderful, I advise you to download it",en,0.9354557394981384
31340,54083,,5,A proper pronunciation program,a proper pronunciation program,A proper pronunciation program,en,0.618561327457428
31341,54084,,4,"Very sweet application, but I wish I had in my book training","very sweet application, but i wish i have in my book training","Very sweet application, but I wish I had in my book training",en,0.9802824854850769
31342,54085,,1,"Why is it not sweet, God suffices me and yes, the agent","why be it not sweet, god suffices me and yes, the agent","Why is it not sweet, God suffices me and yes, the agent",en,0.8453810811042786
31343,54086,,1,"Kazzab, any word that tells it right, even if it is wrong","kazzab, any word that tell it right, even if it be wrong","Kazzab, any word that tells it right, even if it is wrong",en,0.9080546498298645
31344,54087,,5,Seriously this application once sweet 😜 ♥,seriously this application once sweet 😜 ♥,Seriously this application once sweet😜 ♥,en,0.9073023200035095
31345,54088,,5,The most beautiful application of my lips in my life I advise everyone to carry it,the most beautiful application of my lip in my life i advise everyone to carry it,The most beautiful application of my lips in my life I advise everyone to carry it,en,0.9278202652931213
31346,54089,,5,"It is not just a program, but this is Mister, I will teach you","it be not just a program, but this be mister, i will teach you","It is not just a program, but this is Mister, I will teach you",en,0.9022432565689087
31347,54090,,5,A lot of work for the beginners is very sweet,a lot of work for the beginner be very sweet,A lot of work for the beginners is very sweet,en,0.9570775628089905
31348,54091,,1,The barn is not for it.,the barn be not for it.,The barn is not for it.,en,0.939559817314148
31349,54092,,5,❤️ ❤️ 😍 🥰 Sweet game I liked,❤ ❤ 😍 🥰 sweet game i like,❤️❤️😍🥰 Sweet game I liked,en,0.6749576330184937
31350,54093,,5,This program is a masterpiece,this program be a masterpiece,This program is a masterpiece,en,0.7239547967910767
31351,54094,,4,Wonderful program worth praising,wonderful program worth praise,Wonderful program worth praising,en,0.7509447336196899
31352,54095,,4,"We advise you about it is sweet and know, but when you hear your voice and you are speaking with the death of laughter on yourself and you know your mistake 😂 😂 😂","we advise you about it be sweet and know, but when you hear your voice and you be speak with the death of laughter on yourself and you know your mistake 😂 😂 😂","We advise you about it is sweet and know, but when you hear your voice and you are speaking with the death of laughter on yourself and you know your mistake 😂😂😂",en,0.9695197343826294
31353,54096,,1,"Kalash is the application of the application and the I deserve, and its star is not because Colchy is understood from it and only the beloved of God","kalash be the application of the application and the i deserve, and it be star be not because colchy be understood from it and only the beloved of god","Kalash is the application of the application and the I deserve, and its star is not because Colchy is understood from it and only the beloved of God",en,0.8669386506080627
31354,54097,,5,"Jamyel, controversy, I kept, I know I say English","jamyel, controversy, i kept, i know i say english","Jamyel, controversy, I kept, I know I say English",en,0.7265521287918091
31356,54100,,1,A failed program to exist,a failed program to exist,A failed program to exist,en,0.9719691276550293
31357,54101,,5,I liked the program style,i like the program style,I liked the program style,en,0.8411147594451904
31358,54102,,1,"Not free, why did they not alert people to be paid","not free, why do they not alert people to be pay","Not free, why did they not alert people to be paid",en,0.9620646834373474
31359,54103,,1,Can we learn Turkish?,can we learn turkish?,Can we learn Turkish?,en,0.9721153378486633
31360,54104,,4,Peace be upon you.,peace be upon you.,Peace be upon you.,en,0.9313951134681702
31361,54105,,5,Sweet and the application tells you what you want with money or not,sweet and the application tell you what you want with money or not,Sweet and the application tells you what you want with money or not,en,0.9554159045219421
31363,54107,,5,Very very very beautiful,very very very beautiful,Very very very beautiful,en,0.9988870024681091
31364,54109,,5,"Sweet Shui, but you will take five stars","sweet shui, but you will take five star","Sweet Shui, but you will take five stars",en,0.9055435061454773
31365,54110,,5,Very nice ♥ ♥ ♥ ♥ 🌹 🌹 🌹 🌹 🌹 🌹 🌺,very nice ♥ ♥ ♥ ♥ 🌹 🌹 🌹 🌹 🌹 🌹 🌺,Very nice ♥♥♥♥ 🌹🌹🌹🌹🌹🌹🌺,en,0.6627093553543091
31366,54112,,5,"Very good, thank you","very good, thank you","Very good, thank you",en,0.9772575497627258
31367,54113,,5,"Good program, but the drawings are expensive","good program, but the drawing be expensive","Good program, but the drawings are expensive",en,0.9522178173065186
31368,54116,,5,Very very cool,very very cool,Very very cool,en,0.999334990978241
31369,54117,,1,"I want to subscribe to it, but I do not have a visa","i want to subscribe to it, but i do not have a visa","I want to subscribe to it, but I do not have a visa",en,0.9740461707115173
31370,54118,,3,Good application in principle,good application in principle,Good application in principle,en,0.9309054017066956
31371,54119,,5,"Wow, very, very, very cool","wow, very, very, very cool","Wow, very, very, very cool",en,0.9544035196304321
31372,54120,,1,The program is in money and I was free,the program be in money and i be free,The program is in money and I was free,en,0.8433218002319336
31373,54121,,4,Good and recommend it,good and recommend it,Good and recommend it,en,0.9374975562095642
31375,54123,,5,Beautiful and enjoyable,beautiful and enjoyable,Beautiful and enjoyable,en,0.9029792547225952
31376,54124,,3,He masterminded the words of words and entertaining,he mastermind the word of word and entertain,He masterminded the words of words and entertaining,en,0.79698646068573
31377,54125,,1,Why not free,why not free,Why not free,en,0.5846166014671326
31378,54126,,5,Very very cock,very very cock,Very very cock,en,0.9994266629219055
31379,54127,,5,Very cool thanks,very cool thanks,Very cool thanks,en,0.988487958908081
31380,54128,,4,Beautiful and free,beautiful and free,Beautiful and free,en,0.8031194806098938
31381,54129,,5,A very useful application,a very useful application,A very useful application,en,0.9396114945411682
31382,54130,,5,Hubble and assistant once,hubble and assistant once,Hubble and assistant once,en,0.9436694979667664
31383,54131,,5,Excellent app worth 50 stars,excellent app worth 50 star,Excellent app worth 50 stars,en,0.7766041159629822
31384,54132,,5,Anjd is very beautiful,anjd be very beautiful,Anjd is very beautiful,en,0.8991302847862244
31385,54133,,5,Wonderful to learn,wonderful to learn,Wonderful to learn,en,0.8945650458335876
31386,54136,,5,Wonderful application worth 5 stars,wonderful application worth 5 star,Wonderful application worth 5 stars,en,0.7260112166404724
31387,54137,,5,Very nice vernice,very nice vernice,Very nice vernice,en,0.9108762145042419
31388,54138,,3,Somewhat beautiful,somewhat beautiful,Somewhat beautiful,en,0.9232777953147888
31389,54140,,3,"The application is very cool, but I am with Yaish Fulwwos 😭 😭 !!!!!!!!!!!!!!!!!!!!!!!!!!!!!!!!!!!!!!!!!!!!!!!!!!!!!!!!!!!!!!!!!!!!!!!!!!? !! ???","the application be very cool, but i be with yaish fulwwos 😭 😭! ? ! ?","The application is very cool, but I am with Yaish Fulwwos 😭😭 !!!!!!!!!!!!!!!!!!!!!!!!!!!!!!!!!!!!!!!!!!!!!!!!!!!!!!!!!!!!!!!!!!!!!!!!!!? !! ???",en,0.9033864140510559
31390,54141,,5,Very wonderful application,very wonderful application,Very wonderful application,en,0.949381947517395
31391,54144,,5,The most beautiful Apchans for teaching English,the most beautiful apchans for teach english,The most beautiful Apchans for teaching English,en,0.8605862855911255
31392,54146,,5,Nice and wonderful application,nice and wonderful application,Nice and wonderful application,en,0.8876556158065796
31393,54147,,5,Loading we are trying,loading we be try,Loading we are trying,en,0.7974823713302612
31394,54149,,5,Very sweet application,very sweet application,Very sweet application,en,0.960686445236206
31395,54150,,5,This app is more than wonderful,this app be more than wonderful,This app is more than wonderful,en,0.8500549793243408
31396,54152,,5,Useful and beautiful,useful and beautiful,Useful and beautiful,en,0.7614415884017944
31397,54154,,5,Very nice application 🤩,very nice application 🤩,Very nice application 🤩,en,0.9814605712890625
31398,54155,,5,Really it's excellent,really it be excellent,Really it's excellent,en,0.9649077653884888
31399,54159,,5,More than wonderful application 🤩,more than wonderful application 🤩,More than wonderful application 🤩,en,0.8989017605781555
31400,54160,,5,Sweet and you speak to you,sweet and you speak to you,Sweet and you speak to you,en,0.989841639995575
31401,54161,,5,A very crucial application,a very crucial application,A very crucial application,en,0.955033004283905
31402,54162,,5,Very nice excellent,very nice excellent,Very nice excellent,en,0.9824709892272949
31403,54163,,5,You know the error that you say and it is valid,you know the error that you say and it be valid,You know the error that you say and it is valid,en,0.8957841396331787
31404,54164,,5,The best wonderful coffee app,the best wonderful coffee app,The best wonderful coffee app,en,0.7584041953086853
31405,54166,,5,Good type in the readers,good type in the reader,Good type in the readers,en,0.8087924718856812
31406,54167,,1,I do not recommend downloading it,i do not recommend download it,I do not recommend downloading it,en,0.7416321635246277
31407,54168,,1,"Very nice, recommend anyone","very nice, recommend anyone","Very nice, recommend anyone",en,0.9805719256401062
31408,54169,,5,Very sweet and about an experience 💙,very sweet and about an experience 💙,Very sweet and about an experience 💙,en,0.9768939018249512
31410,54171,,5,Excellent and smooth,excellent and smooth,Excellent and smooth,en,0.9146787524223328
31411,54172,,5,Wonderful application I advise you to download it,wonderful application i advise you to download it,Wonderful application I advise you to download it,en,0.9081913828849792
31412,54173,,5,Wonderful above the splendor is very sweet,wonderful above the splendor be very sweet,Wonderful above the splendor is very sweet,en,0.6315553784370422
31413,54176,,5,This app is excellent 👍 🤩,this app be excellent 👍 🤩,This app is excellent 👍🤩,en,0.7758675217628479
31414,54177,,4,The program is very wonderful,the program be very wonderful,The program is very wonderful,en,0.9178591966629028
31415,54180,,5,A pure monster with a ping and comment oh,a pure monster with a ping and comment oh,A pure monster with a ping and comment oh,en,0.862628161907196
31416,54181,,5,Very very sweet,very very sweet,Very very sweet,en,0.9980772137641907
31417,54182,,5,"Wonderful program, frankly","wonderful program, frankly","Wonderful program, frankly",en,0.700038731098175
31418,54183,,5,A huge application and tolerates the balance,a huge application and tolerate the balance,A huge application and tolerates the balance,en,0.8771961331367493
31419,54184,,5,Excellent and wonderful,excellent and wonderful,Excellent and wonderful,en,0.855283260345459
31420,54185,,5,"Glory be to God and praise Him It is for everything capable. Oh God, peace and blessings of peace and blessings be upon our Prophet Muhammad. O God, we seek refuge in you from that we will share something with you, and we seek forgiveness from what we do not know. I ask forgiveness from God, the great, who has no god but He, the lively living,","glory be to god and praise him it be for everything capable. oh god, peace and blessing of peace and blessing be upon our prophet muhammad. o god, we seek refuge in you from that we will share something with you, and we seek forgiveness from what we do not know. i ask forgiveness from god, the great, who have no god but he, the lively living,","Glory be to God and praise Him It is for everything capable. Oh God, peace and blessings of peace and blessings be upon our Prophet Muhammad. O God, we seek refuge in you from that we will share something with you, and we seek forgiveness from what we do not know. I ask forgiveness from God, the great, who has no god but He, the lively living,",en,0.9179595112800598
31421,54186,,5,Super Jerweeh Hallah and God,super jerweeh hallah and god,Super Jerweeh Hallah and God,en,0.6228833198547363
31422,54187,,5,"Very sweet and useful, 💯 💯 👏 👏 👏 👌 ❤️ 💚 ❤️ 💚 ❤️ 💚 ❤️ ❤️ ❤️ 💙 💜 🤩 😍 💛 🧡 ❤️ ♥ ️ 🖤 💜 💙 💚 👏 👏","very sweet and useful, 💯 💯 👏 👏 👏 👌 ❤ 💚 ❤ 💚 ❤ 💚 ❤ ❤ ❤ 💙 💜 🤩 😍 💛 🧡 ❤ ♥ 🖤 💜 💙 💚 👏 👏","Very sweet and useful, 💯💯👏👏👏👌❤️💚❤️💚❤️💚❤️❤️❤️💙💜🤩😍💛🧡❤️ ♥ ️🖤💜💙💚👏👏",en,0.5577396154403687
31423,54188,,5,"We sake it, so we can","we sake it, so we can","We sake it, so we can",en,0.8150795102119446
31424,54189,,5,"Good, good, very good","good, good, very good","Good, good, very good",en,0.9791544675827026
31425,54190,,2,I wish you could look at the words,i wish you could look at the word,I wish you could look at the words,en,0.9816068410873413
31426,54193,,4,Good because I am a beginner,good because i be a beginner,Good because I am a beginner,en,0.7568787932395935
31427,54195,,1,The dish is not free,the dish be not free,The dish is not free,en,0.6457341909408569
31428,54196,,1,"Why do I write the password correct, telling me a mistake, and what do you want to go?","why do i write the password correct, tell me a mistake, and what do you want to go?","Why do I write the password correct, telling me a mistake, and what do you want to go?",en,0.9422375559806824
31429,54197,,5,We hope that we do not pay in this application,we hope that we do not pay in this application,We hope that we do not pay in this application,en,0.9626466631889343
31430,54198,,5,More than wonderful application,more than wonderful application,More than wonderful application,en,0.904029369354248
31431,54201,,1,What is the advice of anyone in a failed program,what be the advice of anyone in a failed program,What is the advice of anyone in a failed program,en,0.9761155843734741
31432,54204,,5,Very useful splendor,very useful splendor,Very useful splendor,en,0.7934942245483398
31433,54205,,1,A ridiculous program for one of it,a ridiculous program for one of it,A ridiculous program for one of it,en,0.8997510075569153
31434,54208,,4,"Under the experience, but so far is excellent","under the experience, but so far be excellent","Under the experience, but so far is excellent",en,0.862954318523407
31436,54211,,5,"Movish Zio, two, the best application","movish zio, two, the best application","Movish Zio, two, the best application",en,0.6648867130279541
31437,54212,,2,I have not tried it yet,i have not try it yet,I have not tried it yet,en,0.9883019328117371
31438,54213,,5,Very excellent thanks,very excellent thanks,Very excellent thanks,en,0.9847873449325562
31439,54214,,5,Beautiful and wonderful,beautiful and wonderful,Beautiful and wonderful,en,0.7961702346801758
31440,54216,,5,"The splendor of my feet, so that it is possible to get the same U 7 Khafakhi 8, so it is 8 cruise, 8, 8, 8, 8, 8, 8, 8 Hide, I am afraid of 9, 9, 94, 94, 94, 94, 9, 9, 9, 6, 6, Shame, 6, 6, 7 Casting, 7, 6, Six, 9 Aqas, 07, 7, 7","the splendor of my feet, so that it be possible to get the same u 7 khafakhi 8, so it be 8 cruise, 8, 8, 8, 8, 8, 8, 8 hide, i be afraid of 9, 9, 94, 94, 94, 94, 9, 9, 9, 6, 6, shame, 6, 6, 7 casting, 7, 6, six, 9 aqas, 07, 7, 7","The splendor of my feet, so that it is possible to get the same U 7 Khafakhi 8, so it is 8 cruise, 8, 8, 8, 8, 8, 8, 8 Hide, I am afraid of 9, 9, 94, 94, 94, 94, 9, 9, 9, 6, 6, Shame, 6, 6, 7 Casting, 7, 6, Six, 9 Aqas, 07, 7, 7",en,0.8244886994361877
31441,54217,,5,I loved the method,i love the method,I loved the method,en,0.54668790102005
31442,54218,,5,Crane and bitterly sweet,crane and bitterly sweet,Crane and bitterly sweet,en,0.6120747923851013
31443,54219,,1,I am this application that only asks you for money,i be this application that only ask you for money,I am this application that only asks you for money,en,0.9324241876602173
31444,54220,,5,Wonderful program deserves a thousand stars,wonderful program deserve a thousand star,Wonderful program deserves a thousand stars,en,0.6641201376914978
31445,54224,,5,"A wonderful grandfather, your brother from Iraq, about the first experience of Kalash his love","a wonderful grandfather, your brother from iraq, about the first experience of kalash his love","A wonderful grandfather, your brother from Iraq, about the first experience of Kalash his love",en,0.978287398815155
31446,54225,,4,"I didn’t see it, but how to use it","i do not t see it, but how to use it","I didn’t see it, but how to use it",en,0.9310579299926758
31447,54226,,4,"It is the application with money, I mean, you need to subscribe ??","it be the application with money, i mean, you need to subscribe?","It is the application with money, I mean, you need to subscribe ??",en,0.9450445771217346
31448,54227,,2,"The application is underway, hahaha","the application be underway, hahaha","The application is underway, hahaha",en,0.8523983359336853
31449,54228,,5,"More than wonderful, God willing ♥","more than wonderful, god willing ♥","More than wonderful, God willing ♥",en,0.8539923429489136
31450,54229,,5,Better than any application,well than any application,Better than any application,en,0.9764009118080139
31451,54230,,4,The application is very wonderful 😻 😻,the application be very wonderful 😻 😻,The application is very wonderful 😻😻,en,0.9004472494125366
31452,54231,,3,"For a while, you will be a lot of time","for a while, you will be a lot of time","For a while, you will be a lot of time",en,0.9595757722854614
31453,54232,,5,Very cool app 👌,very cool app 👌,Very cool app 👌,en,0.9791587591171265
31454,54233,,1,The application that opens I do not know,the application that open i do not know,The application that opens I do not know,en,0.9294734597206116
31455,54235,,5,The app is very cool,the app be very cool,The app is very cool,en,0.9625543355941772
31456,54236,,3,Hello very beautiful,hello very beautiful,Hello very beautiful,en,0.9464054107666016
31457,54237,,5,So far it is very good,so far it be very good,So far it is very good,en,0.9325771331787109
31458,54238,,5,Wonderful program I advise you to download it.,wonderful program i advise you to download it.,Wonderful program I advise you to download it.,en,0.9615709781646729
31459,54240,,4,Please have a free copy,please have a free copy,Please have a free copy,en,0.9241811633110046
31460,54241,,5,Nice application I like 💜,nice application i like 💜,Nice application I like 💜,en,0.9110329151153564
31461,54243,,1,The app is not free,the app be not free,The app is not free,en,0.5522831678390503
31462,54244,,3,"Under the experience and, God willing, good, thank you","under the experience and, god willing, good, thank you","Under the experience and, God willing, good, thank you",en,0.8522826433181763
31463,54247,,5,You did not try it 😍 😍 😍 😍 with the people !!!!!!!!,you do not try it 😍 😍 😍 😍 with the people!,You did not try it 😍😍😍😍 with the people !!!!!!!!,en,0.9833515286445618
31464,54248,,5,"Once, God bless you beautiful","once, god bless you beautiful","Once, God bless you beautiful",en,0.6276545524597168
31465,54249,,5,Amazing application I have been looking for a long time,amaze application i have be look for a long time,Amazing application I have been looking for a long time,en,0.9015080332756042
31466,54251,,5,Thanks for this application,thanks for this application,Thanks for this application,en,0.9387297630310059
31467,54253,,5,The first stage is good,the first stage be good,The first stage is good,en,0.9088954925537109
31468,54254,,5,"I like you, I advise you to download","i like you, i advise you to download","I like you, I advise you to download",en,0.9687076807022095
31469,54255,,5,An application under the experience,an application under the experience,An application under the experience,en,0.9048243165016174
31470,54257,,5,Is this application with money ??? 😩,be this application with money? 😩,Is this application with money ??? 😩,en,0.9489560127258301
31471,54258,,5,The best program in the world,the best program in the world,The best program in the world,en,0.7624035477638245
31472,54259,,4,Habibit is a sweet and entertaining style,habibit be a sweet and entertaining style,Habibit is a sweet and entertaining style,en,0.567008912563324
31473,54260,,5,"Mashallah, a sweet time program","mashallah, a sweet time program","Mashallah, a sweet time program",en,0.6527224779129028
31474,54261,,5,A more than wonderful application,a more than wonderful application,A more than wonderful application,en,0.8965784311294556
31475,54262,,1,"I don't know how to occupy it, and is it free?","i do not know how to occupy it, and be it free?","I don't know how to occupy it, and is it free?",en,0.934974193572998
31476,54263,,1,Do you think I am Bill Gates? Please raise its price a little to be evaluated with a negative star,do you think i be bill gates? please raise it be price a little to be evaluate with a negative star,Do you think I am Bill Gates? Please raise its price a little to be evaluated with a negative star,en,0.8880510330200195
31477,54266,,5,"Seriously, beautiful","seriously, beautiful","Seriously, beautiful",en,0.9343246221542358
31478,54267,,5,It is worth the evaluation excellent,it be worth the evaluation excellent,It is worth the evaluation excellent,en,0.7690096497535706
31479,54268,,5,With the people !!!!!!!!!!!!!!!!!!!!!!!!!!!!!!!!!!!!!!!!!!!!!!!!!!!!!!!!!!!!!!!!!!!!!!!!!!!!!!!!!!!!!!!!!!!!!!!!!!!,with the people!,With the people !!!!!!!!!!!!!!!!!!!!!!!!!!!!!!!!!!!!!!!!!!!!!!!!!!!!!!!!!!!!!!!!!!!!!!!!!!!!!!!!!!!!!!!!!!!!!!!!!!!,en,0.9928412437438965
31480,54269,,3,Why does the application want money,why do the application want money,Why does the application want money,en,0.9159287810325623
31481,54270,,1,"Unfortunately, all of the money is not free","unfortunately, all of the money be not free","Unfortunately, all of the money is not free",en,0.8345471024513245
31482,54271,,5,"Without crowding, how is the way to pay in the State of Iraq","without crowding, how be the way to pay in the state of iraq","Without crowding, how is the way to pay in the State of Iraq",en,0.927246630191803
31483,54272,,5,The experiment is in principle wonderful,the experiment be in principle wonderful,The experiment is in principle wonderful,en,0.7741709351539612
31484,54273,,1,"For safety, I don’t know how it is, but I have a blog and comments on him, sweet, I don’t know what the problem is","for safety, i do not t know how it is, but i have a blog and comment on him, sweet, i do not t know what the problem be","For safety, I don’t know how it is, but I have a blog and comments on him, sweet, I don’t know what the problem is",en,0.9429240226745605
31485,54274,,5,Excellent from personal opinion,excellent from personal opinion,Excellent from personal opinion,en,0.9380150437355042
31486,54276,,5,I advise everyone to download,i advise everyone to download,I advise everyone to download,en,0.9637459516525269
31487,54277,,5,🥰 🥰 🥰 🥰 🥰 Beautiful in principle under experience,🥰 🥰 🥰 🥰 🥰 beautiful in principle under experience,🥰🥰🥰🥰🥰 Beautiful in principle under experience,en,0.8937047123908997
31488,54278,,5,"The application, by God, is crazy","the application, by god, be crazy","The application, by God, is crazy",en,0.9316206574440002
31489,54279,,5,"Excellent, frankly","excellent, frankly","Excellent, frankly",en,0.7742032408714294
31490,54280,,5,"Sweet, but unfortunately with money","sweet, but unfortunately with money","Sweet, but unfortunately with money",en,0.9872292876243591
31491,54281,,5,The app is very nice,the app be very nice,The app is very nice,en,0.9768656492233276
31492,54282,,2,"I will be taken to be taken away by the seat of 8 with a severity of the semesters of it. Thirteen Feddah, pumps it, 2, 2, 2 P.","i will be take to be take away by the seat of 8 with a severity of the semester of it. thirteen feddah, pump it, 2, 2, 2 p.","I will be taken to be taken away by the seat of 8 with a severity of the semesters of it. Thirteen Feddah, pumps it, 2, 2, 2 P.",en,0.9529235363006592
31493,54283,,5,I wish you would not be free of money,i wish you would not be free of money,I wish you would not be free of money,en,0.9657691717147827
31494,54284,,1,A paid program came out ... any words,a paid program come out. any word,A paid program came out ... any words,en,0.9625858664512634
31495,54286,,5,Excellent and beautiful,excellent and beautiful,Excellent and beautiful,en,0.9019804000854492
31496,54287,,5,"Thank you, I hope it is free in the future","thank you, i hope it be free in the future","Thank you, I hope it is free in the future",en,0.7657549977302551
31497,54289,,4,Is the app free? Please reply,be the app free? please reply,Is the app free? Please reply,en,0.8850582838058472
31498,54291,,3,Many people will not know they use it,many people will not know they use it,Many people will not know they use it,en,0.9910557866096497
31499,54293,,1,"You give me this, it is a follower, and it is a lifting of laundry, with a hateful, with a pardon, closing a good request.","you give me this, it be a follower, and it be a lifting of laundry, with a hateful, with a pardon, close a good request.","You give me this, it is a follower, and it is a lifting of laundry, with a hateful, with a pardon, closing a good request.",en,0.932003378868103
31500,54294,,5,God bless the Most Gracious,god bless the most gracious,God bless the Most Gracious,en,0.5242618322372437
31501,54295,,5,Will it be free and without Net,will it be free and without net,Will it be free and without Net,en,0.8297957181930542
31502,54296,,5,Wonderful super app,wonderful super app,Wonderful super app,en,0.5426093339920044
31503,54297,,3,It was fun 🤗 🤗,it be fun 🤗 🤗,It was fun 🤗🤗,en,0.5663530826568604
31504,54298,,3,Is this free application,be this free application,Is this free application,en,0.7244390249252319
31505,54299,,5,Seriously Jamaid,seriously jamaid,Seriously Jamaid,en,0.942950963973999
31506,54300,,1,There is no Arabic Luke,there be no arabic luke,There is no Arabic Luke,en,0.6545794606208801
31507,54301,,5,More than excellent,more than excellent,More than excellent,en,0.9596368670463562
31509,54306,,5,"Nice, the application","nice, the application","Nice, the application",en,0.8486320376396179
31510,54308,,5,"So far, God willing, different and impressive","so far, god willing, different and impressive","So far, God willing, different and impressive",en,0.7685757875442505
31511,54309,,5,"Very excellent, may God bless you","very excellent, may god bless you","Very excellent, may God bless you",en,0.9353795647621155
31512,54310,,5,Seriously beautiful,seriously beautiful,Seriously beautiful,en,0.9558030366897583
31513,54311,,5,This app is very sponsor,this app be very sponsor,This app is very sponsor,en,0.9543262124061584
31514,54312,,5,Crazy in the full sense of the word,crazy in the full sense of the word,Crazy in the full sense of the word,en,0.8908105492591858
31515,54313,,5,"Wonderful, thank you","wonderful, thank you","Wonderful, thank you",en,0.8002620339393616
31516,54315,,1,Unfortunately,unfortunately,Unfortunately,en,0.9680699706077576
31517,54316,,5,"If it was free, he would be the most wonderful","if it be free, he would be the most wonderful","If it was free, he would be the most wonderful",en,0.9527866840362549
31518,54317,,1,He requests to subscribe to money,he request to subscribe to money,He requests to subscribe to money,en,0.9443681240081787
31519,54318,,5,Frankly impressive application 🤩,frankly impressive application 🤩,Frankly impressive application 🤩,en,0.8473716378211975
31520,54319,,1,Germany does not know,germany do not know,Germany does not know,en,0.9337472915649414
31521,54320,,1,Is it Arabic?,be it arabic?,Is it Arabic?,en,0.8710695505142212
31522,54322,,1,"Very, very, very, very cool","very, very, very, very cool","Very, very, very, very cool",en,0.9707128405570984
31523,54323,,1,Thank you for your tiredness and efforts,thank you for your tiredness and effort,Thank you for your tiredness and efforts,en,0.971245527267456
31524,54324,,5,Ro it hard,ro it hard,Roooooo it hard,en,0.5034473538398743
31525,54325,,2,Is this app free,be this app free,Is this app free,en,0.5248135328292847
31526,54327,,1,"Do not go down, download a program called Kik, the sweetest","do not go down, download a program call kik, the sweetest","Do not go down, download a program called Kik, the sweetest",en,0.7601377964019775
31527,54328,,5,This application is very,this application be very,This application is very,en,0.9703763723373413
31528,54329,,5,The best application of my life in my life 🧐 😗 😙 😚 😘 😘 🥰 🥰 😍 🤩 🥳 🤗,the best application of my life in my life 🧐 😗 😙 😚 😘 😘 🥰 🥰 😍 🤩 🥳 🤗,The best application of my life in my life 🧐😗😙😚😘😘🥰🥰😍🤩🥳🤗,en,0.7973843216896057
31529,54330,,5,The program is very sweet and ♥ ♥ ♥ ♥,the program be very sweet and ♥ ♥ ♥ ♥,The program is very sweet and ♥♥♥♥,en,0.9312250018119812
31530,54331,,5,"Beautiful, God willing","beautiful, god willing","Beautiful, God willing",en,0.5909228920936584
31531,54332,,2,Program under experience,program under experience,Program under experience,en,0.911166787147522
31532,54333,,3,The program is very sweet,the program be very sweet,The program is very sweet,en,0.9301822781562805
31533,54334,,5,Excellent hundred hundred,excellent hundred hundred,Excellent hundred hundred,en,0.7068854570388794
31534,54335,,5,Well I loved it 😍,well i love it 😍,Well I loved it 😍,en,0.8618435859680176
31536,54337,,4,☻ Thank you very much,☻ thank you very much,☻ Thank you very much,en,0.9964014887809753
31538,54339,,1,The application is very expensive,the application be very expensive,The application is very expensive,en,0.97722327709198
31539,54340,,5,Without subscription,without subscription,Without subscription,en,0.6889510750770569
31542,54343,,3,"Apply sweet, but with money","apply sweet, but with money","Apply sweet, but with money",en,0.9724439978599548
31543,54346,,5,Under the experience 👍🏻 👑 Greetings to you.,under the experience 👍 👑 greeting to you.,Under the experience 👍🏻👑 Greetings to you.,en,0.9695057272911072
31544,54347,,5,I recommend it very much,i recommend it very much,I recommend it very much,en,0.9952691793441772
31545,54348,,4,It is still under experience,it be still under experience,It is still under experience,en,0.9438446164131165
31546,54349,,5,Introducing your fingerprint with his participation,introduce your fingerprint with his participation,Introducing your fingerprint with his participation,en,0.97202068567276
31548,54351,,5,"By God, very wonderful","by god, very wonderful","By God, very wonderful",en,0.9866556525230408
31549,54352,,1,I didn't like,i do not like,I didn't like,en,0.7229263782501221
31550,54353,,4,Bit,bit,Bit,en,0.9689391255378723
31551,54354,,5,"So far, excellent","so far, excellent","So far, excellent",en,0.6105180978775024
31552,54355,,4,Where is Arabic?,where be arabic?,Where is Arabic?,en,0.845059335231781
31553,54356,,5,More than a popular,more than a popular,More than a popular,en,0.9674220681190491
31554,54359,,5,Rigid program,rigid program,Rigid program,en,0.6365312337875366
31555,54360,,5,Menih this application,menih this application,Menih this application,en,0.5403568148612976
31556,54361,,1,I do not work,i do not work,I do not work,en,0.6195629239082336
31557,54362,,5,"God willing, excellent","god willing, excellent","God willing, excellent",en,0.6624728441238403
31558,54363,,1,Club application,club application,Club application,en,0.7673991322517395
31559,54366,,1,"The search is a lion, as he said, may God bless you, King Salman","the search be a lion, as he said, may god bless you, king salman","The search is a lion, as he said, may God bless you, King Salman",en,0.9533935785293579
31560,54367,,5,To date excellent,to date excellent,To date excellent,en,0.885115385055542
31561,54368,,5,Brick,brick,Brick,en,0.8035431504249573
31563,54371,,5,More than a wonderful one,more than a wonderful one,More than a wonderful one,en,0.8656724691390991
31564,54373,,5,Masha'Allah a wonderful application 😍,mashaallah a wonderful application 😍,Masha'Allah a wonderful application 😍,en,0.6593578457832336
31565,54374,,5,The program is great,the program be great,The program is great,en,0.7951340675354004
31566,54375,,5,The app is very sweet,the app be very sweet,The app is very sweet,en,0.939382791519165
31567,54376,,5,Not sweet application,not sweet application,Not sweet application,en,0.7412635087966919
31568,54378,,5,"This program is the death of death, Jadaan, by God","this program be the death of death, jadaan, by god","This program is the death of death, Jadaan, by God",en,0.9189760684967041
31569,54379,,5,And my Lord is a luxurious people of the people,and my lord be a luxurious people of the people,And my Lord is a luxurious people of the people,en,0.9583925008773804
31570,54381,,5,I want to see one Christian one,i want to see one christian one,I want to see one Christian one,en,0.9256439208984375
31571,54383,,5,I don’t know what to do,i do not t know what to do,I don’t know what to do,en,0.9090268611907959
31572,54384,,1,Interesting Matfar enters him .. You must pay money,interest matfar enters him. you must pay money,Interesting Matfar enters him .. You must pay money,en,0.9805076718330383
31573,54387,,1,I thought it was free,i think it be free,I thought it was free,en,0.945659875869751
31574,54388,,3,Sweet under experience,sweet under experience,Sweet under experience,en,0.829727828502655
31575,54389,,3,Where is the translation?,where be the translation?,Where is the translation?,en,0.6969828605651855
31576,54390,,5,The program is sweet,the program be sweet,The program is sweet,en,0.6105698943138123
31577,54391,,1,I hope the application is free,i hope the application be free,I hope the application is free,en,0.7096583247184753
31578,54392,,5,"Once sweet, frankly","once sweet, frankly","Once sweet, frankly",en,0.8907179832458496
31579,54393,,4,Why is it a subscription,why be it a subscription,Why is it a subscription,en,0.657071590423584
31580,54394,,5,The program is rigid,the program be rigid,The program is rigid,en,0.5898730158805847
31581,54395,,5,I advise you to download it crazy,i advise you to download it crazy,I advise you to download it crazy,en,0.9243612885475159
31582,54396,,3,in the beginning,in the beginning,in the beginning,en,0.8814741373062134
31583,54397,,5,Sweet application,sweet application,Sweet application,en,0.7383214831352234
31584,54399,,1,Flat application,flat application,Flat application,en,0.860605001449585
31585,54400,,4,Thank you all,thank you all,Thank you all,en,0.7642172574996948
31586,54401,,5,The most beautiful application,the most beautiful application,The most beautiful application,en,0.8690492510795593
31587,54402,,5,The app is very sweet 😍🇸🇾,the app be very sweet 😍,The app is very sweet 😍🇸🇾,en,0.9465110301971436
31588,54403,,5,"Jamyel, a thousand stars","jamyel, a thousand star","Jamyel, a thousand stars",en,0.5322393774986267
31590,54406,,1,All with a subscription,all with a subscription,All with a subscription,en,0.8954502940177917
31591,54407,,4,"The application is amazing, God willing","the application be amazing, god willing","The application is amazing, God willing",en,0.7348009943962097
31592,54409,,3,Its champion passed,it be champion pass,Its champion passed,en,0.9170492887496948
31593,54411,,5,With the people,with the people,With the people,en,0.9945732355117798
31594,54412,,1,"The power of power, believers","the power of power, believer","The power of power, believers",en,0.9003266096115112
31595,54413,,5,We start with the experience,we start with the experience,We start with the experience,en,0.9331026077270508
31596,54414,,5,Human rights of women,human right of woman,Human rights of women,en,0.6477534174919128
31597,54416,,4,Under the first experience,under the first experience,Under the first experience,en,0.913349449634552
31598,54417,,4,Try it and higher,try it and high,Try it and higher,en,0.9788849353790283
31600,54420,,2,How to be used,how to be use,How to be used,en,0.8076004385948181
31601,54421,,5,Under an experience so far,under an experience so far,Under an experience so far,en,0.7984684109687805
31602,54422,,3,Under the experience,under the experience,Under the experience,en,0.9133591055870056
31603,54424,,1,I advise you what you do,i advise you what you do,I advise you what you do,en,0.9544283151626587
31604,54425,,1,Is it free?!,be it free? !,Is it free?!,en,0.50213223695755
31605,54426,,5,At the height of the splendor,at the height of the splendor,At the height of the splendor,en,0.8412037491798401
31606,54427,,3,The application with money,the application with money,The application with money,en,0.953161895275116
31607,54430,,5,"Sweet, but with the money of Atfo","sweet, but with the money of atfo","Sweet, but with the money of Atfo",en,0.9852162003517151
31609,54432,,5,Zr,zr,Zrrrrrrr,en,0.747019350528717
31610,54433,,5,You are crazy,you be crazy,You are crazy,en,0.6364579796791077
31611,54434,,5,Under experience,under experience,Under experience,en,0.9246654510498047
31612,54435,,5,"I don't know, try","i do not know, try","I don't know, try",en,0.8655850887298584
31613,54436,,5,I have not tried yet,i have not try yet,I have not tried yet,en,0.9911229014396667
31614,54438,,5,Above the concession,above the concession,Above the concession,en,0.8034413456916809
31615,54439,,1,Safar 0 program,safar 0 program,Safar 0 program,en,0.6904888153076172
31616,54440,,1,"Not sweet, they do not understand","not sweet, they do not understand","Not sweet, they do not understand",en,0.9713642597198486
31617,54441,,2,Until now it is good,until now it be good,Until now it is good,en,0.9414048790931702
31618,54442,,5,Crane with the people,crane with the people,Crane with the people,en,0.9810575246810913
31619,54443,,5,I find a lot of madness 😁 😁 😁,i find a lot of madness 😁 😁 😁,I find a lot of madness 😁😁😁,en,0.8485608100891113
31620,54444,,5,Very wonderful,very wonderful,Very wonderful,en,0.9536764621734619
31621,54445,,5,An app,an app,An app,en,0.9012160301208496
31623,54448,,5,The app is sweet,the app be sweet,The app is sweet,en,0.5219301581382751
31624,54450,,5,Experience,experience,Experience,en,0.8729748129844666
31625,54451,,5,The application is a lot,the application be a lot,The application is a lot,en,0.8874545693397522
31626,54452,,5,Roah program,roah program,Rooooah program,en,0.849231481552124
31629,54456,,5,Fahla application,fahla application,Fahla application,en,0.7966020703315735
31631,54458,,5,A with Ghat,a with ghat,A with Ghat,en,0.9946511387825012
31632,54459,,5,Excellent brother,excellent brother,Excellent brother,en,0.9288812875747681
31633,54460,,1,Look Your mother,look your mother,Look ######## Your mother,en,0.9687492847442627
31634,54461,,5,Reduce your tone: Elsaspeak,reduce your tone elsaspeak,Reduce your tone: Elsaspeak,en,0.8352416157722473
31635,54462,,5,I did not try it,i do not try it,I did not try it,en,0.7608516812324524
31637,54466,,5,"Wonderful, I advise you to try","wonderful, i advise you to try","Wonderful, I advise you to try",en,0.9678453803062439
31638,54467,,1,Fallus program,fallus program,Fallus program,en,0.6202563047409058
31639,54468,,4,I think I am working,i think i be work,I think I am working,en,0.9795348644256592
31640,54470,,5,Almond,almond,Almond,en,0.5805526375770569
31641,54471,,5,You are really innovators,you be really innovator,You are really innovators,en,0.9077136516571045
31642,54472,,1,I don't know use,i do not know use,I don't know use,en,0.6741718649864197
31643,54475,,5,Wonderfulness,wonderfulness,Wonderfulness,en,0.7641531229019165
31644,54476,,5,Jamil time,jamil time,Jamil time,en,0.5931888818740845
31645,54477,,1,Under his experience,under his experience,Under his experience,en,0.9994887709617615
31647,54479,,5,Artistic masterpiece,artistic masterpiece,Artistic masterpiece,en,0.7166746854782104
31652,54486,,5,The most splendor,the most splendor,The most splendor,en,0.6080777645111084
31654,54488,,5,Fadaa in Jannan,fadaa in jannan,Fadaa in Jannan,en,0.7859926819801331
31656,54490,,5,Sweet and beautiful,sweet and beautiful,Sweet and beautiful,en,0.812147319316864
31657,54491,,5,With the people .........,with the people.,With the people .........,en,0.9991092681884766
31658,54492,,5,You lived,you live,You lived,en,0.5865275859832764
31659,54494,,5,With the people 😂,with the people 😂,With the people 😂,en,0.9910226464271545
31660,54496,,5,I really reduced my dialect,i really reduce my dialect,I really reduced my dialect,en,0.9784960150718689
31661,54499,,5,What about us,what about u,What about us,en,0.9742501974105835
31662,54501,,5,I did not understand anything,i do not understand anything,I did not understand anything,en,0.9538977742195129
31664,54506,,5,Vry Good.and So Useful,vry good. and so useful,Vry Good.and So Useful,en,0.7882544994354248
31665,54509,,5,masterpiece,masterpiece,masterpiece,en,0.5915983319282532
31666,54511,,5,Think about this study,think about this study,Think about this study,en,0.9930001497268677
31667,54512,,3,Vry Nice 👍🏻,vry nice 👍,Vry Nice 👍🏻,en,0.5548973679542542
31668,54515,,5,It's verb,it be verb,It's verb,en,0.8168976306915283
31669,54517,,5,This is an amazing Application.,this be an amazing application.,This is an amazing Application.,en,0.7842379212379456
31670,54522,,5,That's so good 👍 👍,that be so good 👍 👍,That's so good 👍👍,en,0.8565242290496826
31672,54526,,5,Meganeous,meganeous,Meganeous,en,0.6488096714019775
31673,54527,,5,"Beautiful but I had free it's go, i Wish It was free","beautiful but i have free it be go, i wish it be free","Beautiful but I had free it's go, i Wish It was free",en,0.7759847044944763
31674,54528,,5,Vry Good App,vry good app,Vry Good App,en,0.8224815726280212
31675,54533,,5,Great App for Learning English 💯,great app for learn english 💯,Great App for Learning English 💯,en,0.8789647221565247
31676,54535,,5,"After a long Experience with Many Language Learning Apps, I have to say that Elsa Speak is no Ordinary App. The technology is addiced, espeCially the real-time pronunciation correction featuure, which lets you know exactly where you have a mistake and How to Fix it, Rather Than Just Telling You 'Wrong' and leaving you lost. The App's Exercises Are Varied and Graded, Suitable for All Levels, and Logical With Being Exaggeared, Meaning You Learnly and Without Pressure.","after a long experience with many language learn apps, i have to say that elsa speak be no ordinary app. the technology be addiced, especially the real-time pronunciation correction featuure, which let u you know exactly where you have a mistake and how to fix it, rather than just tell you wrong and leave you lost. the apps exercise be vary and graded, suitable for all levels, and logical with be exaggeared, meaning you learnly and without pressure.","After a long Experience with Many Language Learning Apps, I have to say that Elsa Speak is no Ordinary App. The technology is addiced, espeCially the real-time pronunciation correction featuure, which lets you know exactly where you have a mistake and How to Fix it, Rather Than Just Telling You 'Wrong' and leaving you lost. The App's Exercises Are Varied and Graded, Suitable for All Levels, and Logical With Being Exaggeared, Meaning You Learnly and Without Pressure.",en,0.9582619071006775
31677,54538,,5,Was Great 😃,be great 😃,Was Great 😃,en,0.5477415323257446
31678,54541,,5,Vry Good,vry good,Vry Good,en,0.7074506282806396
31679,54542,,5,Vry usful,vry usful,Vry usful,en,0.7524299025535583
31680,54543,,5,Luxurious application,luxurious application,Luxurious application,en,0.8701287508010864
31681,54549,,5,You are raised,you be raise,You are raised,en,0.7106112837791443
31682,54550,,1,Failed program,fail program,Failed program,en,0.7816415429115295
31683,54551,,4,Good But the Sound of Ai Hard to Know,good but the sound of ai hard to know,Good But the Sound of Ai Hard to Know,en,0.9572150707244873
31684,54552,,5,"Beautiful, pure","beautiful, pure","Beautiful, pure",en,0.6262794137001038
31686,54557,,5,It's a Wonderful Application for Learning,it be a wonderful application for learn,It's a Wonderful Application for Learning,en,0.8350534439086914
31687,54559,,5,Excellent enhancing,excellent enhance,Excellent enhancing,en,0.7268157005310059
31688,54567,,5,I will 🙏 🙏 to be this for free,i will 🙏 🙏 to be this for free,I will 🙏🙏 to be this for free,en,0.8252136707305908
31689,54569,,5,"Well, I Havent Tried The Paid Version Yet. The Type of Exercises Look Great for Me. They Cover Lots of Your Weaknesses But The Free Version Is Limited for Only One Exercise in 24 Hours.","well, i have not try the pay version yet. the type of exercise look great for me. they cover lot of your weakness but the free version be limit for only one exercise in 24 hours.","Well, I Havent Tried The Paid Version Yet. The Type of Exercises Look Great for Me. They Cover Lots of Your Weaknesses But The Free Version Is Limited for Only One Exercise in 24 Hours.",en,0.9710249900817871
31690,54570,,3,Vry good 👍🏼 😊,vry good 👍 😊,Vry good 👍🏼😊,en,0.5669463872909546
31691,54576,,5,Useful and wonderful,useful and wonderful,Useful and wonderful,en,0.6240382790565491
31692,54577,,5,I advise that it is a very good one.,i advise that it be a very good one.,I advise that it is a very good one.,en,0.9923375844955444
31693,54578,,5,Vry good 😊,vry good 😊,Vry good 😊,en,0.6548259258270264
31694,54582,,5,Amazing Conversation 👌 It's perfect sounds good that ai met lending Needs.,amaze conversation 👌 it be perfect sound good that ai meet lending needs.,Amazing Conversation 👌 It's perfect sounds good that ai met lending Needs.,en,0.8639670014381409
31695,54585,,5,Great .. Extremely usful,great. extremely usful,Great .. Extremely usful,en,0.8807538151741028
31697,54593,,5,Good But Much Expective,good but much expective,Good But Much Expective,en,0.9941805005073547
31698,54594,,1,Uncomfortable,uncomfortable,Uncomfortable,en,0.8555994629859924
31699,54596,,5,This is an application that makes you learn the English with ease,this be an application that make you learn the english with ease,This is an application that makes you learn the English with ease,en,0.9517424702644348
31700,54598,,5,Magnificance,magnificance,Magnificance,en,0.6402076482772827
31701,54599,,5,I really live it 😍 💖 Five Stars,i really live it 😍 💖 five star,I really live it 😍💖 Five Stars,en,0.9346376657485962
31702,54602,,1,Expective!,expective!,Expective!,en,0.9179331660270691
31704,54606,,5,Good app ❤,good app ❤,Good app ❤,en,0.8728510141372681
31705,54614,,5,Nice 💯,nice 💯,Nice 💯,en,0.7240248322486877
31706,54620,,5,Professional Application,professional application,Professional Application,en,0.9624841809272766
31707,54621,,5,Vry Very Nice ..,vry very nice.,Vry Very Nice ..,en,0.9934097528457642
31708,54622,,5,Good to Learn Speaking True 👍,good to learn speak true 👍,Good to Learn Speaking True 👍,en,0.9513735175132751
31709,54624,,5,The App Very 👍,the app very 👍,The App Very 👍,en,0.9929232001304626
31711,54635,,5,greatness,greatness,greatness,en,0.9199286699295044
31714,54642,,5,👍 Good Job,👍 good job,👍 Good Job,en,0.9160673022270203
31715,54643,,4,This is the program is beutiful,this be the program be beutiful,This is the program is beutiful,en,0.6943516731262207
31716,54647,,5,Vry Nice,vry nice,Vry Nice,en,0.6278018355369568
31718,54649,,5,Wow that is a Amazing Experience L RealLY AppreCIate that 🤍 ☺️,wow that be a amazing experience l really appreciate that 🤍 ☺,Wow that is a Amazing Experience L RealLY AppreCIate that 🤍☺️,en,0.9605938196182251
31719,54650,,1,Not Support Arabic Language in Setting 😕,not support arabic language in set 😕,Not Support Arabic Language in Setting 😕,en,0.8918660879135132
31720,54651,,5,Very beautiful ✨️,very beautiful ✨,Very beautiful ✨️,en,0.9790354371070862
31721,54652,,5,"Excellent, easy, and useful","excellent, easy, and useful","Excellent, easy, and useful",en,0.7393088340759277
31725,54664,,3,This is the application cool,this be the application cool,This is the application cool,en,0.7762799859046936
31727,54669,,4,"I liked this application vercha becuse it provides Many educiational Methods, but what changed my OPINION about it is that Impscribe to bring some educingal Tools Available in It.!","i like this application vercha becuse it provide many educiational methods, but what change my opinion about it be that impscribe to bring some educingal tool available in it. !","I liked this application vercha becuse it provides Many educiational Methods, but what changed my OPINION about it is that Impscribe to bring some educingal Tools Available in It.!",en,0.9482620358467102
31728,54672,,5,Lam So Grateful to You,lam so grateful to you,Lam So Grateful to You,en,0.8136608600616455
31729,54673,,5,Good 💯 👍,good 💯 👍,Good 💯👍,en,0.5955150127410889
31730,54678,,5,The sweetest application,the sweet application,The sweetest application,en,0.7567065358161926
31731,54680,,5,Very popular,very popular,Very popular,en,0.995872974395752
31733,54683,,5,Feature Good to Have Customize Home Page. There are great tools and feats and I wanted to add in home page as I will change Sound. Elsa Sound is Good and CLEAR But I Prefer a Man Sound Rather Than Woman,feature good to have customize home page. there be great tool and feat and i want to add in home page as i will change sound. elsa sound be good and clear but i prefer a man sound rather than woman,Feature Good to Have Customize Home Page. There are great tools and feats and I wanted to add in home page as I will change Sound. Elsa Sound is Good and CLEAR But I Prefer a Man Sound Rather Than Woman,en,0.9155955910682678
31734,54684,,4,Lam in The Beginning But I think that good way,lam in the beginning but i think that good way,Lam in The Beginning But I think that good way,en,0.9761254787445068
31736,54688,,5,Vry Wonderful Application,vry wonderful application,Vry Wonderful Application,en,0.7052792906761169
31737,54689,,5,This Application is really Helpful,this application be really helpful,This Application is really Helpful,en,0.944722056388855
31738,54692,,4,Vry good 👍,vry good 👍,Vry good 👍,en,0.6002130508422852
31739,54697,,4,Very fun,very fun,Very fun,en,0.9939684271812439
31740,54700,,5,It is a maizing App I loved it ❤️,it be a maizing app i love it ❤,It is a maizing App I loved it ❤️,en,0.6246110796928406
31742,54702,,1,Vry Well,vry well,Vry Well,en,0.9670007228851318
31745,54707,,3,It is the best application in English Speaking Skill Till Now.,it be the best application in english speaking skill till now.,It is the best application in English Speaking Skill Till Now.,en,0.8710224628448486
31746,54708,,3,Wow it's really good,wow it be really good,Wow it's really good,en,0.9635955691337585
31748,54711,,4,Greet But everything in English,greet but everything in english,Greet But everything in English,en,0.8899754285812378
31749,54712,,5,Excellent you are wonderful,excellent you be wonderful,Excellent you are wonderful,en,0.7348777055740356
31750,54716,,5,"Indeed, it is a very useful application","indeed, it be a very useful application","Indeed, it is a very useful application",en,0.8981683850288391
31751,54717,,5,Vry Good Apps. Thank you,vry good apps. thank you,Vry Good Apps. Thank you,en,0.9346339702606201
31752,54719,,5,Completely,completely,Completely,en,0.9963657259941101
31755,54723,,5,The best profram in the world,the best profram in the world,The best profram in the world,en,0.637018620967865
31757,54728,,1,Too Expective!,too expective!,Too Expective!,en,0.9447620511054993
31758,54729,,5,This App is Greatto Learn English,this app be greatto learn english,This App is Greatto Learn English,en,0.6900734305381775
31759,54734,,5,Very cool and useful application for conversation,very cool and useful application for conversation,Very cool and useful application for conversation,en,0.9239242672920227
31760,54735,,5,That's good ... You are help me so Much ☺️,that be good. you be help me so much ☺,That's good ... You are help me so Much ☺️,en,0.9690918922424316
31761,54736,,2,Great program 🤩,great program 🤩,Great program 🤩,en,0.8561856746673584
31762,54745,,4,Useful and Helpful to Practice the Language,useful and helpful to practice the language,Useful and Helpful to Practice the Language,en,0.8731285333633423
31763,54746,,5,I can win,i can win,I can win,en,0.9803799390792847
31764,54750,,5,Hungry,hungry,Hungry,en,0.5073994398117065
31765,54751,,5,I love your work.,i love your work.,I love your work.,en,0.9105649590492249
31767,54754,,5,Beautiful App I Enjoy to Speak with,beautiful app i enjoy to speak with,Beautiful App I Enjoy to Speak with,en,0.9908477663993835
31768,54756,,5,Vry Good App Work Downloading,vry good app work download,Vry Good App Work Downloading,en,0.8526382446289062
31769,54759,,5,Good App to Speaking,good app to speaking,Good App to Speaking,en,0.9840052127838135
31771,54764,,5,Literally,literally,Literally,en,0.9291799664497375
31772,54766,,4,Very beautiful.,very beautiful.,Very beautiful.,en,0.9910461902618408
31773,54768,,5,Picnic,picnic,Picnic,en,0.5840168595314026
31774,54769,,5,It is very helpfl l Like it very much ♥ ️ ✨,it be very helpfl l like it very much ♥ ✨,It is very helpfl l Like it very much ♥ ️✨,en,0.9945093989372253
31775,54772,,5,It's Above Access,it be above access,It's Above Access,en,0.5120581388473511
31776,54773,,5,She is very nice and good teacher,she be very nice and good teacher,She is very nice and good teacher,en,0.9961697459220886
31777,54775,,5,Thanks 🌹,thanks 🌹,Thanks 🌹,en,0.8410186767578125
31778,54776,,5,Marvelous Application ✨,marvelous application ✨,Marvelous Application ✨,en,0.6981459259986877
31779,54777,,1,A bad application that was broken down and removed from the Telegram group without reason by addict. Bad App them Out and Block Me from TeleGram Group With Rason by Admin.,a bad application that be break down and remove from the telegram group without reason by addict. bad app them out and block me from telegram group with rason by admin.,A bad application that was broken down and removed from the Telegram group without reason by addict. Bad App them Out and Block Me from TeleGram Group With Rason by Admin.,en,0.9222757816314697
31781,54779,,5,"Perfect App for Learning and Speaking English, I Have a Question I Need Help for Payment How can I get it","perfect app for learn and speak english, i have a question i need help for payment how can i get it","Perfect App for Learning and Speaking English, I Have a Question I Need Help for Payment How can I get it",en,0.9672013521194458
31782,54780,,5,B8cig Engineer :) H Rudd VS/ EFF C.F.,b8cig engineer h rudd vs/ eff c. f.,B8cig Engineer :) H Rudd VS/ EFF C.F.,en,0.853653609752655
31783,54781,,5,"It's Wonderfl App, I Get IT 5 Stars 🤍 🖤","it be wonderfl app, i get it 5 star 🤍 🖤","It's Wonderfl App, I Get IT 5 Stars🤍🖤",en,0.5192358493804932
31784,54786,,5,Beautiful application,beautiful application,Beautiful application,en,0.8358104228973389
31786,54795,,5,That's great ✨️,that be great ✨,That's great ✨️,en,0.9541300535202026
31790,54801,,5,More Than Amazing,more than amaze,More Than Amazing,en,0.9534810185432434
31791,54802,,5,Great Job Elsa,great job elsa,Great Job Elsa,en,0.7489057779312134
31793,54817,,5,So usful,so usful,So usful,en,0.6624418497085571
31794,54820,,5,Very new,very new,Very new,en,0.9984897375106812
31796,54822,,5,I love the program,i love the program,I love the program,en,0.546884298324585
31797,54826,,5,He strongly stated it,he strongly state it,He strongly stated it,en,0.9630957245826721
31798,54827,,4,"It is very good app, it has a lot of lessons and partissions it is like a teacher who texts you English pronunciation.","it be very good app, it have a lot of lesson and partissions it be like a teacher who texts you english pronunciation.","It is very good app, it has a lot of lessons and partissions it is like a teacher who texts you English pronunciation.",en,0.9575145840644836
31799,54828,,5,I love this app so much it's like a dream,i love this app so much it be like a dream,I love this app so much it's like a dream,en,0.8484063744544983
31801,54836,,5,In a madman,in a madman,In a madman,en,0.9258855581283569
31803,54842,,5,It's perfect 🥰,it be perfect 🥰,It's perfect 🥰,en,0.6656259298324585
31804,54853,,5,I like this App Course Make Another One Like this for GERMAN.,i like this app course make another one like this for german.,I like this App Course Make Another One Like this for GERMAN.,en,0.9117850065231323
31805,54854,,5,"It's a great application, Hopefully it will be free","it be a great application, hopefully it will be free","It's a great application, Hopefully it will be free",en,0.857097327709198
31807,54856,,5,Beautiful .. GoOOD,beautiful. goood,Beautiful .. GoooOOD,en,0.8438299298286438
31809,54864,,5,This App Vry Helpful and I Love it So Much,this app vry helpful and i love it so much,This App Vry Helpful and I Love it So Much,en,0.9101186394691467
31810,54866,,4,IT'an Excellent App,itan excellent app,IT'an Excellent App,en,0.575386643409729
31811,54868,,5,Fantastic Program 💯,fantastic program 💯,Fantastic Program 💯,en,0.6881334781646729
31812,54884,,5,LT Programs Great App,lt program great app,LT Programs Great App,en,0.872123122215271
31813,54885,,1,With money,with money,With money,en,0.9883213639259338
31814,54887,,4,Very sweet,very sweet,Very sweet,en,0.9840449690818787
31816,54892,,5,Great App ♥,great app ♥,Great App ♥,en,0.8557380437850952
31817,54894,,4,If this app became free will be more better and usful,if this app become free will be more good and usful,If this app became free will be more better and usful,en,0.9410150647163391
31818,54895,,5,I loved this app when I ask anything or Questions It ANSWer to me,i love this app when i ask anything or question it answer to me,I loved this app when I ask anything or Questions It ANSWer to me,en,0.9142859578132629
31819,54897,,1,Any Paid Application for Learning the Language I Consider Vry BAD who don’t you like the American English App? Unfortunately I Deleted Elasa Form My Tell,any paid application for learn the language i consider vry bad who do not t you like the american english app? unfortunately i delete elasa form my tell,Any Paid Application for Learning the Language I Consider Vry BAD who don’t you like the American English App? Unfortunately I Deleted Elasa Form My Tell,en,0.9358128905296326
31820,54898,,5,"Vry Nice, but why did he had to Bother with Money?","vry nice, but why do he have to bother with money?","Vry Nice, but why did he had to Bother with Money?",en,0.989897608757019
31821,54899,,5,Vry Good app for any one to imProve herself,vry good app for any one to improve herself,Vry Good app for any one to imProve herself,en,0.8985467553138733
31822,54903,,5,Vry Beautiful,vry beautiful,Vry Beautiful,en,0.5795625448226929
31823,54904,,5,"Great, Helpful and Funny Way to Learn Language !!","great, helpful and funny way to learn language!","Great, Helpful and Funny Way to Learn Language !!",en,0.873902440071106
31824,54906,,5,The Greatest Application. No Comment,the great application. no comment,The Greatest Application. No Comment,en,0.7307128310203552
31825,54910,,5,Please add the Offline Learning Feature,please add the offline learning feature,Please add the Offline Learning Feature,en,0.7849602103233337
31826,54911,,5,👍 Super Nice 💯,👍 super nice 💯,👍 Super Nice 💯,en,0.5237995386123657
31829,54917,,5,It's Amazing App for Learn,it be amazing app for learn,It's Amazing App for Learn,en,0.8641592264175415
31830,54920,,1,We Need Arabic,we need arabic,We Need Arabic,en,0.8857323527336121
31832,54935,,5,The Most Clever English Learning App on Planet Earth,the most clever english learn app on planet earth,The Most Clever English Learning App on Planet Earth,en,0.7489719986915588
31836,54943,,5,JUST PERFCT,just perfct,JUST PERFCT,en,0.8506886959075928
31837,54945,,4,Excel,excel,Excel,en,0.5132102370262146
31838,54949,,1,Free Choices Are Very Limited,free choice be very limited,Free Choices Are Very Limited,en,0.8889803290367126
31839,54950,,4,Should Be to Translate to Arabic,should be to translate to arabic,Should Be to Translate to Arabic,en,0.7867009043693542
31840,54952,,5,Vry Nice 💯,vry nice 💯,Vry Nice 💯,en,0.5446435213088989
31842,54956,,5,This Application is Excellent 😊,this application be excellent 😊,This Application is Excellent 😊,en,0.8213741779327393
31843,54962,,5,"In My Opinion, Elsa can be your English teacher in the home","in my opinion, elsa can be your english teacher in the home","In My Opinion, Elsa can be your English teacher in the home",en,0.9399621486663818
31844,54966,,4,Perfect 🤩 🙌,perfect 🤩 🙌,Perfect🤩🙌,en,0.586179256439209
31845,54967,,2,Khosh is a program and God,khosh be a program and god,Khosh is a program and God,en,0.8687601685523987
31846,54990,,3,It is very good 👍 and usful,it be very good 👍 and usful,It is very good 👍 and usful,en,0.9844403266906738
31847,54997,,5,It's best apps to learn English,it be best apps to learn english,It's best apps to learn English,en,0.8063690662384033
31848,54998,,5,I love you elsa speak,i love you elsa speak,I love you elsa speak,en,0.8152269721031189
31849,55007,,5,It's Fantastic App But Not Free,it be fantastic app but not free,It's Fantastic App But Not Free,en,0.7328256368637085
31850,55008,,5,This is very expellent?,this be very expellent?,This is very expellent?,en,0.9760844111442566
31851,55011,,5,This is good 👌,this be good 👌,This is good 👌,en,0.6783764958381653
31852,55012,,5,Beutiful,beutiful,Beutiful,en,0.5249553918838501
31856,55024,,5,The Problem:,the problem,The Problem:,en,0.9193532466888428
31857,55025,,5,"It is good, but it Needs Money and Many Arabs Do Not Have engrav Money to Buy all the Resources in the Application.","it be good, but it need money and many arab do not have engrav money to buy all the resource in the application.","It is good, but it Needs Money and Many Arabs Do Not Have engrav Money to Buy all the Resources in the Application.",en,0.9645751118659973
31858,55026,,5,"It is Wonderful and Beneficial, I have been benefiting During the Next Period","it be wonderful and beneficial, i have be benefit during the next period","It is Wonderful and Beneficial, I have been benefiting During the Next Period",en,0.9571614265441895
31859,55027,,5,The most powerful type,the most powerful type,The most powerful type,en,0.7988619208335876
31860,55038,,5,RealLly Helpful ☺️,reallly helpful ☺,RealLly Helpful ☺️,en,0.5504075288772583
31862,55055,,1,🔴 I hop that the Arabic Language will be added to the interface of the application in orer to make it easier for us to use the application for studnts who are new to learning English,🔴 i hop that the arabic language will be add to the interface of the application in orer to make it easy for u to use the application for studnts who be new to learn english,🔴 I hop that the Arabic Language will be added to the interface of the application in orer to make it easier for us to use the application for studnts who are new to learning English,en,0.8928589820861816
31863,55056,,5,This Application is verifylent. I Hope everyone downloads it and takes advantage of it to Improve your English Language skills 🤍 👌🏽,this application be verifylent. i hope everyone download it and take advantage of it to improve your english language skill 🤍 👌,This Application is verifylent. I Hope everyone downloads it and takes advantage of it to Improve your English Language skills 🤍👌🏽,en,0.88052898645401
31864,55064,,1,The Best Learning English App,the best learning english app,The Best Learning English App,en,0.8050616979598999
31865,55068,,5,This App Vry Useful I Like to Recomment You to download this app,this app vry useful i like to recomment you to download this app,This App Vry Useful I Like to Recomment You to download this app,en,0.9030805230140686
31866,55069,,5,"Awesome App, Thanks 😄","awesome app, thanks 😄","Awesome App, Thanks 😄",en,0.8077139854431152
31867,55070,,5,Thank you so much 😊,thank you so much 😊,Thank you so much 😊,en,0.9653264284133911
31868,55071,,5,It helas me alot,it helas me alot,It hélas me alot,en,0.5002782940864563
31869,55072,,5,My Favorite App to Learn English,my favorite app to learn english,My Favorite App to Learn English,en,0.9329838752746582
31870,55083,,5,ACTULLY This is the Best Choice for Any One Suffeers from Speaking.,actully this be the best choice for any one suffeers from speaking.,ACTULLY This is the Best Choice for Any One Suffeers from Speaking.,en,0.8415037989616394
31871,55087,,5,Vry Nice App to Improving Speaking Skills,vry nice app to improve speak skill,Vry Nice App to Improving Speaking Skills,en,0.9432154893875122
31872,55088,,5,Is Great Application 🤩 👌🏻,be great application 🤩 👌,Is Great Application 🤩👌🏻,en,0.7601191401481628
31874,55090,,5,Vry Good App I Recommended IT,vry good app i recommend it,Vry Good App I Recommended IT,en,0.8085290193557739
31877,55101,,5,Greeat App,greeat app,Greeat App,en,0.6460634469985962
31878,55102,,5,Always The Best,always the best,Always The Best,en,0.8233070969581604
31879,55106,,5,It's very good ☺️ 😊 ☺️ 😊,it be very good ☺ 😊 ☺ 😊,It's very good ☺️😊☺️😊,en,0.9507505297660828
31880,55109,,5,It's a very cool app 😍 😍,it be a very cool app 😍 😍,It's a very cool app😍😍,en,0.9730978012084961
31881,55110,,1,to lie,to lie,to lie,en,0.97791987657547
31882,55111,,5,I absolutly loved it.,i absolutly love it.,I absolutly loved it.,en,0.8814724683761597
31883,55113,,2,It needs balance,it need balance,It needs balance,en,0.8780597448348999
31884,55114,,5,to explain,to explain,to explain,en,0.969428300857544
31885,55117,,5,Smpel and Cies,smpel and cies,Smpel and Cies,en,0.8433048129081726
31886,55122,,1,You should tell that the program is not free before downloading,you should tell that the program be not free before download,You should tell that the program is not free before downloading,en,0.9304187297821045
31887,55123,,5,Very excellent 👍🏻 😁 👌🏻,very excellent 👍 😁 👌,Very excellent 👍🏻😁👌🏻,en,0.9661481976509094
31888,55125,,5,Vry Nice Profm. I advise you to download it,vry nice profm. i advise you to download it,Vry Nice Profm. I advise you to download it,en,0.861282229423523
31890,55132,,4,"Realy, nice","realy, nice","Realy, nice",en,0.7255265712738037
31891,55137,,5,That's a cool app,that be a cool app,That's a cool app,en,0.9250136017799377
31898,55177,,2,Pretty Good App .. ADVISE You to download it .... but every thing Needs Payment,pretty good app. advise you to download it. but every thing need payment,Pretty Good App .. ADVISE You to download it .... but every thing Needs Payment,en,0.9818072319030762
31899,55178,,5,It's a great App it helps me to learn English Too Easy,it be a great app it help me to learn english too easy,It's a great App it helps me to learn English Too Easy,en,0.8645287156105042
31900,55179,,3,Good App But Needs Money,good app but need money,Good App But Needs Money,en,0.971265435218811
31902,55185,,5,Stop,stop,Stop,en,0.6551483273506165
31903,55188,,5,The Best Way to Get a Native English Speaker,the best way to get a native english speaker,The Best Way to Get a Native English Speaker,en,0.8402537703514099
31904,55189,,5,Thank you so much 💓,thank you so much 💓,Thank you so much 💓,en,0.9710549712181091
31905,55191,,5,"Ilove, t","ilove, t","Ilove, t",en,0.6207965612411499
31907,55206,,5,Apply an application,apply an application,Apply an application,en,0.756553053855896
31908,55208,,4,"This app is very useful and intelligenceing. But in Some Countries (Like Mine: Syria), it does not work properly, and requires vpn every time you will to account the Full Features. I hop you fix that probem soon. Thanks!","this app be very useful and intelligenceing. but in some country like mine syria , it do not work properly, and require vpn every time you will to account the full features. i hop you fix that probem soon. thanks!","This app is very useful and intelligenceing. But in Some Countries (Like Mine: Syria), it does not work properly, and requires vpn every time you will to account the Full Features. I hop you fix that probem soon. Thanks!",en,0.917303740978241
31910,55217,,5,It is Frankly One of the Best Applications in Terms of Practicing Speaking Through the Day. I advise everyone to download it,it be frankly one of the best application in term of practice speak through the day. i advise everyone to download it,It is Frankly One of the Best Applications in Terms of Practicing Speaking Through the Day. I advise everyone to download it,en,0.9798450469970703
31911,55228,,5,It's so green 😍 😍,it be so green 😍 😍,It's so green😍😍,en,0.6187644004821777
31912,55232,,5,Anazing Application 👏,anazing application 👏,Anazing Application 👏,en,0.828886866569519
31913,55233,,5,Pretty Pretty Good,pretty pretty good,Pretty Pretty Good,en,0.9415927529335022
31914,55237,,5,Leak,leak,Leak,en,0.6807540059089661
31917,55243,,5,Is very well and so beutiful that IMPROVes Your Pronunciation Ability,be very well and so beutiful that improve your pronunciation ability,Is very well and so beutiful that IMPROVes Your Pronunciation Ability,en,0.940058708190918
31918,55246,,1,This is the best application,this be the best application,This is the best application,en,0.7527311444282532
31920,55250,,5,Great App 😍,great app 😍,Great App😍,en,0.9343432188034058
31921,55251,,4,Vilify,vilify,Vilify,en,0.8620200753211975
31922,55252,,5,Good App Thanks,good app thanks,Good App Thanks,en,0.9424644112586975
31924,55274,,5,It is a very cool program and i advise everyone to download it,it be a very cool program and i advise everyone to download it,It is a very cool program and i advise everyone to download it,en,0.9667335152626038
31925,55275,,5,Thank you so much 💓 💓,thank you so much 💓 💓,Thank you so much 💓💓,en,0.9665352702140808
31926,55277,,5,Amazing App I See in My Life,amaze app i see in my life,Amazing App I See in My Life,en,0.8649015426635742
31928,55285,,5,This is,this be,This is,en,0.5800637602806091
31929,55298,,5,Rigid application,rigid application,Rigid application,en,0.729558527469635
31930,55300,,5,Very loving,very love,Very loving,en,0.9850196242332458
31931,55304,,3,Beautiful program,beautiful program,Beautiful program,en,0.8101798892021179
31934,55315,,5,It's nice program,it be nice program,It's nice program,en,0.822318971157074
31935,55320,,5,Vry Helpful Coach,vry helpful coach,Vry Helpful Coach,en,0.9001495242118835
31940,55337,,1,Wow it's a nice thing I love it so much,wow it be a nice thing i love it so much,Wow it's a nice thing I love it so much,en,0.7536302208900452
31941,55340,,5,It is a good app but icanot move to the 3rd lesson,it be a good app but icanot move to the 3rd lesson,It is a good app but icanot move to the 3rd lesson,en,0.9585203528404236
31942,55342,,5,One of the Best Apps Ever ❤️ ✨,one of the best apps ever ❤ ✨,One of the Best Apps Ever ❤️✨,en,0.8839497566223145
31943,55347,,5,The most wonderful application,the most wonderful application,The most wonderful application,en,0.8287764191627502
31945,55352,,5,A Great App I Love it,a great app i love it,A Great App I Love it,en,0.6273090839385986
31947,55359,,5,Particle for Direct Object,particle for direct object,Particle for Direct Object,en,0.6680252552032471
31950,55364,,5,strong,strong,strong,en,0.6037480235099792
31951,55367,,5,summit,summit,summit,en,0.7804602384567261
31952,55368,,5,For it,for it,For it,en,0.9701275825500488
31953,55374,,5,The Amazing Things,the amazing thing,The Amazing Things,en,0.5540410280227661
31954,55379,,5,It is very good i like it 💕 ✋,it be very good i like it 💕 ✋,It is very good i like it 💕✋,en,0.9681568741798401
31955,55384,,5,This is very nice to learn English 👌,this be very nice to learn english 👌,This is very nice to learn English 👌,en,0.9607357978820801
31956,55385,,5,Thank it's a Wonderful App,thank it be a wonderful app,Thank it's a Wonderful App,en,0.5069754123687744
31957,55386,,5,That helps me few for the app,that help me few for the app,That helps me few for the app,en,0.995787501335144
31959,55393,,5,Vry Helpful,vry helpful,Vry Helpful,en,0.6243523955345154
31962,55417,,5,Best Practices,best practice,Best Practices,en,0.7076791524887085
31963,55418,,5,"I think this app is very helping for who What is to imprise his English skills in short Time, I like it and recomd to install it","i think this app be very help for who what be to imprise his english skill in short time, i like it and recomd to install it","I think this app is very helping for who What is to imprise his English skills in short Time, I like it and recomd to install it",en,0.9871881008148193
31965,55423,,5,It's was a good,it be be a good,It's was a good,en,0.6185486316680908
31967,55426,,5,Best for the Best,best for the best,Best for the Best,en,0.6485331058502197
31968,55430,,5,7very good,7very good,7very good,en,0.612920880317688
31969,55434,,2,Not,not,Not,en,0.7068339586257935
31970,55435,,5,The Great Thing That Makes You Fluent in English,the great thing that make you fluent in english,The Great Thing That Makes You Fluent in English,en,0.9136871099472046
31972,55439,,5,Fl costume,fl costume,Fl costume,en,0.5289231538772583
31973,55441,,4,"Good, but it is better to have the arabic landage, which will make it is easier for beginners","good, but it be well to have the arabic landage, which will make it be easy for beginner","Good, but it is better to have the arabic landage, which will make it is easier for beginners",en,0.9592432975769043
31975,55452,,5,Thanks a Lot of this apps,thanks a lot of this apps,Thanks a Lot of this apps,en,0.963428795337677
31976,55456,,5,Amazing 😍 😍,amaze 😍 😍,Amazing 😍😍,en,0.7920929789543152
31977,55457,,5,Vry Good for Englishers,vry good for englishers,Vry Good for Englishers,en,0.5220307111740112
31978,55471,,5,Vry Good and Application Verry Good,vry good and application verry good,Vry Good and Application Verry Good,en,0.8824329376220703
31979,55473,,5,Wawa Wawa he did Wowa,wawa wawa he do wowa,Wawa Wawa he did Wowa,en,0.5671066045761108
31980,55476,,5,coall,coall,cooooooooall,en,0.7791615724563599
31981,55477,,5,A very good,a very good,A very good,en,0.9969088435173035
31984,55483,,1,Amazing and Important,amazing and important,Amazing and Important,en,0.9112145304679871
31985,55491,,5,Vry Vry Excel And everyone's best using it.🇾🇪🇾🇪 🥰 🥰 🥰 🥰 🥰 😘 ✔️ ✔️️ ✔️,vry vry excel and everyones best use it. 🥰 🥰 🥰 🥰 🥰 😘 ✔ ✔ ✔,Vry Vry Excel And everyone's best using it.🇾🇪🇾🇪🥰🥰🥰🥰🥰😘✔️✔️️✔️,en,0.7451418042182922
31986,55492,,5,It's a great tool that will make you imProve your listening and speaking,it be a great tool that will make you improve your listening and speaking,It's a great tool that will make you imProve your listening and speaking,en,0.9272306561470032
31988,55504,,5,Jiayeide,jiayeide,Jiayeide,en,0.5494276881217957
31989,55510,,4,Wonderful app 🤩,wonderful app 🤩,Wonderful app 🤩,en,0.5919971466064453
31990,55515,,5,The best app. It's Amazing.,the best app. it be amazing.,The best app. It's Amazing.,en,0.8009244799613953
31991,55520,,5,Great Apposition ❤️ ❤️ ❤️ ❤️,great apposition ❤ ❤ ❤ ❤,Great Apposition ❤️❤️❤️❤️,en,0.5982484221458435
31993,55527,,5,This is the best English Speaking App and if not the best it is definitely one of the best.,this be the best english speaking app and if not the best it be definitely one of the best.,This is the best English Speaking App and if not the best it is definitely one of the best.,en,0.8720405101776123
31994,55529,,5,My Biggest Wish to You 😘 🥰,my big wish to you 😘 🥰,My Biggest Wish to You 😘🥰,en,0.8892403841018677
31995,55532,,5,It's so good this app is the best app so!,it be so good this app be the best app so!,It's so good this app is the best app so!,en,0.628789484500885
31996,55533,,5,"I love it, perfect ♥ ️ ♥ ️","i love it, perfect ♥ ♥","I love it, perfect ♥ ️ ♥ ️",en,0.5336121916770935
31997,55537,,5,Vry Beneficial Application,vry beneficial application,Vry Beneficial Application,en,0.8065037131309509
31998,55541,,5,The best application to learn to pronounce English words correctly. The best app to learn how to speak English Words Correctly.,the best application to learn to pronounce english word correctly. the best app to learn how to speak english word correctly.,The best application to learn to pronounce English words correctly. The best app to learn how to speak English Words Correctly.,en,0.9114632606506348
31999,55542,,5,"This is good course. We are Apprecia your jop, tank you","this be good course. we be apprecia your jop, tank you","This is good course. We are Apprecia your jop, tank you",en,0.7929649949073792
32001,55548,,4,That is great App for Listing,that be great app for list,That is great App for Listing,en,0.9265989065170288
32004,55553,,4,"Satisfied Experience, I Recomment to download this app for every person whom has been to enhance his account and be Able to Speak Correctly. The EFFORT that has been independent by the App Team Very CLEAR, it is work feature and worky of the application, and Four Stars OF of Five Are Due Accessing to My Personal Estimation, Althow thre Is a l","satisfied experience, i recomment to download this app for every person whom have be to enhance his account and be able to speak correctly. the effort that have be independent by the app team very clear, it be work feature and worky of the application, and four star of of five be due access to my personal estimation, althow thre be a l","Satisfied Experience, I Recomment to download this app for every person whom has been to enhance his account and be Able to Speak Correctly. The EFFORT that has been independent by the App Team Very CLEAR, it is work feature and worky of the application, and Four Stars OF of Five Are Due Accessing to My Personal Estimation, Althow thre Is a l",en,0.9744524955749512
32005,55554,,2,It is a black Idea to select only 5 lessons per day.,it be a black idea to select only 5 lesson per day.,It is a black Idea to select only 5 lessons per day.,en,0.8808194994926453
32006,55555,,3,It's good profram ☺️,it be good profram ☺,It's good profram ☺️,en,0.6053432822227478
32007,55556,,5,Good But Sometimes If You Pronounce Wrong Say Except,good but sometimes if you pronounce wrong say except,Good But Sometimes If You Pronounce Wrong Say Except,en,0.9244778752326965
32008,55563,,5,"It, s good","it, s good","It, s good",en,0.9345813393592834
32009,55564,,5,Super Teacher ❤ ✨,super teacher ❤ ✨,Super Teacher ❤✨,en,0.9119836091995239
32011,55570,,5,"I RealLY ADMIRED This App ... I Deadly RecommenD Those Who Want to Improving Themes to install this app, and make Daily Practice in Order to Make Improvingment ... Best regards","i really admire this app. i deadly recommend those who want to improve theme to install this app, and make daily practice in order to make improvingment. best regard","I RealLY ADMIRED This App ... I Deadly RecommenD Those Who Want to Improving Themes to install this app, and make Daily Practice in Order to Make Improvingment ... Best regards",en,0.9205073118209839
32012,55577,,5,"Good App for Pronunciation, Highly Recomment","good app for pronunciation, highly recomment","Good App for Pronunciation, Highly Recomment",en,0.9335804581642151
32015,55586,,3,"Please add the Arabic Language to the Application, it is different to Deal with it in English for us as learners","please add the arabic language to the application, it be different to deal with it in english for u as learner","Please add the Arabic Language to the Application, it is different to Deal with it in English for us as learners",en,0.9549431204795837
32016,55587,,5,"This Application is verposeful, I Love Elissa Very Much","this application be verposeful, i love elissa very much","This Application is verposeful, I Love Elissa Very Much",en,0.9188660979270935
32019,55598,,5,The App is Priority,the app be priority,The App is Priority,en,0.6504436135292053
32020,55599,,5,This is Elsa Speaker Make Me Really Good at Special and i'm Really Good at English Download Elsa Speaker,this be elsa speaker make me really good at special and i be really good at english download elsa speaker,This is Elsa Speaker Make Me Really Good at Special and i'm Really Good at English Download Elsa Speaker,en,0.937930703163147
32021,55602,,1,The worst program,the bad program,The worst program,en,0.7802497744560242
32022,55603,,5,Beautiful nice,beautiful nice,Beautiful nice,en,0.7637042999267578
32023,55606,,1,It is Excellent Program,it be excellent program,It is Excellent Program,en,0.8022086024284363
32025,55620,,5,Ideal application,ideal application,Ideal application,en,0.8935089707374573
32027,55629,,5,surprising,surprising,surprising,en,0.8684651851654053
32028,55641,,5,Master 😍 😍,master 😍 😍,Master 😍 😍,en,0.8642694354057312
32030,55643,,5,This was so much fun,this be so much fun,This was so much fun,en,0.9158626794815063
32033,55666,,5,I like so much 💞,i like so much 💞,I like so much 💞,en,0.9833277463912964
32034,55667,,5,Amazing App Think You Indeed,amaze app think you indeed,Amazing App Think You Indeed,en,0.9797564148902893
32035,55669,,5,I'm really a ship,i be really a ship,I'm really a ship,en,0.9890211224555969
32036,55674,,5,academic,academic,academic,en,0.9850326776504517
32037,55678,,5,Funny App,funny app,Funny App,en,0.8043045401573181
32038,55687,,5,Good application 💯,good application 💯,Good application 💯,en,0.8577890992164612
32039,55689,,5,I think it's a good app.,i think it be a good app.,I think it's a good app.,en,0.9641841650009155
32040,55690,,5,Great Appd Best Paid App.,great appd best pay app.,Great Appd Best Paid App.,en,0.8001385927200317
32041,55692,,2,Vry God to Use to Read,vry god to use to read,Vry Goooood to Use to Read,en,0.9155061841011047
32043,55707,,4,Vry usful application 💚 💚,vry usful application 💚 💚,Vry usful application 💚💚,en,0.7857725024223328
32044,55712,,5,Nice 💓 ✌️ 👍,nice 💓 ✌ 👍,Nice 💓✌️👍,en,0.7300891280174255
32045,55725,,5,It is profungal,it be profungal,It is profungal,en,0.5222001075744629
32046,55727,,5,It's An Excel,it be an excel,It's An Excel,en,0.5960652232170105
32047,55734,,5,"IT's Really a USFUL App, I Recomment it.","it be really a usful app, i recomment it.","IT's Really a USFUL App, I Recomment it.",en,0.9805764555931091
32048,55745,,5,Verry. Good 🙂,verry. good 🙂,Verry. Good🙂,en,0.9135976433753967
32049,55746,,5,really it's good,really it be good,really it's good,en,0.9831448197364807
32050,55747,,5,I think he's good,i think he be good,I think he's good,en,0.99161297082901
32054,55761,,5,Very good 😀 😄,very good 😀 😄,Very good 😀😄,en,0.9898542165756226
32055,55762,,5,Very special.,very special.,Very special.,en,0.9716932773590088
32056,55764,,5,It's a nice application to imProve English 💜,it be a nice application to improve english 💜,It's a nice application to imProve English 💜,en,0.8414714336395264
32057,55769,,5,That's good 💓,that be good 💓,That's good💓,en,0.957663357257843
32058,55771,,1,With a subscription,with a subscription,With a subscription,en,0.9163912534713745
32059,55773,,5,Wow Good for you,wow good for you,Wow Good for you,en,0.930150032043457
32060,55775,,5,Amazingly,amazingly,Amazingly,en,0.7212936282157898
32063,55784,,4,It is the best app i see it.,it be the best app i see it.,It is the best app i see it.,en,0.9313528537750244
32064,55786,,5,It's so amazing Apps for learning,it be so amazing apps for learn,It's so amazing Apps for learning,en,0.754460334777832
32065,55788,,5,Vry Helpful and Amazing,vry helpful and amazing,Vry Helpful and Amazing,en,0.8362268805503845
32067,55800,,5,They formed sweet,they form sweet,They formed sweet,en,0.9450397491455078
32068,55801,,5,Excellent I Love IT,excellent i love it,Excellent I Love IT,en,0.5489868521690369
32069,55804,,5,The App is Great and Vry Vry Useful,the app be great and vry vry useful,The App is Great and Vry Vry Useful,en,0.7117878794670105
32070,55805,,5,"So good, it really helped me, Thanks!","so good, it really help me, thanks!","So good, it really helped me, Thanks!",en,0.9616690278053284
32071,55806,,5,Sweet program,sweet program,Sweet program,en,0.6467247605323792
32074,55818,,5,"Nice, I Wish You Have Arabic in it.","nice, i wish you have arabic in it.","Nice, I Wish You Have Arabic in it.",en,0.9862868189811707
32075,55819,,4,Useful and educational,useful and educational,Useful and educational,en,0.9348950386047363
32076,55827,,5,Thanks 😊 and I will see you tomorrow 😘,thanks 😊 and i will see you tomorrow 😘,Thanks 😊 and I will see you tomorrow 😘,en,0.944114089012146
32077,55829,,5,😎 😎 😎 Great,😎 😎 😎 great,😎 😎 😎 Great,en,0.5363438725471497
32079,55840,,5,Wow its Wonderful 😍 😍 😍 😍,wow it be wonderful 😍 😍 😍 😍,Wow its Wonderful 😍😍😍😍,en,0.566226065158844
32080,55841,,5,I really like it it is so useful,i really like it it be so useful,I really like it it is so useful,en,0.892625093460083
32081,55846,,5,A very interesting and usful,a very interesting and usful,A very interesting and usful,en,0.9877206087112427
32082,55853,,5,Nice Apply,nice apply,Nice Apply,en,0.5146372318267822
32083,55856,,5,Thinks for this Opportunity,think for this opportunity,Thinks for this Opportunity,en,0.981597900390625
32084,55858,,5,😍 😍 😍 😍 😍 😍 😍,😍 😍 😍 😍 😍 😍 😍,😍😍😍😍😍😍😍,en,0.960274338722229
32085,55863,,1,Thanks Elsa 🥺 🖤,thanks elsa 🥺 🖤,Thanks Elsa 🥺🖤,en,0.6709547638893127
32086,55865,,5,Roh,roh,Rooooooh,en,0.7491112351417542
32088,55867,,4,A terrible program,a terrible program,A terrible program,en,0.7535485625267029
32089,55869,,5,Excellent 👍 🥰,excellent 👍 🥰,Excellent👍🥰,en,0.7598692178726196
32091,55876,,5,Extremely Beautiful,extremely beautiful,Extremely Beautiful,en,0.8705955743789673
32093,55883,,5,Something sweet,something sweet,Something sweet,en,0.7284319400787354
32094,55893,,5,Wicked,wicked,Wicked,en,0.9103072285652161
32095,55894,,5,So Nice I Love it So Much,so nice i love it so much,So Nice I Love it So Much,en,0.8430373072624207
32096,55895,,5,It's great profram,it be great profram,It's great profram,en,0.6486200094223022
32097,55896,,5,Good Practicing English Language App,good practice english language app,Good Practicing English Language App,en,0.8259839415550232
32098,55897,,5,Vry Good Profm to Learn Language,vry good profm to learn language,Vry Good Profm to Learn Language,en,0.7853015661239624
32102,55910,,5,Very rigid,very rigid,Very rigid,en,0.9735158085823059
32103,55911,,5,Very useful 💖,very useful 💖,Very useful 💖,en,0.952867329120636
32104,55912,,5,Yasser allowed,yasser allow,Yasser allowed,en,0.6331000328063965
32105,55914,,5,"Perfect, but please make it free","perfect, but please make it free","Perfect, but please make it free",en,0.9393367171287537
32106,55918,,5,Roah,roah,Roooooah,en,0.5501120090484619
32107,55924,,1,Small application,small application,Small application,en,0.903658390045166
32108,55928,,5,Pretty Good Useful Application,pretty good useful application,Pretty Good Useful Application,en,0.8176905512809753
32109,55930,,2,Parking,parking,Parking,en,0.974511444568634
32110,55932,,5,Raraa,raraa,Raraa,en,0.7255154848098755
32111,55940,,5,Huge,huge,Huge,en,0.9792170524597168
32113,55944,,1,I'm verd to get full end with elesa i'm very happy,i be verd to get full end with elesa i be very happy,I'm verd to get full end with elesa i'm very happy,en,0.899131178855896
32114,55945,,1,"Good, very well.","good, very well.","Good, very well.",en,0.9967862367630005
32115,55952,,5,Yeah Very Nice Prog.,yeah very nice prog.,Yeah Very Nice Prog.,en,0.8880034685134888
32116,55954,,4,Good Right Now,good right now,Good Right Now,en,0.6789731383323669
32117,55955,,3,Thinks Friends,think friend,Thinks Friends,en,0.995673418045044
32119,55969,,5,Frequently sweet,frequently sweet,Frequently sweet,en,0.919477641582489
32120,55974,,5,Funny Way to Improve Your Speaking Skills,funny way to improve your speaking skill,Funny Way to Improve Your Speaking Skills,en,0.8813067078590393
32121,55977,,5,Thanks for your services,thanks for your service,Thanks for your services,en,0.9528318047523499
32122,55981,,3,Can I us it with any payments or it will stop work after few days of free try?,can i u it with any payment or it will stop work after few day of free try?,Can I us it with any payments or it will stop work after few days of free try?,en,0.9822894930839539
32123,55982,,5,"Row, very good","row, very good","Roooooooow, very good",en,0.9943509697914124
32124,55983,,5,It's very good and practicable App it Deserves to download,it be very good and practicable app it deserve to download,It's very good and practicable App it Deserves to download,en,0.9572766423225403
32125,55987,,5,Vry good but it's next Internet,vry good but it be next internet,Vry good but it's next Internet,en,0.7428858280181885
32127,55999,,5,Very much,very much,Very much,en,1.0000026226043701
32129,56008,,5,Vry Nice 👌,vry nice 👌,Vry Nice 👌,en,0.5002663731575012
32130,56015,,4,This Application is Beutiful Thank You Very .....,this application be beutiful thank you very.,This Application is Beutiful Thank You Very .....,en,0.862828254699707
32132,56017,,5,Very nice ♥ ️ ♥ ️,very nice ♥ ♥,Very nice ♥ ️ ♥ ️,en,0.9952565431594849
32133,56028,,5,Great Application Thanks Very Much to Founders,great application thanks very much to founder,Great Application Thanks Very Much to Founders,en,0.9952977299690247
32134,56029,,5,Great App I Hope it Becches Free,great app i hope it becches free,Great App I Hope it Becches Free,en,0.7531262040138245
32137,56035,,5,Wowoowo,wowoowo,Wowoowo,en,0.9081401824951172
32141,56053,,4,So Good Until now,so good until now,So Good Until now,en,0.9363937377929688
32142,56056,,5,power,power,power,en,0.7358572483062744
32143,56058,,5,The Best App to Improving your Language,the best app to improve your language,The Best App to Improving your Language,en,0.850340723991394
32144,56059,,5,It's cool i like it so much,it be cool i like it so much,It's cool i like it so much,en,0.9396493434906006
32145,56060,,5,It is real a great App,it be real a great app,It is real a great App,en,0.7416638731956482
32146,56061,,5,Good app for text and Improve Language,good app for text and improve language,Good app for text and Improve Language,en,0.8720037937164307
32148,56067,,5,😍 😁 😊,😍 😁 😊,😍😁😊,en,0.6942111849784851
32151,56076,,5,A Great Program,a great program,A Great Program,en,0.8539657592773438
32153,56080,,5,"Finally I Get It, Excellent App","finally i get it, excellent app","Finally I Get It, Excellent App",en,0.9286709427833557
32154,56081,,1,I'm in love with this app,i be in love with this app,I'm in love with this app,en,0.927097499370575
32155,56086,,5,Elsa is a great application for everyone news to be like a native Speaker. 😘,elsa be a great application for everyone news to be like a native speaker. 😘,Elsa is a great application for everyone news to be like a native Speaker. 😘,en,0.9020079970359802
32156,56093,,5,It's very good 😊 😊,it be very good 😊 😊,It's very good 😊😊,en,0.9760876297950745
32157,56095,,4,This App Really Amazing,this app really amazing,This App Really Amazing,en,0.9705621600151062
32159,56114,,5,Vry Interested,vry interested,Vry Interested,en,0.7986175417900085
32160,56116,,5,It Seems Wonderly But We Need Direct Speech Sessions with Native Speakers to Creat,it seem wonderly but we need direct speech session with native speaker to creat,It Seems Wonderly But We Need Direct Speech Sessions with Native Speakers to Creat,en,0.9698472023010254
32161,56119,,2,"Plz Make it Concentrate on the Human Voice Only Not the Surrounding Noise, I Keep Repracting the Same Phrase A Lot of Times But Because of the Noise the App Keep Making it Wrong 🙂 🙂 🙂","plz make it concentrate on the human voice only not the surround noise, i keep repracting the same phrase a lot of time but because of the noise the app keep make it wrong 🙂 🙂 🙂","Plz Make it Concentrate on the Human Voice Only Not the Surrounding Noise, I Keep Repracting the Same Phrase A Lot of Times But Because of the Noise the App Keep Making it Wrong 🙂🙂🙂",en,0.9207751750946045
32163,56121,,1,Many sweet,many sweet,Many sweet,en,0.9608487486839294
32164,56124,,1,It is not clear,it be not clear,It is not clear,en,0.5951735973358154
32166,56128,,4,Good app? ☺️ ☺️,good app? ☺ ☺,Good app? ☺️☺️,en,0.903279721736908
32168,56136,,5,Really so nice,really so nice,Really so nice,en,0.9837037920951843
32170,56146,,5,"I am trying this application now, it is Excellent, I Hop to Complete My Dream.","i be try this application now, it be excellent, i hop to complete my dream.","I am trying this application now, it is Excellent, I Hop to Complete My Dream.",en,0.8358108401298523
32171,56149,,5,Thank you very much 💜 ✨,thank you very much 💜 ✨,Thank you very much💜✨,en,0.9968405961990356
32172,56151,,5,Beautiful 😍 😍 😍 😍,beautiful 😍 😍 😍 😍,Beautiful 😍 😍 😍 😍,en,0.8700352311134338
32173,56153,,5,This Application IT's Very Good,this application it be very good,This Application IT's Very Good,en,0.9626819491386414
32174,56154,,3,😍 😍 😘 😘 😘,😍 😍 😘 😘 😘,😍😍😘😘😘,en,0.7549679279327393
32175,56156,,5,More Than Fine,more than fine,More Than Fine,en,0.9479906558990479
32176,56168,,4,"Elsa Speak is a Unique App of Whiche People of Various Ages Will Be Able to Improving their English Speaking Skills in A Short Time; In Case their use it regularly. Frankly, i've Tried It Just a Little Since It's Not A Free App, So You Not Ya Make it a Free App! I'm appryciaTe that, Elsa Speak!","elsa speak be a unique app of whiche people of various age will be able to improve their english speaking skill in a short time in case their use it regularly. frankly, i have try it just a little since it be not a free app, so you not ya make it a free app! i be appryciate that, elsa speak!","Elsa Speak is a Unique App of Whiche People of Various Ages Will Be Able to Improving their English Speaking Skills in A Short Time; In Case their use it regularly. Frankly, i've Tried It Just a Little Since It's Not A Free App, So You Not Ya Make it a Free App! I'm appryciaTe that, Elsa Speak!",en,0.9623156189918518
32177,56169,,5,It must be translated for Those WhO Do Not Undersand English,it must be translate for those who do not undersand english,It must be translated for Those WhO Do Not Undersand English,en,0.7859674692153931
32179,56184,,5,Golden App,golden app,Golden App,en,0.5815864205360413
32182,56193,,4,This app is very good its every to use and learn i love it from the first momentu but I WISH if will lending for free it only a week and he restored a money to complect at Xing the App Thinks to The Creator and the Studio for this Awesome App bye,this app be very good it be every to use and learn i love it from the first momentu but i wish if will lend for free it only a week and he restore a money to complect at xing the app think to the creator and the studio for this awesome app bye,This app is very good its every to use and learn i love it from the first momentu but I WISH if will lending for free it only a week and he restored a money to complect at Xing the App Thinks to The Creator and the Studio for this Awesome App bye,en,0.9353860020637512
32183,56194,,5,I have been to take learn English in this app that's app perfect to study English or practice landages English,i have be to take learn english in this app that be app perfect to study english or practice landages english,I have been to take learn English in this app that's app perfect to study English or practice landages English,en,0.9258086085319519
32184,56197,,5,Fun application,fun application,Fun application,en,0.6969373226165771
32185,56203,,4,Vry Excellent Program,vry excellent program,Vry Excellent Program,en,0.7904408574104309
32186,56204,,5,Beautiful App 😍 😍,beautiful app 😍 😍,Beautiful App 😍😍,en,0.8772841095924377
32187,56206,,5,Is very well really,be very well really,Is very well really,en,0.9993327260017395
32188,56216,,5,This good app 😍 😍 😍,this good app 😍 😍 😍,This good app😍😍😍,en,0.9474074244499207
32189,56218,,5,I love it few,i love it few,I love it few,en,0.9861456155776978
32190,56219,,5,This is very good profram,this be very good profram,This is very good profram,en,0.9418409466743469
32192,56224,,3,So far it's verify i'm enjoying it. But there is an is an athee with the Purchase and Subscribe.,so far it be verify i be enjoy it. but there be an be an athee with the purchase and subscribe.,So far it's verify i'm enjoying it. But there is an is an athee with the Purchase and Subscribe.,en,0.8770495653152466
32193,56231,,4,Gorgeous Thank You For This Application,gorgeous thank you for this application,Gorgeous Thank You For This Application,en,0.8757630586624146
32194,56232,,5,It's very good course ❤,it be very good course ❤,It's very good course ❤,en,0.9749149680137634
32195,56233,,5,Benin and oh,benin and oh,Bennnin and oh,en,0.8662983179092407
32196,56236,,5,Product,product,Product,en,0.9395068287849426
32197,56237,,5,Jamyel,jamyel,Jamyel,en,0.6586353778839111
32198,56239,,5,It's great 😍 😍,it be great 😍 😍,It's great😍😍,en,0.8654438257217407
32199,56241,,5,I have that learn English in by The Right Way,i have that learn english in by the right way,I have that learn English in by The Right Way,en,0.9832732081413269
32200,56244,,5,In Fact this is gargantuan program,in fact this be gargantuan program,In Fact this is gargantuan program,en,0.7024093270301819
32201,56245,,5,Thank you for this application,thank you for this application,Thank you for this application,en,0.9021667242050171
32203,56254,,5,Thinks for Elsa Speak. I hop you download this app it is really great and few again 😇 😊,think for elsa speak. i hop you download this app it be really great and few again 😇 😊,Thinks for Elsa Speak. I hop you download this app it is really great and few again 😇😊,en,0.9754666090011597
32204,56255,,4,Not Sure Yet But I Think 🤔 IT's Gonna Be Awesome,not sure yet but i think 🤔 it be go to be awesome,Not Sure Yet But I Think 🤔 IT's Gonna Be Awesome,en,0.9681838154792786
32205,56256,,5,It's a very good course for practicing English.,it be a very good course for practice english.,It's a very good course for practicing English.,en,0.9374539852142334
32206,56257,,5,"Perfect ❤, Advanced and Funny Way to Learning English","perfect ❤, advance and funny way to learn english","Perfect ❤, Advanced and Funny Way to Learning English",en,0.8981069922447205
32207,56258,,3,I What the Free Programme ❤️,i what the free programme ❤,I What the Free Programme ❤️,en,0.6813544631004333
32208,56265,,5,A wonderful application,a wonderful application,A wonderful application,en,0.7549896240234375
32209,56266,,5,Wonderful excellent,wonderful excellent,Wonderful excellent,en,0.6626429557800293
32211,56287,,5,"Actually, it is a usful app for imProving pronunciation","actually, it be a usful app for improve pronunciation","Actually, it is a usful app for imProving pronunciation",en,0.757314145565033
32212,56289,,5,Good This Application is unberevable ITS SO Useful,good this application be unberevable it be so useful,Good This Application is unberevable ITS SO Useful,en,0.5574537515640259
32213,56290,,5,It's verful.,it be verful.,It's verful.,en,0.7710697650909424
32215,56294,,5,It is perfect and usful practice,it be perfect and usful practice,It is perfect and usful practice,en,0.8988798260688782
32216,56295,,5,Verry Good Education Learning App,verry good education learn app,Verry Good Education Learning App,en,0.8982279896736145
32217,56297,,4,Parallel,parallel,Parallel,en,0.7671042084693909
32219,56300,,5,We are with it is batter,we be with it be batter,We are with it is batter,en,0.840131402015686
32220,56301,,5,Thinks Eisa Speak,think eisa speak,Thinks Eisa Speak,en,0.9978921413421631
32222,56315,,5,Disappoint,disappoint,Disappoint,en,0.8173176646232605
32223,56322,,5,So Pretty,so pretty,So Pretty,en,0.778355598449707
32225,56324,,5,Distinctive application.,distinctive application.,Distinctive application.,en,0.7966213226318359
32227,56326,,5,It can help you to speak so correct and flute,it can help you to speak so correct and flute,It can help u to speak so correct and flute,en,0.9845005869865417
32228,56331,,4,So terrific,so terrific,So terrific,en,0.519108772277832
32229,56336,,3,Kindly Add Arabic Languages ​​to Display Languages. To explain the new word to Arabic,kindly add arabic language to display languages. to explain the new word to arabic,Kindly Add Arabic Languages ​​to Display Languages. To explain the new word to Arabic,en,0.7852511405944824
32230,56337,,4,Very nice 🤍,very nice 🤍,Very nice 🤍,en,0.9968196749687195
32231,56338,,3,Need more work :(,need more work,Need more work :(,en,0.9699374437332153
32232,56339,,5,Vry Good App .. All Thanks ♡,vry good app. all thanks ♡,Vry Good App .. All Thanks ♡,en,0.8395392298698425
32233,56341,,3,The App is Great for Learning 😍,the app be great for learn 😍,The App is Great for Learning 😍,en,0.9149957895278931
32235,56352,,5,It's a good profram,it be a good profram,It's a good profram,en,0.652533233165741
32236,56353,,4,Vry Beneficial,vry beneficial,Vry Beneficial,en,0.6537672877311707
32239,56360,,5,Summer,summer,Summer,en,0.5732195973396301
32242,56372,,5,"It is a very good, beneficial and enjoyable application. But it is not for free. Thank you so much.","it be a very good, beneficial and enjoyable application. but it be not for free. thank you so much.","It is a very good, beneficial and enjoyable application. But it is not for free. Thank you so much.",en,0.9461923241615295
32243,56373,,5,"Vry cool, it helps to learn easily and Quickly, it's Amazing 😍","vry cool, it help to learn easily and quickly, it be amazing 😍","Vry cool, it helps to learn easily and Quickly, it's Amazing 😍",en,0.952005922794342
32244,56376,,5,Amazing. ✨ 🔥 💯 💖 👌,amazing. ✨ 🔥 💯 💖 👌,Amazing. ✨🔥💯💖👌,en,0.7772457599639893
32245,56382,,4,Vry Nice and Grateful,vry nice and grateful,Vry Nice and Grateful,en,0.8502820134162903
32246,56384,,5,Thank you for this profram,thank you for this profram,Thank you for this profram,en,0.8259931802749634
32247,56385,,5,Like the way it,like the way it,Like the way it,en,0.8467757701873779
32248,56389,,5,GooOD,goood,GooOOOOOOOOOD,en,0.5362369418144226
32252,56399,,5,Useful good good,useful good good,Useful good good,en,0.6406232118606567
32253,56400,,5,Wonderful software,wonderful software,Wonderful software,en,0.5094499588012695
32254,56403,,5,Good app it's more usful,good app it be more usful,Good app it's more usful,en,0.8831438422203064
32255,56405,,4,IT Corricts Your Pronounce Right Areal Teacher. Vry Nice,it corricts your pronounce right areal teacher. vry nice,IT Corricts Your Pronounce Right Areal Teacher. Vry Nice,en,0.884530782699585
32256,56406,,5,l really like it 🤗 ❣️,l really like it 🤗 ❣,l really like it 🤗❣️,en,0.9877418875694275
32257,56410,,4,Thanks 💕 🕊️,thanks 💕 🕊,Thanks 💕🕊️,en,0.8708533644676208
32258,56415,,5,"I like this, Thank U Vie Much","i like this, thank u vie much","I like this, Thank U Vie Much",en,0.9642871022224426
32259,56416,,5,Work,work,Work,en,0.9466255307197571
32260,56417,,5,Vry good 😊 ☺️,vry good 😊 ☺,Vry good 😊☺️,en,0.5548751354217529
32263,56432,,5,It is a very interesting App and verful to practice English.,it be a very interesting app and verful to practice english.,It is a very interesting App and verful to practice English.,en,0.9423415660858154
32264,56438,,4,Wonderful Program 💜 💜 💜 💜,wonderful program 💜 💜 💜 💜,Wonderful Program 💜💜💜💜,en,0.6559953689575195
32268,56448,,3,"To be honest I am a kid but I love this app. I love English Language So Much. Thinks Elsa Speak 😍 Frankly, I am a child, but I love this app. I love English a lot. Thank you, Esa speaker 😍","to be honest i be a kid but i love this app. i love english language so much. think elsa speak 😍 frankly, i be a child, but i love this app. i love english a lot. thank you, esa speaker 😍","To be honest I am a kid but I love this app. I love English Language So Much. Thinks Elsa Speak😍 Frankly, I am a child, but I love this app. I love English a lot. Thank you, Esa speaker 😍",en,0.8124849200248718
32269,56449,,5,"Amazing App, Deserves More Than 100 Stars.","amaze app, deserve more than 100 stars.","Amazing App, Deserves More Than 100 Stars.",en,0.929318904876709
32271,56461,,5,Good 100 ♡ ♡ ♡,good 100 ♡ ♡ ♡,Good 100 ♡♡♡,en,0.5988091230392456
32272,56465,,5,to receive,to receive,to receive,en,0.9993035793304443
32273,56468,,5,"I like this application real i love it I liked a lot, but I hope that the sound service is free without Inter Net I hope Yes l Wish This application to be free l hop","i like this application real i love it i like a lot, but i hope that the sound service be free without inter net i hope yes l wish this application to be free l hop","I like this application real i love it I liked a lot, but I hope that the sound service is free without Inter Net I hope Yes l Wish This application to be free l hop",en,0.7999037504196167
32274,56469,,4,I think it's a good application to enhance a skill of English Language for any person who will to go on lending English.,i think it be a good application to enhance a skill of english language for any person who will to go on lending english.,I think it's a good application to enhance a skill of English Language for any person who will to go on lending English.,en,0.9230543971061707
32275,56475,,1,Why it's not free ??,why it be not free?,Why it's not free ??,en,0.789574384689331
32276,56481,,5,Vry Cool Application I Liked Very Much The Magnificance of WOW,vry cool application i like very much the magnificance of wow,Vry Cool Application I Liked Very Much The Magnificance of WOW,en,0.9580739140510559
32277,56482,,5,I think it's lovely,i think it be lovely,I think it's lovely,en,0.9717223644256592
32278,56483,,5,It's cool & perfect,it be cool & perfect,It's cool & perfect,en,0.5133931636810303
32282,56500,,5,Many of me,many of me,Many of me,en,0.9979891180992126
32283,56502,,4,It's good but it would be better if the paid part was free,it be good but it would be good if the paid part be free,It's good but it would be better if the paid part was free,en,0.9564223289489746
32285,56504,,5,"It's good, who will have practice his Speaking, and Improve his Accent.","it be good, who will have practice his speaking, and improve his accent.","It's good, who will have practice his Speaking, and Improve his Accent.",en,0.9978846907615662
32286,56505,,5,Wow its Amazing Magnific,wow it be amazing magnific,Wow its Amazing Magnific,en,0.5585600733757019
32287,56511,,5,Smoothing,smooth,Smoothing,en,0.7129510045051575
32288,56515,,5,V Good App I Recomment IT 😍,v good app i recomment it 😍,V Good App I Recomment IT😍,en,0.8250981569290161
32291,56520,,5,Good 🥰 🥰,good 🥰 🥰,Good🥰🥰,en,0.776827335357666
32292,56521,,5,So nice few,so nice few,So nice few,en,0.9973672032356262
32293,56523,,5,👍 Very excellent,👍 very excellent,👍 Very excellent,en,0.9837112426757812
32295,56530,,5,"This App is very awsome, it evaluats American Accent. I have received anneone to download it on this defic. Thanks Elsa Speak","this app be very awsome, it evaluats american accent. i have receive anneone to download it on this defic. thanks elsa speak","This App is very awsome, it evaluats American Accent. I have received anneone to download it on this defic. Thanks Elsa Speak",en,0.941089928150177
32296,56534,,5,Ty So Much for Helping Meh Learn Dis,ty so much for help meh learn dis,Ty So Much for Helping Meh Learn Dis,en,0.9208332300186157
32297,56535,,3,You should add translation,you should add translation,You should add translation,en,0.8615017533302307
32299,56539,,5,So usufful App,so usufful app,So usufful App,en,0.836764395236969
32300,56540,,5,Yes very beautiful,yes very beautiful,Yes very beautiful,en,0.9574641585350037
32301,56547,,5,Great Really Great,great really great,Great Really Great,en,0.9845157265663147
32302,56550,,5,It's usful App,it be usful app,It's usful App,en,0.8517753481864929
32303,56552,,5,I like this proframme,i like this proframme,I like this proframme,en,0.6672878861427307
32304,56555,,5,A Grit Application,a grit application,A Grit Application,en,0.8038870692253113
32305,56557,,5,I love it ❤️ ❤️ So Much,i love it ❤ ❤ so much,I love it ❤️ ❤️ Soooo Much,en,0.8402919173240662
32306,56558,,2,Good and sweet. But I Hope it's free forever. IT Deserves Five Stars and Iso Work Pub where. Thank you very much for your great espor,good and sweet. but i hope it be free forever. it deserve five star and iso work pub where. thank you very much for your great espor,Good and sweet. But I Hope it's free forever. IT Deserves Five Stars and Iso Work Pub where. Thank you very much for your great espor,en,0.9283104538917542
32307,56563,,5,~ Litely <-> Awesome ~,litely <-> awesome,~ Litellly <-> Awesome ~,en,0.8793123364448547
32308,56564,,5,Good 😍 😍 🙈,good 😍 😍 🙈,Good 😍😍🙈,en,0.9223544001579285
32309,56565,,5,Expand,expand,Expand,en,0.5205411911010742
32310,56566,,5,Woow I like it 🤭 🍒 🍒.,woow i like it 🤭 🍒 🍒.,Woow I like it 🤭🍒🍒.,en,0.6931446194648743
32311,56569,,5,Brilliant Program 💛,brilliant program 💛,Brilliant Program💛,en,0.5135442018508911
32312,56578,,5,Prefection,prefection,Prefection,en,0.5540716052055359
32313,56580,,1,Ear,ear,Ear,en,0.8127050399780273
32314,56584,,5,Really Good 🥰,really good 🥰,Really Good 🥰,en,0.9954030513763428
32315,56587,,5,Thinks Alot,think alot,Thinks Alot,en,0.9974543452262878
32316,56590,,5,Interesting Application,interesting application,Interesting Application,en,0.901496410369873
32317,56596,,5,Wonderful thanks,wonderful thanks,Wonderful thanks,en,0.7001619338989258
32318,56604,,5,That's fantastic,that be fantastic,That's fantastic,en,0.8556439876556396
32321,56621,,5,💖 💖 💖 😍 😍,💖 💖 💖 😍 😍,💖💖💖😍😍,en,0.7215408086776733
32322,56623,,5,Wonderful 😍 😍 😍,wonderful 😍 😍 😍,Wonderful 😍😍😍,en,0.5829646587371826
32324,56633,,5,Amazing I advice you to try it,amaze i advice you to try it,Amazing I advice you to try it,en,0.959716796875
32325,56635,,5,Anazing App !!,anazing app!,Anazing App !!,en,0.7335943579673767
32327,56641,,5,Great App The Pest Pronunciation App I USE,great app the pest pronunciation app i use,Great App The Pest Pronunciation App I USE,en,0.6078954935073853
32328,56642,,5,Good 😍 🥰,good 😍 🥰,Good 😍🥰,en,0.8977734446525574
32329,56643,,5,AWesome App ❤,awesome app ❤,AWesome App ❤,en,0.5701022148132324
32331,56654,,5,Please Give Me 1 $ Google Play .......... I love you man,please give me 1 $ google play. i love you man,Please Give Me 1 $ Google Play .......... I love you man,en,0.6535701155662537
32332,56665,,5,"Perfect, thank you","perfect, thank you","Perfect, thank you",en,0.9067363142967224
32335,56680,,5,I'm Excited for this App! So Far I Really Like It. Thank you for your hard work ❤,i be excite for this app! so far i really like it. thank you for your hard work ❤,I'm Excited for this App! So Far I Really Like It. Thank you for your hard work ❤,en,0.9467382431030273
32336,56681,,5,Great App everyone Should Use It ❤️ 😍,great app everyone should use it ❤ 😍,Great App everyone Should Use It ❤️😍,en,0.9471656084060669
32337,56687,,5,Its An Excellent Program.,it be an excellent program.,Its An Excellent Program.,en,0.6505147814750671
32341,56705,,5,This is a program,this be a program,This is a program,en,0.7901203632354736
32344,56714,,5,Boil,boil,Boil,en,0.9849202036857605
32348,56735,,5,This App is Wonderful,this app be wonderful,This App is Wonderful,en,0.5981013774871826
32349,56749,,5,Vry Good!,vry good!,Vry Good!,en,0.7383188009262085
32351,56774,,5,Ideal program,ideal program,Ideal program,en,0.8817535042762756
32352,56782,,5,second,second,second,en,0.9063843488693237
32354,56788,,5,Gene,gene,Gene,en,0.6486292481422424
32355,56795,,5,📑,📑,📑,en,0.902145266532898
32357,56797,,5,"Vry good app for pronounce, but you need to make a part of your app to show how to pronounce correctly by Short Videos","vry good app for pronounce, but you need to make a part of your app to show how to pronounce correctly by short video","Vry good app for pronounce, but you need to make a part of your app to show how to pronounce correctly by Short Videos",en,0.967666745185852
32359,56805,,5,Beautiful education,beautiful education,Beautiful education,en,0.8888049721717834
32360,56814,,5,Jamil,jamil,Jamil,en,0.508137047290802
32361,56827,,5,Anteresting App. I love it.,anteresting app. i love it.,Anteresting App. I love it.,en,0.8161352276802063
32362,56828,,5,Good App Think You 🧠,good app think you 🧠,Good App Think You 🧠,en,0.9911145567893982
32363,56830,,5,I'm verded,i be verded,I'm verded,en,0.725391685962677
32365,56834,,5,Tissue,tissue,Tissue,en,0.9944784045219421
32366,56835,,5,Firm,firm,Firm,en,0.9757022857666016
32368,56855,,5,It's verry good.,it be verry good.,It's verry good.,en,0.7982041835784912
32369,56856,,5,Thank you Google 😘,thank you google 😘,Thank you Google😘,en,0.5986396670341492
32370,56857,,4,for me,for me,for me,en,0.9050704836845398
32372,56861,,5,😍 😍 😍 😍 😍 😍,😍 😍 😍 😍 😍 😍,😍😍😍😍😍😍,en,0.9592107534408569
32373,56863,,5,"Sweet, excellent","sweet, excellent","Sweet, excellent",en,0.9244045615196228
32374,56870,,5,Goog and Very Nice,goog and very nice,Goog and Very Nice,en,0.9915427565574646
32375,56874,,5,Compassionate,compassionate,Compassionate,en,0.6999618411064148
32376,56875,,5,all,all,all,en,0.6243471503257751
32377,56881,,5,New application,new application,New application,en,0.8481051325798035
32379,56903,,5,Its helping and easy to us,it be help and easy to u,Its helping and easy to us,en,0.9239291548728943
32382,56910,,5,Salafaqqat three,salafaqqat three,Salafaqqat three,en,0.9085083603858948
32383,56912,,5,It Deserves,it deserve,It Deserves,en,0.7263853549957275
32389,56940,,5,This App is Super 😍,this app be super 😍,This App is Super 😍,en,0.7363120913505554
32391,56943,,5,Good Aps for Pronunciation,good aps for pronunciation,Good Aps for Pronunciation,en,0.8080407381057739
32395,56968,,5,A Wonderful Program,a wonderful program,A Wonderful Program,en,0.7027096152305603
32398,56974,,5,The Best App Ever. I apprycital this App Vry Much.,the best app ever. i apprycital this app vry much.,The Best App Ever. I apprycital this App Vry Much.,en,0.8334730267524719
32399,56982,,5,Thank you Elsa to learn English,thank you elsa to learn english,Thank you Elsa to learn English,en,0.8351917862892151
32400,56986,,5,how much,how much,how much,en,0.9990103840827942
32401,56987,,5,new,new,new,en,0.6339120864868164
32402,56997,,5,Such and Amazing App.,such and amazing app.,Such and Amazing App.,en,0.9592078328132629
32403,57009,,5,Strong App,strong app,Strong App,en,0.7942951917648315
32405,57011,,4,Anteresting profram and usful in Addition to keep upback,anteresting profram and usful in addition to keep upback,Anteresting profram and usful in Addition to keep upback,en,0.9605798125267029
32406,57013,,5,IT dosn't open. It downloads all time. I think this profilem What Patience. Now it open with me and working well 😊,it dosnt open. it download all time. i think this profilem what patience. now it open with me and work well 😊,IT dosn't open. It downloads all time. I think this profilem What Patience. Now it open with me and working well 😊,en,0.948750376701355
32407,57017,,5,"I tried it again and I Found it Great, Thanks A LOT.","i try it again and i find it great, thanks a lot.","I tried it again and I Found it Great, Thanks A LOT.",en,0.9543535113334656
32408,57018,,5,Vry Beautiful That's Great I Have Many Words and I Can Speak now,vry beautiful that be great i have many word and i can speak now,Vry Beautiful That's Great I Have Many Words and I Can Speak now,en,0.9819130301475525
32409,57019,,5,It's verry good.i like this app,it be verry good. i like this app,It's verry good.i like this app,en,0.8818976879119873
32410,57020,,5,Verry Good Aporation Especially in Pronunciation,verry good aporation especially in pronunciation,Verry Good Aporation Especially in Pronunciation,en,0.8490842580795288
32411,57022,,5,It is really perfect.,it be really perfect.,It is really perfect.,en,0.9778094291687012
32412,57024,,5,"Excellent, Just Something Else","excellent, just something else","Excellent, Just Something Else",en,0.8421227335929871
32413,57026,,5,Where you get in the app and do the setting then you do,where you get in the app and do the setting then you do,Where you get in the app and do the setting then you do,en,0.9113075137138367
32414,57027,,5,It is very amazing but unfortunately it dosn't support Arabic 😢,it be very amazing but unfortunately it dosnt support arabic 😢,It is very amazing but unfortunately it dosn't support Arabic 😢,en,0.9392967820167542
32415,57029,,5,"I'm from iraq but I could't pay off at Becuse I have won't any an account of ,,, if you will to help you. IT'll Be Easy for Us to Pay It .... I think that your application is the best i've been Knowing","i be from iraq but i couldt pay off at becuse i have will not any an account of, if you will to help you. it will be easy for u to pay it. i think that your application be the best i have be know","I'm from iraq but I could't pay off at Becuse I have won't any an account of ,,, if you will to help you. IT'll Be Easy for Us to Pay It .... I think that your application is the best i've been Knowing",en,0.9750505089759827
32416,57035,,1,I Hope in Next upate there's will be arabic light I was wailing for Arabic light in this account in almost 2 years which is take so long hop you supported as soon as you can and I Give You 5 Stars Thinks You,i hope in next upate there be will be arabic light i be wail for arabic light in this account in almost 2 year which be take so long hop you support as soon as you can and i give you 5 star think you,I Hope in Next upate there's will be arabic light I was wailing for Arabic light in this account in almost 2 years which is take so long hop u supported as soon as u can and I Give You 5 Stars Thinks You,en,0.9667665362358093
32417,57036,,5,"RealLY, it's verify Elsa Speak 💖","really, it be verify elsa speak 💖","RealLY, it's verify Elsa Speak💖",en,0.8547921180725098
32418,57038,,5,GOD ILOVE This Application,god ilove this application,GOOOOOD ILOVE This Application,en,0.766178548336029
32419,57041,,5,Amazing & verful App,amaze & verful app,Amazing & verful App,en,0.5245359539985657
32420,57046,,1,I can winrstand anything,i can winrstand anything,I can winrstand anything,en,0.9424172043800354
32421,57047,,3,Is it available in british account?,be it available in british account?,Is it available in british account?,en,0.8048292994499207
32422,57049,,5,It Really Help Me Thanks Elsa,it really help me thanks elsa,It Really Help Me Thanks Elsa,en,0.953313410282135
32423,57050,,5,Woow Very Good,woow very good,Woow Very Good,en,0.9929944276809692
32424,57052,,5,The Most Useful App i has ever Seen,the most useful app i have ever see,The Most Useful App i has ever Seen,en,0.9520812034606934
32425,57055,,5,"I liked the program and methods in the education way, but I have a simple problem. I have some problems in the way of using it","i like the program and method in the education way, but i have a simple problem. i have some problem in the way of use it","I liked the program and methods in the education way, but I have a simple problem. I have some problems in the way of using it",en,0.9671154022216797
32426,57056,,4,I recommend trying it,i recommend try it,I recommend trying it,en,0.8742367029190063
32427,57057,,1,"A stupid program that I am pronouncing the word is correct, and it is its work wrong","a stupid program that i be pronounce the word be correct, and it be it be work wrong","A stupid program that I am pronouncing the word is correct, and it is its work wrong",en,0.9214814305305481
32428,57058,,1,Why it does not work,why it do not work,Why it does not work,en,0.8670756220817566
32429,57059,,5,"Before I descended the Apalchen and said my opinion, the advertisement is enthusiastically and represents me and represents the reality in which I am in it and I have a problem in pronouncing if I traveled countries and they will speak in English and when I would like to ask for a need in English, I do not know I pronounce it.","before i descend the apalchen and say my opinion, the advertisement be enthusiastically and represent me and represent the reality in which i be in it and i have a problem in pronounce if i travel country and they will speak in english and when i would like to ask for a need in english, i do not know i pronounce it.","Before I descended the Apalchen and said my opinion, the advertisement is enthusiastically and represents me and represents the reality in which I am in it and I have a problem in pronouncing if I traveled countries and they will speak in English and when I would like to ask for a need in English, I do not know I pronounce it.",en,0.9545490741729736
32430,57060,,1,"A failed programmer on a specific approach and what we know the verbal errors, I mean, can you say to you, and the program gives you right","a failed programmer on a specific approach and what we know the verbal errors, i mean, can you say to you, and the program give you right","A failed programmer on a specific approach and what we know the verbal errors, I mean, can you say to you, and the program gives you right",en,0.9244097471237183
32431,57062,,5,One of the Great Apps I Have Tried 😊,one of the great apps i have try 😊,One of the Great Apps I Have Tried 😊,en,0.9719917178153992
32432,57066,,5,Very sweet 😍 😍 😍 😍 🙊 🙈,very sweet 😍 😍 😍 😍 🙊 🙈,Very sweet 😍😍😍😍🙊🙈,en,0.9609156250953674
32433,57068,,5,This App Helps Me Speak Clearly .. Its Amazing,this app help me speak clearly. it be amaze,This App Helps Me Speak Clearly .. Its Amazing,en,0.9616088271141052
32434,57070,,5,I love this program and I make,i love this program and i make,I love this program and I make,en,0.817469596862793
32435,57071,,5,"Actually the progress that every day we connect it to the one who is fascinated by 😃 Come, let us preach, with some 🙈 in it, on the Android, its name is Elsa Speak 😃 This is the Parkon, this will speak to you. Uh, by God, you are surprised, as well as it measures you, you are the degree of your pronunciation close to the NATIVE. Ok, let us complete the dazzle and see this way, will you make the Speaking in a mythical way? 1- You are the first when you go down to the Aplocation, it says you choose your mother tongue that is in our Arabic lineage, so that it can distinguish you, and you are speaking to Angesh and appreciates you.","actually the progress that every day we connect it to the one who be fascinate by 😃 come, let u preach, with some 🙈 in it, on the android, it be name be elsa speak 😃 this be the parkon, this will speak to you. uh, by god, you be surprised, as well as it measure you, you be the degree of your pronunciation close to the native. ok, let u complete the dazzle and see this way, will you make the speaking in a mythical way? 1- you be the first when you go down to the aplocation, it say you choose your mother tongue that be in our arabic lineage, so that it can distinguish you, and you be speak to angesh and appreciate you.","Actually the progress that every day we connect it to the one who is fascinated by 😃 Come, let us preach, with some 🙈 in it, on the Android, its name is Elsa Speak 😃 This is the Parkon, this will speak to you. Uh, by God, you are surprised, as well as it measures you, you are the degree of your pronunciation close to the NATIVE. Ok, let us complete the dazzle and see this way, will you make the Speaking in a mythical way?  1- You are the first when you go down to the Aplocation, it says you choose your mother tongue that is in our Arabic lineage, so that it can distinguish you, and you are speaking to Angesh and appreciates you.",en,0.959991455078125
32436,57072,,5,The program is great. I Gave 5 Stars Not One !!,the program be great. i give 5 star not one!,The program is great. I Gave 5 Stars Not One !!,en,0.7349141836166382
32437,57073,,5,"Can you explain a simple explanation of how the application works, brothers, if you were kind?","can you explain a simple explanation of how the application works, brothers, if you be kind?","Can you explain a simple explanation of how the application works, brothers, if you were kind?",en,0.8142562508583069
32438,57074,,5,The best program I got so far in pronunciation education. I hope that everyone can benefit from it,the best program i get so far in pronunciation education. i hope that everyone can benefit from it,The best program I got so far in pronunciation education. I hope that everyone can benefit from it,en,0.9333900809288025
32439,57075,,5,It's an application that make you anyone you will with high quality for learning and make it Much even and will help you so mush.,it be an application that make you anyone you will with high quality for learn and make it much even and will help you so mush.,It's an application that make you anyone you will with high quality for learning and make it Much even and will help you so mush.,en,0.982462465763092
32440,57076,,5,I think you helped many people attends the world few years for your levels.,i think you help many people attend the world few year for your levels.,I think you helped many people attends the world few years for your levels.,en,0.9934155344963074
32441,57077,,4,Good pronunciation site,good pronunciation site,Good pronunciation site,en,0.604178249835968
32442,57079,,5,Very cool I recommend it,very cool i recommend it,Very cool I recommend it,en,0.949682354927063
32443,57080,,5,It is an expellent App. 👍THnks a LOT 🌼,it be an expellent app. 👍thnks a lot 🌼,It is an expellent App. 👍THnks a LOT 🌼,en,0.7473439574241638
32444,57082,,1,His blood is light,his blood be light,His blood is light,en,0.9962837100028992
32445,57084,,5,"One of the Best Apps, Thanks Very Much 😘 😘 😘","one of the best apps, thanks very much 😘 😘 😘","One of the Best Apps, Thanks Very Much 😘😘😘",en,0.9885375499725342
32446,57085,,5,This App Allow You to Improve My Speaking and Correct My Mistake,this app allow you to improve my speaking and correct my mistake,This App Allow You to Improve My Speaking and Correct My Mistake,en,0.9358744621276855
32448,57096,,5,You can learn vech and it easy,you can learn vech and it easy,You can learn vech and it easy,en,0.9368926286697388
32450,57098,,5,"It is amazing, I like it","it be amazing, i like it","It is amazing, I like it",en,0.8575018644332886
32452,57101,,5,RealLY IMPROVE Me In English,really improve me in english,RealLY IMPROVE Me In English,en,0.9543304443359375
32453,57102,,5,Vry Nice I like it,vry nice i like it,Vry Nice I like it,en,0.8449735045433044
32454,57105,,5,Thanks so much for this valuable program,thanks so much for this valuable program,Thanks so much for this valuable program,en,0.9633182883262634
32456,57109,,5,Great and Interesting Way,great and interesting way,Great and Interesting Way,en,0.9026027321815491
32457,57113,,5,An amazing,an amazing,An amazing,en,0.6727940440177917
32458,57124,,5,Wonderful App is very sweet,wonderful app be very sweet,Wonderful App is very sweet,en,0.8485080599784851
32459,57125,,5,Excellent amazing,excellent amazing,Excellent amazing,en,0.7507782578468323
32460,57127,,5,Vry Good ... N8CE,vry good. n8ce,Vry Good ... N8CE,en,0.7271735072135925
32463,57132,,5,"Nice program, thank you","nice program, thank you","Nice program, thank you",en,0.8398814797401428
32464,57133,,5,IT Helps Me to Improve My English Language.,it help me to improve my english language.,IT Helps Me to Improve My English Language.,en,0.8175867795944214
32465,57135,,5,"The program is very good, easy to speak","the program be very good, easy to speak","The program is very good, easy to speak",en,0.9798910617828369
32466,57136,,5,"Beautiful, easy and help in the correct pronunciation","beautiful, easy and help in the correct pronunciation","Beautiful, easy and help in the correct pronunciation",en,0.8384483456611633
32467,57137,,1,Elsa Cououlth Hear You Well Enough,elsa cououlth hear you well enough,Elsa Cououlth Hear You Well Enough,en,0.9619144797325134
32468,57138,,5,"Excellent program, please install it","excellent program, please install it","Excellent program, please install it",en,0.8281382322311401
32469,57139,,5,Helpful .. Thank You So Much 😊,helpful. thank you so much 😊,Helpful .. Thank You So Much 😊,en,0.9756460785865784
32470,57140,,4,Vry Good App 👍,vry good app 👍,Vry Good App 👍,en,0.7548587322235107
32471,57141,,5,It is the best app i had just seen,it be the best app i have just see,It is the best app i had just seen,en,0.9512237310409546
32472,57142,,5,Amazing! 😀,amazing! 😀,Amazing! 😀,en,0.8107675909996033
32473,57145,,2,"The application is good, but it focuses on pronouncing certain letters in the word and the rest of the letters ignores its pronunciation, whether your pronunciation is correct or wrong ... The idea is great, but the application needs more ....","the application be good, but it focus on pronounce certain letter in the word and the rest of the letter ignore it be pronunciation, whether your pronunciation be correct or wrong. the idea be great, but the application need more.","The application is good, but it focuses on pronouncing certain letters in the word and the rest of the letters ignores its pronunciation, whether your pronunciation is correct or wrong ... The idea is great, but the application needs more ....",en,0.8656814694404602
32474,57146,,5,The coolest program you can learn with the Accent is amazing,the cool program you can learn with the accent be amaze,The coolest program you can learn with the Accent is amazing,en,0.9051685333251953
32475,57147,,5,"It is an APL, it real helly helps us to be very good in English Like Nature People","it be an apl, it real helly help u to be very good in english like nature people","It is an APPPL, it real helly helps us to be very good in English Like Nature People",en,0.8981064558029175
32476,57148,,5,Its Great App .. I Love it,it be great app. i love it,Its Great App .. I Love it,en,0.550060510635376
32477,57149,,5,It's a great profram,it be a great profram,It's a great profram,en,0.6464211940765381
32478,57152,,5,A veryod program,a veryod program,A veryyyyyyyyyyooooooood program,en,0.8198236227035522
32479,57153,,5,Good Job Thanks,good job thanks,Good Job Thanks,en,0.9673806428909302
32480,57154,,5,I Wish Increase the Exercises,i wish increase the exercise,I Wish Increase the Exercises,en,0.7769660353660583
32482,57160,,4,What a good course?,what a good course?,What a good course?,en,0.9433426260948181
32483,57161,,5,"A program more than wonderful, but it would be better if the words and sentences are accompanied by translation","a program more than wonderful, but it would be good if the word and sentence be accompany by translation","A program more than wonderful, but it would be better if the words and sentences are accompanied by translation",en,0.9715349674224854
32484,57170,,5,"🍰applications 📱 🍰applications 🎁 ELSA SPEAK: is one of the most wonderful English learning applications ever, helps to improve pronunciation and gain the correct speech tone while correcting errors and practicing the conversation. It depends on the student listens to his sentence in the conversation and then records the next sentence with his voice, with a focus on a specific word in the sentence, then the application corrects the pronunciation until the student, like the original speakers, utter his language. 📌 The app is available in Apple Store for iPhone and iPad and in Play Store for Android 💡 * The application link for iPhone and iPad * Elsa Speak -","🍰applications 📱 🍰applications 🎁 elsa speak be one of the most wonderful english learning application ever, help to improve pronunciation and gain the correct speech tone while correct error and practice the conversation. it depend on the student listen to his sentence in the conversation and then record the next sentence with his voice, with a focus on a specific word in the sentence, then the application correct the pronunciation until the student, like the original speakers, utter his language. 📌 the app be available in apple store for iphone and ipad and in play store for android 💡 the application link for iphone and ipad elsa speak -","🍰#applications📱 🍰#applications 🎁 ELSA SPEAK: is one of the most wonderful English learning applications ever, helps to improve pronunciation and gain the correct speech tone while correcting errors and practicing the conversation. It depends on the student listens to his sentence in the conversation and then records the next sentence with his voice, with a focus on a specific word in the sentence, then the application corrects the pronunciation until the student, like the original speakers, utter his language.  📌 The app is available in Apple Store for iPhone and iPad and in Play Store for Android 💡 * The application link for iPhone and iPad * Elsa Speak -",en,0.9333471655845642
32485,57171,,5,"VISITIT The Following Link to A. I Love You Too Baby! I Love You Too Baby! I Love You Too Baby Girl! I in my life, the following week of June, but the following link on a page here all about you? I love the Things that are Important to the Success of Your Business to Be a Bit Late to Dray and the Things I Need to Be Able and UTITIES, but I Love it! I'm so proud of your owe home and utiles, but the following a good time in my Opinion on a good night and thank you","visitit the following link to a. i love you too baby! i love you too baby! i love you too baby girl! i in my life, the follow week of june, but the following link on a page here all about you? i love the thing that be important to the success of your business to be a bit late to dray and the thing i need to be able and utities, but i love it! i be so proud of your owe home and utiles, but the follow a good time in my opinion on a good night and thank you","VISITIT The Following Link to A. I Love You Too Baby! I Love You Too Baby! I Love You Too Baby Girl! I in my life, the following week of June, but the following link on a page here all about you? I love the Things that are Important to the Success of Your Business to Be a Bit Late to Dray and the Things I Need to Be Able and UTITIES, but I Love it! I'm so proud of your owe home and utiles, but the following a good time in my Opinion on a good night and thank you",en,0.9096100926399231
32486,57172,,3,It is good app. I & My Children Liked it. We Hope to be Make Class to Add My Children Everyone Secretated from Anotter,it be good app. i & my child like it. we hope to be make class to add my child everyone secretated from anotter,It is good app. I & My Children Liked it. We Hope to be Make Class to Add My Children Everyone Secretated from Anotter,en,0.9430566430091858
32487,57173,,5,"It is the best application to learn English in the whole world, and everyone cursed by downloading it and remembering everyone who contributed and helped make this very wonderful application, thank you all","it be the best application to learn english in the whole world, and everyone curse by download it and remember everyone who contribute and help make this very wonderful application, thank you all","It is the best application to learn English in the whole world, and everyone cursed by downloading it and remembering everyone who contributed and helped make this very wonderful application, thank you all",en,0.9338515996932983
32488,57174,,5,"They are fraudulents, do not pay any fees to subscribe simply that you will lose the subscription If you change your phone and that the services of their subscribers are like a pennator, they will not respond to me Emiles in addition to it is a very bad application","they be fraudulents, do not pay any fee to subscribe simply that you will lose the subscription if you change your phone and that the service of their subscriber be like a pennator, they will not respond to me emile in addition to it be a very bad application","They are fraudulents, do not pay any fees to subscribe simply that you will lose the subscription 
If you change your phone and that the services of their subscribers are like a pennator, they will not respond to me 
Emiles in addition to it is a very bad application",en,0.9484506249427795
32489,57175,,1,"After the Popularity of the Application, they set exaggeated pricines for the packags. I advise everyone to look for alternatives","after the popularity of the application, they set exaggeated pricines for the packags. i advise everyone to look for alternative","After the Popularity of the Application, they set exaggeated pricines for the packags. I advise everyone to look for alternatives",en,0.9462310671806335
32490,57176,,5,"My beloved, if someone can know an application, I will give an entire English disk, God bless you from the beginning of the first letter in the English to the end of the immediate translation","my beloved, if someone can know an application, i will give an entire english disk, god bless you from the beginning of the first letter in the english to the end of the immediate translation","My beloved, if someone can know an application, I will give an entire English disk, God bless you from the beginning of the first letter in the English to the end of the immediate translation",en,0.8824424743652344
32491,57177,,5,Hi Elsa Speak the Words Won't Give You All I Want But I Shulad Tell This I RealY AppreCIATE Your EFFORT and I Like this Vry Much and This App Made My Day and Editionay I us your app BECUUSE IT Makes Me Better and Think You A Million,hi elsa speak the word will not give you all i want but i shulad tell this i realy appreciate your effort and i like this vry much and this app make my day and editionay i u your app becuuse it make me good and think you a million,Hi Elsa Speak the Words Won't Give You All I Want But I Shulad Tell This I RealY AppreCIATE Your EFFORT and I Like this Vry Much and This App Made My Day and Editionay I us your app BECUUSE IT Makes Me Better and Think You A Million,en,0.948849618434906
32492,57178,,5,"In a madness after this application, I mastered the English language, thank you very much for your efforts 😍 😍 😍 😍","in a madness after this application, i master the english language, thank you very much for your effort 😍 😍 😍 😍","In a madness after this application, I mastered the English language, thank you very much for your efforts 😍😍😍😍",en,0.9595935344696045
32493,57179,,5,"The application is wonderful and it is worth five stars, as it helps to learn","the application be wonderful and it be worth five stars, as it help to learn","The application is wonderful and it is worth five stars, as it helps to learn",en,0.9670138359069824
32494,57180,,5,"Very wonderful, I advise everyone to Ho Deljoo","very wonderful, i advise everyone to ho deljoo","Very wonderful, I advise everyone to Ho Deljoo",en,0.8940233588218689
32495,57181,,1,Please super,please super,Please super,en,0.784521758556366
32496,57182,,4,Its An usful and helpful App I Wish I can use the paid version after a While,it be an usful and helpful app i wish i can use the paid version after a while,Its An usful and helpful App I Wish I can use the paid version after a While,en,0.8920168876647949
32497,57183,,5,"We learn to need instead of emptiness for me, we are in it","we learn to need instead of emptiness for me, we be in it","We learn to need instead of emptiness for me, we are in it",en,0.9584293961524963
32498,57184,,5,"Is One of the Best Applications Who Teach You The Right Pronucction, I WISH We Found More Apps in the Future in EnGLISH Skills","be one of the best application who teach you the right pronucction, i wish we find more apps in the future in english skill","Is One of the Best Applications Who Teach You The Right Pronucction, I WISH We Found More Apps in the Future in EnGLISH Skills",en,0.8492687940597534
32499,57185,,5,It corrects the errors of your dialect and I like the program I liked,it correct the error of your dialect and i like the program i like,It corrects the errors of your dialect and I like the program I liked,en,0.9060791730880737
32500,57186,,3,"This application is more than Wonderful, ThaNK You for Supporting This","this application be more than wonderful, thank you for support this","This application is more than Wonderful, ThaNK You for Supporting This",en,0.9260207414627075
32501,57187,,2,Everything I carry fails,everything i carry fails,Everything I carry fails,en,0.7726542353630066
32502,57188,,5,"Awesome, Wonderful, Amazing, Great Fantastic, Excellent 😀 👍 👏 👌 🙌 😊 👍 👍 👏 👌 App","awesome, wonderful, amazing, great fantastic, excellent 😀 👍 👏 👌 🙌 😊 👍 👍 👏 👌 app","Awesome, Wonderful, Amazing, Great Fantastic, Excellent 😀 👍 👏 👌 🙌 😊 👍 👍 👏 👌 App",en,0.6904075145721436
32503,57189,,5,The Apps is very good review and if U Want to Improve your English Language Is Most Download Elsa Speak,the apps be very good review and if u want to improve your english language be most download elsa speak,The Apps is very good review and if U Want to Improve your English Language Is Most Download Elsa Speak,en,0.9156676530838013
32504,57190,,1,I checked it for one sex,i check it for one sex,I checked it for one sex,en,0.5685054063796997
32506,57192,,1,It is not satisfied with entry from Facebook or mile,it be not satisfy with entry from facebook or mile,It is not satisfied with entry from Facebook or mile,en,0.8254073858261108
32507,57193,,5,It's very good 😊 👍 Thanks for your help,it be very good 😊 👍 thanks for your help,It's very good 😊👍 Thanks for your help,en,0.9697434902191162
32508,57194,,4,The most beautiful program for now,the most beautiful program for now,The most beautiful program for now,en,0.8970053195953369
32509,57195,,5,"It's an amazing App, Thank You Very Much","it be an amazing app, thank you very much","It's an amazing App, Thank You Very Much",en,0.9762219190597534
32510,57196,,2,"But it is the American, not British, not British","but it be the american, not british, not british","But it is the American, not British, not British",en,0.7705479264259338
32512,57198,,1,Wowoo and hands sweet,wowoo and hand sweet,Wowoo and hands sweet,en,0.7360988855361938
32513,57199,,5,Thank you for this Wonderful Application that Made Me Learn Korean 😭 😭 ❤,thank you for this wonderful application that make me learn korean 😭 😭 ❤,Thank you for this Wonderful Application that Made Me Learn Korean 😭😭❤,en,0.8667241930961609
32514,57200,,5,A terrible application that lacks the addition of the Arabic language,a terrible application that lack the addition of the arabic language,A terrible application that lacks the addition of the Arabic language,en,0.927652895450592
32515,57201,,5,"There are people who only know the previous release, and this is evidence of their ignorance","there be people who only know the previous release, and this be evidence of their ignorance","There are people who only know the previous release, and this is evidence of their ignorance",en,0.9772971868515015
32517,57203,,5,This program is very beautiful and useful,this program be very beautiful and useful,This program is very beautiful and useful,en,0.9230476021766663
32518,57204,,5,"I, m not triach but it, s Look like good","i, m not triach but it, s look like good","I, m not triach but it, s Look like good",en,0.9283065795898438
32519,57205,,5,A very special and easy to use application,a very special and easy to use application,A very special and easy to use application,en,0.9547848701477051
32520,57206,,4,I wish it. Free and useful,i wish it. free and useful,I wish it. Free and useful,en,0.7775884866714478
32521,57209,,5,It is clear that it is sweet,it be clear that it be sweet,It is clear that it is sweet,en,0.7707645893096924
32522,57210,,5,Wonderful I recommend downloading it,wonderful i recommend download it,Wonderful I recommend downloading it,en,0.7054991126060486
32524,57214,,1,"Bad Interface, and Too Expective","bad interface, and too expective","Bad Interface, and Too Expective",en,0.926217794418335
32525,57215,,5,Vry Good I Like It So Much Youk You,vry good i like it so much youk you,Vry Good I Like It So Much Youk You,en,0.9608711004257202
32526,57216,,5,-The most wonderful application,-the most wonderful application,-The most wonderful application,en,0.8015894293785095
32527,57217,,5,"Verry, verry Bad Program, Not Vry Beautiful 😣 😫","verry, verry bad program, not vry beautiful 😣 😫","Verry, verry Bad Program, Not Vry Beautiful 😣😫",en,0.5935691595077515
32528,57220,,4,It looks great,it look great,It looks great,en,0.9358634948730469
32529,57221,,3,Subscribe to my YouTube channel,subscribe to my youtube channel,Subscribe to my YouTube channel,en,0.7121219635009766
32530,57223,,1,Menh's application,menhs application,Menh's application,en,0.697799563407898
32531,57224,,2,Complex,complex,Complex,en,0.7635536789894104
32532,57241,,4,Beautiful ✨ ✨,beautiful ✨ ✨,Beautiful ✨✨,en,0.6677624583244324
32533,57242,,5,Excellent and very good,excellent and very good,Excellent and very good,en,0.9900645613670349
32534,57262,,5,Beautiful well,beautiful well,Beautiful well,en,0.9403953552246094
32535,57263,,5,Wonderful expatriate,wonderful expatriate,Wonderful expatriate,en,0.7861303091049194
32536,57271,,5,Very high,very high,Very high,en,0.9976298809051514
32537,57277,,5,Ra'a application,raa application,Ra'a application,en,0.8780737519264221
32538,57279,,5,Amazing App. It's Helpful,amaze app. it be helpful,Amazing App. It's Helpful,en,0.7103883028030396
32539,57280,,4,Ruhaib application,ruhaib application,Ruhaib application,en,0.7449928522109985
32543,57340,,5,Mantle,mantle,Mantle,en,0.7908263206481934
32544,57342,,5,"It, s Wordful app for free","it, s wordful app for free","It, s Wordful app for free",en,0.8646488189697266
32545,57343,,5,"Very sweet .. ,,,,,,,,,,,,,,,,,,,,,,,,,,,,,,,","very sweet. ,","Very sweet .. ,,,,,,,,,,,,,,,,,,,,,,,,,,,,,,,",en,0.985609233379364
32546,57344,,5,"Vry Good App, Install It","vry good app, install it","Vry Good App, Install It",en,0.7689223885536194
32547,57350,,5,I'm Sure that I will speak English Well,i be sure that i will speak english well,I'm Sure that I will speak English Well,en,0.9822277426719666
32548,57351,,5,Nice App I Really Have Fun with it,nice app i really have fun with it,Nice App I Really Have Fun with it,en,0.9938941597938538
32549,57352,,5,The Best App for Learning English Pronunciation Ever,the best app for learn english pronunciation ever,The Best App for Learning English Pronunciation Ever,en,0.8214629888534546
32550,57353,,1,Failed application,fail application,Failed application,en,0.831386923789978
32552,57355,,5,Meaning,meaning,Meaning,en,0.9960963726043701
32554,57357,,5,It's verry good. It's verry good.,it be verry good. it be verry good.,It's verry good. It's verry good.,en,0.8033365607261658
32557,57360,,1,failure,failure,failure,en,0.7834138870239258
32558,57361,,4,Vry Good 🙂,vry good 🙂,Vry Good 🙂,en,0.566196084022522
32562,57365,,1,Vry Bad application,vry bad application,Vry Bad application,en,0.747671902179718
32563,57366,,1,Please Add Arabic,please add arabic,Please Add Arabic,en,0.536935031414032
32564,57367,,5,Right. He,right. he,Right. He,en,0.9972867369651794
32566,57369,,5,Vry Good App.,vry good app.,Vry Good App.,en,0.7436712980270386
32567,57372,,5,You are so Great.,you be so great.,You are so Great.,en,0.5511040091514587
32569,57377,,5,It's beautull verry good,it be beautull verry good,It's beautull verry good,en,0.6541697978973389
32570,57378,,5,Good verry good i blift of it,good verry good i blift of it,Good verry good i blift of it,en,0.812472403049469
32571,57379,,1,Bad.,bad.,Bad.,en,0.7364246249198914
32572,57380,,5,Exlent to Improve your Accent,exlent to improve your accent,Exlent to Improve your Accent,en,0.8217703104019165
32573,57381,,5,This app is very cool and nice,this app be very cool and nice,This app is very cool and nice,en,0.9739281535148621
32574,57382,,5,A very good app Thanx,a very good app thanx,A very good app Thanx,en,0.9753322005271912
32575,57383,,5,Horrible App !!!!,horrible app!,Horrible App !!!!,en,0.6877328157424927
32576,57384,,5,Excellent Programme But it is Expective,excellent programme but it be expective,Excellent Programme But it is Expective,en,0.8962341547012329
32577,57385,,5,I will like to add the turkish landage,i will like to add the turkish landage,I will like to add the turkish landage,en,0.8215075731277466
32578,57386,,5,It is very useful and thanks for this application,it be very useful and thanks for this application,It is very useful and thanks for this application,en,0.9544461965560913
32579,57387,,3,Thank you you,thank you you,Thank you you,en,0.8888221979141235
32581,57389,,5,Good ✨ 👍,good ✨ 👍,Good ✨👍,en,0.6993377208709717
32584,57396,,1,Transfer games,transfer game,Transfer games,en,0.9194206595420837
32586,57405,,5,Just Wonderful ❤,just wonderful ❤,Just Wonderful ❤,en,0.6220141053199768
32590,57414,,1,people,people,people,en,0.9901551008224487
32591,57415,,1,CC C.,cc c.,CC C.,en,0.5261238217353821
32592,57420,,5,Excellent ✌,excellent ✌,Excellent ✌,en,0.8059705495834351
32594,57423,,2,Shouting,shout,Shouting,en,0.5050269961357117
32595,57426,,5,Nice and Good App,nice and good app,Nice and Good App,en,0.9689532518386841
32596,57427,,5,I Wanna See Ur,i want to see ur,I Wanna See Ur,en,0.9599875211715698
32597,57428,,5,Wow woo wowo,wow woo wowo,Wow woo wooowo,en,0.78700190782547
32598,57429,,5,It is an expellent App,it be an expellent app,It is an expellent App,en,0.7890797853469849
32599,57432,,5,I like it to much,i like it to much,I like it to much,en,0.9983085989952087
32600,57433,,5,Excellent I Like this Program,excellent i like this program,Excellent I Like this Program,en,0.8923215866088867
32601,57434,,5,Awesome to learn spych,awesome to learn spych,Awesome to learn spych,en,0.7548433542251587
32602,57436,,5,Its a great program,it be a great program,Its a great program,en,0.804902195930481
32603,57437,,5,Vry Nice and GoOD,vry nice and good,Vry Nice and GooooooooOOOOD,en,0.9362828731536865
32604,57438,,5,V good spp,v good spp,V good spp,en,0.7134994864463806
32605,57439,,5,It a great App,it a great app,It a great App,en,0.889502763748169
32606,57440,,5,This app is very fantastic,this app be very fantastic,This app is very fantastic,en,0.9341106414794922
32607,57441,,5,Great Teaching App,great teaching app,Great Teaching App,en,0.9522866010665894
32608,57444,,1,👇 👇 👇,👇 👇 👇,👇👇👇,en,0.7634749412536621
32612,57450,,5,legendary,legendary,legendary,en,0.8172006607055664
32618,57472,,5,user,user,user,en,0.9745358824729919
32620,57480,,5,That is Wonderful,that be wonderful,That is Wonderful,en,0.7962849736213684
32621,57482,,5,For the truth,for the truth,For the truth,en,0.8365676999092102
32622,57485,,5,Shy,shy,Shy,en,0.7962003946304321
32623,57488,,5,Designer,designer,Designer,en,0.9254594445228577
32624,57504,,5,to update,to update,to update,en,0.7729328274726868
32625,57507,,5,One,one,One,en,0.8345564007759094
32626,57519,,5,00,00,00,en,0.8677160143852234
32627,57524,,5,And a thing,and a thing,And a thing,en,0.8727133274078369
32628,57533,,5,Downloading the download ........................,download the download.,Downloading the download ........................,en,0.8361344933509827
32630,57539,,5,Good but this,good but this,Good but this,en,0.967573881149292
32632,57541,,5,FUNN and Great,funn and great,FUNN and Great,en,0.9245772361755371
32633,57556,,5,The Elsa Good,the elsa good,The Elsa Good,en,0.6266912817955017
32634,57560,,5,The Best I Found,the best i find,The Best I Found,en,0.5142170190811157
32635,57564,,5,Vry Excellent,vry excellent,Vry Excellent,en,0.7181971073150635
32637,57572,,5,L like this,l like this,L like this,en,0.935702383518219
32638,57575,,5,The sweetest program,the sweet program,The sweetest program,en,0.6958803534507751
32639,57577,,5,Elsa Speak,elsa speak,Elsa Speak,en,0.9529885649681091
