level_0,index,content,score,clean_content,minimal_content,en_content,lang,lang_prob,star_sentiment,vader_sentiment,vader_score,roberta_sentiment,roberta_confidence,roberta_conf_neg,roberta_conf_neu,roberta_conf_pos
30533,53249,,3,"Very good, I hope that some training in conversations was allowed if a little in the free situation, and it would be better to clarify more details to explain the speech errors such as how the correct pronunciation of the letter in this case","very good, i hope that some training in conversation be allow if a little in the free situation, and it would be good to clarify more detail to explain the speech error such as how the correct pronunciation of the letter in this case","Very good, I hope that some training in conversations was allowed if a little in the free situation, and it would be better to clarify more details to explain the speech errors such as how the correct pronunciation of the letter in this case",en,0.9501418471336364,neutral,positive,0.8957,positive,0.7084146,0.0324767,0.25910872,0.7084146
30534,53250,,5,"The program is its form and sweet, I have not tried it yet, but why can I not choose my field in the study, when I click on it says something wrong, please clarify where the problem is.","the program be it be form and sweet, i have not try it yet, but why can i not choose my field in the study, when i click on it say something wrong, please clarify where the problem is.","The program is its form and sweet, I have not tried it yet, but why can I not choose my field in the study, when I click on it says something wrong, please clarify where the problem is.",en,0.9273110628128052,positive,negative,-0.5789,negative,0.73231524,0.73231524,0.25069472,0.01699009
30535,53251,,5,"The best application to learn English, pronunciation and spoke quickly, I advise everyone to download the application","the best application to learn english, pronunciation and speak quickly, i advise everyone to download the application","The best application to learn English, pronunciation and spoke quickly, I advise everyone to download the application",en,0.9316734671592712,positive,positive,0.6369,positive,0.9715982,0.0023951307,0.026006686,0.9715982
30536,53252,,1,A bad and very heavy program on the mobile and the interface of the application does not contain the Arabic language.,a bad and very heavy program on the mobile and the interface of the application do not contain the arabic language.,A bad and very heavy program on the mobile and the interface of the application does not contain the Arabic language.,en,0.8921987414360046,negative,negative,-0.5423,negative,0.92378324,0.92378324,0.070402175,0.0058145323
30537,53253,,1,"Why the screen suddenly closes and why he is weak in listening to my voice, I think the application needs a review of safety levels? I feel that the application is not safe","why the screen suddenly close and why he be weak in listen to my voice, i think the application need a review of safety levels? i feel that the application be not safe","Why the screen suddenly closes and why he is weak in listening to my voice, I think the application needs a review of safety levels? I feel that the application is not safe",en,0.950431227684021,negative,negative,-0.3624,negative,0.8801322,0.8801322,0.11332923,0.00653846
30538,53254,,1,"Your program is for the one who speaks the Englishman with its divorce, not to learn ..","your program be for the one who speak the englishman with it be divorce, not to learn.","Your program is for the one who speaks the Englishman with its divorce, not to learn ..",en,0.9330469965934752,negative,neutral,0.0,neutral,0.6440299,0.29988143,0.6440299,0.056088652
30539,53255,,5,Program,program,Program,en,0.8408110737800598,positive,neutral,0.0,neutral,0.5730773,0.14525239,0.5730773,0.28167027
30540,53256,,1,The app is not free and this is a deception. We can learn English from other platforms,the app be not free and this be a deception. we can learn english from other platform,The app is not free and this is a deception. We can learn English from other platforms,en,0.8652938008308411,negative,negative,-0.681,negative,0.80089486,0.80089486,0.18983956,0.009265546
30541,53257,,1,It is not good and I do not recommend it. There is no establishment of the English language and there is no Arab assistant and not beneficial to the children,it be not good and i do not recommend it. there be no establishment of the english language and there be no arab assistant and not beneficial to the child,It is not good and I do not recommend it. There is no establishment of the English language and there is no Arab assistant and not beneficial to the children,en,0.926950991153717,negative,negative,-0.8527,negative,0.9110629,0.9110629,0.080683656,0.008253499
30542,53258,,5,"The application is great, but it does not find Arabic language, please provide it","the application be great, but it do not find arabic language, please provide it","The application is great, but it does not find Arabic language, please provide it",en,0.8710594177246094,positive,positive,0.6705,negative,0.7115604,0.7115604,0.24268241,0.045757186
30543,53259,,1,Vry back no free I advise not to download it unfortunately not free and ask you a lot.,vry back no free i advise not to download it unfortunately not free and ask you a lot.,Vry back no free I advise not to download it unfortunately not free and ask you a lot.,en,0.9152753353118896,negative,positive,0.4588,negative,0.89292824,0.89292824,0.1006722,0.006399638
30544,53260,,5,An interesting program that studies you according to the path you choose according to a specific study plan,an interesting program that study you accord to the path you choose accord to a specific study plan,An interesting program that studies you according to the path you choose according to a specific study plan,en,0.9295945763587952,positive,positive,0.4019,neutral,0.48918322,0.0076115592,0.48918322,0.50320524
30545,53261,,4,"The best application than wonderful, I loved the splendor of my love, but if it is for free, it will be the best application that teaches the language in the world or the universe in general I loved it 💗 💗","the best application than wonderful, i love the splendor of my love, but if it be for free, it will be the best application that teach the language in the world or the universe in general i love it 💗 💗","The best application than wonderful, I loved the splendor of my love, but if it is for free, it will be the best application that teaches the language in the world or the universe in general I loved it 💗💗",en,0.7935248613357544,neutral,positive,0.9829,positive,0.98609227,0.0037374352,0.010170255,0.98609227
30546,53262,,4,"The app is really cool, but it is preferable to subscribe to it ....","the app be really cool, but it be preferable to subscribe to it.","The app is really cool, but it is preferable to subscribe to it ....",en,0.9799299240112304,neutral,neutral,0.2014,positive,0.8579072,0.020567408,0.12152544,0.8579072
30547,53263,,1,"A very monster application is not worth it or a star, even every need is closed with a subscription and also works in Net. I do not recommend downloading this application","a very monster application be not worth it or a star, even every need be close with a subscription and also work in net. i do not recommend download this application","A very monster application is not worth it or a star, even every need is closed with a subscription and also works in Net. I do not recommend downloading this application",en,0.9433854818344116,negative,negative,-0.4168,negative,0.93396914,0.93396914,0.05758389,0.008447023
30548,53264,,4,"Unfortunately, a universal and beautiful application, but not free, and free things are almost remembered and not much influencing","unfortunately, a universal and beautiful application, but not free, and free thing be almost remember and not much influencing","Unfortunately, a universal and beautiful application, but not free, and free things are almost remembered and not much influencing",en,0.9140630960464478,neutral,negative,-0.7473,negative,0.72967,0.72967,0.24462432,0.025705654
30549,53265,,5,The app is an excellent time. Help me learn English quickly and easily,the app be an excellent time. help me learn english quickly and easily,The app is an excellent time. Help me learn English quickly and easily,en,0.9394428730010986,positive,positive,0.8316,positive,0.9774169,0.002772439,0.019810632,0.9774169
30550,53266,,5,"A distinctive application, but unfortunately, paid and a simple free part","a distinctive application, but unfortunately, paid and a simple free part","A distinctive application, but unfortunately, paid and a simple free part",en,0.9154027700424194,positive,positive,0.3291,negative,0.48562992,0.48562992,0.45698795,0.057382192
30551,53267,,5,The best application to learn to speak ❤ ❤ 💖,the best application to learn to speak ❤ ❤ 💖,The best application to learn to speak ❤❤💖,en,0.9752103686332704,positive,positive,0.6369,positive,0.9695802,0.003280493,0.027139267,0.9695802
30552,53268,,4,I hope to add a free version without specification,i hope to add a free version without specification,I hope to add a free version without specification,en,0.6578537225723267,neutral,positive,0.7351,neutral,0.63146174,0.033719264,0.63146174,0.33481905
30553,53269,,5,Excellent to improve speech,excellent to improve speech,Excellent to improve speech,en,0.9155794382095336,positive,positive,0.765,positive,0.95513004,0.005929055,0.0389409,0.95513004
30554,53270,,2,Why does it open with me why. The robot appears to me and what opens how to open it,why do it open with me why. the robot appear to me and what open how to open it,Why does it open with me why. The robot appears to me and what opens how to open it,en,0.9399373531341552,negative,neutral,0.0,neutral,0.5702437,0.41462815,0.5702437,0.015128174
30555,53271,,5,Wonderful and very interesting learning for English and enjoyable in an easy and motivated style,wonderful and very interesting learning for english and enjoyable in an easy and motivated style,Wonderful and very interesting learning for English and enjoyable in an easy and motivated style,en,0.9515848755836488,positive,positive,0.9381,positive,0.9822927,0.0028781234,0.0148291495,0.9822927
30556,53272,,5,"Very sweet, even with free experimental copies, for me, very sufficient to study a day or a lesson even a day.","very sweet, even with free experimental copies, for me, very sufficient to study a day or a lesson even a day.","Very sweet, even with free experimental copies, for me, very sufficient to study a day or a lesson even a day.",en,0.979594349861145,positive,positive,0.7645,positive,0.95699066,0.0037523604,0.039256953,0.95699066
30557,53273,,5,"Wonderful and useful application, thanks to everyone who made it","wonderful and useful application, thanks to everyone who make it","Wonderful and useful application, thanks to everyone who made it",en,0.9395000338554382,positive,positive,0.8591,positive,0.9853234,0.0050589037,0.009617681,0.9853234
30558,53274,,1,Very bad ... the method of education is stupid and I do not recommend it,very bad. the method of education be stupid and i do not recommend it,Very bad ... the method of education is stupid and I do not recommend it,en,0.9603196978569032,negative,negative,-0.852,negative,0.9448003,0.9448003,0.0477676,0.0074320524
30559,53275,,5,It is very beautiful that you can save from it,it be very beautiful that you can save from it,It is very beautiful that you can save from it,en,0.9804286956787108,positive,positive,0.8122,positive,0.8880937,0.018322708,0.093583636,0.8880937
30560,53276,,1,Very bad always stops,very bad always stop,Very bad always stops,en,0.9825093150138856,negative,negative,-0.7397,negative,0.9323258,0.9323258,0.059697237,0.007976956
30561,53277,,3,Very cool 🤩 You can speak English with several situations as if you actually live this situation and this of course develops your English skill in a wonderful way 👌🏻. But: Not free 😐 only the first free experience and the rest you have to pay 💵,very cool 🤩 you can speak english with several situation as if you actually live this situation and this of course develop your english skill in a wonderful way 👌 . but not free 😐 only the first free experience and the rest you have to pay 💵,Very cool 🤩 You can speak English with several situations as if you actually live this situation and this of course develops your English skill in a wonderful way 👌🏻. But: Not free 😐 only the first free experience and the rest you have to pay 💵,en,0.9633176326751708,neutral,negative,-0.6767,positive,0.935984,0.007822263,0.056193676,0.935984
30562,53278,,3,There is nothing wrong with it .. But even if the word is uttered wrongly* I have intentionally because a person mentioned this in the comments* Calculate it correctly 🤦 This is a fatal mistake in the application I hope that the developers will work on it .. The thing that I will have to delete the application for which is that the accent is American and I speak British and the best .. Generally thank you for your efforts,there be nothing wrong with it. but even if the word be uttered wrongly i have intentionally because a person mention this in the comment calculate it correctly 🤦 this be a fatal mistake in the application i hope that the developer will work on it. the thing that i will have to delete the application for which be that the accent be american and i speak british and the best. generally thank you for your effort,There is nothing wrong with it .. But even if the word is uttered wrongly* I have intentionally because a person mentioned this in the comments* Calculate it correctly 🤦 This is a fatal mistake in the application I hope that the developers will work on it .. The thing that I will have to delete the application for which is that the accent is American and I speak British and the best .. Generally thank you for your efforts,en,0.9615885019302368,neutral,positive,0.78,negative,0.69749886,0.69749886,0.26474136,0.037759803
30563,53279,,4,"Wonderful application, I hope it is free, I need such an application, you can rely on ads instead of paying money, I hope you look carefully about this issue and study it seriously, there are students who cannot pay. Thanks and good luck.","wonderful application, i hope it be free, i need such an application, you can rely on ad instead of pay money, i hope you look carefully about this issue and study it seriously, there be student who cannot pay. thanks and good luck.","Wonderful application, I hope it is free, I need such an application, you can rely on ads instead of paying money, I hope you look carefully about this issue and study it seriously, there are students who cannot pay. Thanks and good luck.",en,0.9600640535354614,neutral,positive,0.9359,positive,0.8843708,0.027552165,0.088077016,0.8843708
30564,53280,,1,"I could not enter because he requests an amount ,, or reserve an amount for 7 days, but because of the fraud and fraud to reach the visa card ,, for this you must give us 7 free days without documenting the visa ,, I know very well that the opponent is not done, except after 7 days, but in this case I cannot trust you and I apologize for that ,, please look at the topic.","i could not enter because he request an amount, or reserve an amount for 7 days, but because of the fraud and fraud to reach the visa card, for this you must give u 7 free day without document the visa, i know very well that the opponent be not done, except after 7 days, but in this case i cannot trust you and i apologize for that, please look at the topic.","I could not enter because he requests an amount ,, or reserve an amount for 7 days, but because of the fraud and fraud to reach the visa card ,, for this you must give us 7 free days without documenting the visa ,, I know very well that the opponent is not done, except after 7 days, but in this case I cannot trust you and I apologize for that ,, please look at the topic.",en,0.9570215940475464,negative,negative,-0.5738,negative,0.8703778,0.8703778,0.12227189,0.0073503433
30565,53281,,5,"Wonderful, but it was better if the explanation in Arabic provides some words I could not understand and also the application is incomprehensible. I do not know the arrangement of lessons and how never. Despite this, it contains amazing features, I recommend it to download 🤗 🌺 ☺️ ✨","wonderful, but it be well if the explanation in arabic provide some word i could not understand and also the application be incomprehensible. i do not know the arrangement of lesson and how never. despite this, it contain amazing features, i recommend it to download 🤗 🌺 ☺ ✨","Wonderful, but it was better if the explanation in Arabic provides some words I could not understand and also the application is incomprehensible. I do not know the arrangement of lessons and how never. Despite this, it contains amazing features, I recommend it to download 🤗🌺☺️✨",en,0.9070743322372437,positive,positive,0.9253,neutral,0.2748279,0.38012156,0.2748279,0.34505045
30566,53282,,5,"Frankly, the application is very excellent, in which there are many things that we were unaware of, which is the problem of pronunciation. By God, it is with the large number of practicing daily, it will be a quick pronunciation like foreigners.","frankly, the application be very excellent, in which there be many thing that we be unaware of, which be the problem of pronunciation. by god, it be with the large number of practice daily, it will be a quick pronunciation like foreigners.","Frankly, the application is very excellent, in which there are many things that we were unaware of, which is the problem of pronunciation. By God, it is with the large number of practicing daily, it will be a quick pronunciation like foreigners.",en,0.953892469406128,positive,positive,0.659,positive,0.78508335,0.027014935,0.18790163,0.78508335
30567,53283,,1,"One star is sufficient, because the application did not put Arabic within the 9 languages ​​in the interface of its use, as if it were an uncompromising language, or does not want the Arabic bombers to learn during it ... Thank you Elsa.","one star be sufficient, because the application do not put arabic within the 9 language in the interface of it be use, as if it be an uncompromising language, or do not want the arabic bomber to learn during it. thank you elsa.","One star is sufficient, because the application did not put Arabic within the 9 languages ​​in the interface of its use, as if it were an uncompromising language, or does not want the Arabic bombers to learn during it ... Thank you Elsa.",en,0.9194647073745728,negative,positive,0.3134,neutral,0.62402654,0.29030535,0.62402654,0.085668124
30568,53284,,5,Very beautiful I loved it very much,very beautiful i love it very much,Very beautiful I loved it very much,en,0.9918375611305236,positive,positive,0.8648,positive,0.9786621,0.009115576,0.01222239,0.9786621
30569,53285,,1,"The experience of the monster Ooi 👎 I always want to premium 👎 and if I am weak in the language, I wouldn't have a need for a translation of words, pictures or requests that he says 👎 👎 And God does not start even a star, but I must share my comment 👎 👎","the experience of the monster ooi 👎 i always want to premium 👎 and if i be weak in the language, i wouldnt have a need for a translation of words, picture or request that he say 👎 👎 and god do not start even a star, but i must share my comment 👎 👎","The experience of the monster Ooooooi 👎 I always want to premium 👎 and if I am weak in the language, I wouldn't have a need for a translation of words, pictures or requests that he says 👎👎 And God does not start even a star, but I must share my comment 👎👎",en,0.9389321208000184,negative,positive,0.3716,neutral,0.50329167,0.36142316,0.50329167,0.13528524
30570,53286,,5,"God willing, a wonderful and excellent application, although I used it without subscription and I did not try all its advantages, but it is really excellent and it will return you to learn and develop English, whatever your level. I advise those who want this to subscribe and benefit from this wonderful application","god willing, a wonderful and excellent application, although i use it without subscription and i do not try all it be advantages, but it be really excellent and it will return you to learn and develop english, whatever your level. i advise those who want this to subscribe and benefit from this wonderful application","God willing, a wonderful and excellent application, although I used it without subscription and I did not try all its advantages, but it is really excellent and it will return you to learn and develop English, whatever your level. I advise those who want this to subscribe and benefit from this wonderful application",en,0.9233071804046632,positive,positive,0.9704,positive,0.97487915,0.0050054044,0.020115487,0.97487915
30571,53287,,5,"The best application after Deligo This application is very professional, helps you to improve your accent and pronounce you greatly, of course, for those who love to learn the American dialect. But it gives you limited tasks for Al -Magani because it is a precedent application and it deserves frankly because it is among its advantages that you can learn through the conversation directly to the teachers.","the best application after deligo this application be very professional, help you to improve your accent and pronounce you greatly, of course, for those who love to learn the american dialect. but it give you limited task for al -magani because it be a precedent application and it deserve frankly because it be among it be advantage that you can learn through the conversation directly to the teachers.","The best application after Deligo This application is very professional, helps you to improve your accent and pronounce you greatly, of course, for those who love to learn the American dialect. But it gives you limited tasks for Al -Magani because it is a precedent application and it deserves frankly because it is among its advantages that you can learn through the conversation directly to the teachers.",en,0.9272199273109436,positive,positive,0.8068,positive,0.9338922,0.0059552435,0.0601526,0.9338922
30572,53288,,1,The program looks beautiful. But I gave him his star because he did not open with me because he was asking me to pay. Prior subscription. So I said it seems beautiful. As for the commentators who said it was free. I say God suffices and fear God in us.,the program look beautiful. but i give him his star because he do not open with me because he be ask me to pay. prior subscription. so i say it seem beautiful. as for the commentator who say it be free. i say god suffices and fear god in us.,The program looks beautiful. But I gave him his star because he did not open with me because he was asking me to pay. Prior subscription. So I said it seems beautiful. As for the commentators who said it was free. I say God suffices and fear God in us.,en,0.9813443422317504,negative,positive,0.9127,positive,0.90512365,0.013087574,0.081788786,0.90512365
30573,53289,,2,"By God, there is nothing wrong, I mean, he knows you, but how do you get an English and the problem without understanding, I mean, you want a new word on me, so I know that it is translated, and it is not free.","by god, there be nothing wrong, i mean, he know you, but how do you get an english and the problem without understanding, i mean, you want a new word on me, so i know that it be translated, and it be not free.","By God, there is nothing wrong, I mean, he knows you, but how do you get an English and the problem without understanding, I mean, you want a new word on me, so I know that it is translated, and it is not free.",en,0.9571180939674376,negative,negative,-0.6515,neutral,0.53205264,0.40720472,0.53205264,0.06074264
30574,53290,,4,"The application is great, but if it is possible to add the sentence translation according to the user's language so that we learn to speak and also new terms and thank you the application is wonderful. I advise each learner.","the application be great, but if it be possible to add the sentence translation accord to the user language so that we learn to speak and also new term and thank you the application be wonderful. i advise each learner.","The application is great, but if it is possible to add the sentence translation according to the user's language so that we learn to speak and also new terms and thank you the application is wonderful. I advise each learner.",en,0.9455930590629578,neutral,positive,0.9062,positive,0.94617885,0.0053290213,0.048492134,0.94617885
30575,53291,,1,"Unfortunately, the mistakes are allowed to make mistakes. I tried to pronounce the word other than what it is and gives me a sign that it is correct. I was disappointed personally.","unfortunately, the mistake be allow to make mistakes. i try to pronounce the word other than what it be and give me a sign that it be correct. i be disappointed personally.","Unfortunately, the mistakes are allowed to make mistakes. I tried to pronounce the word other than what it is and gives me a sign that it is correct. I was disappointed personally.",en,0.9429609179496764,negative,negative,-0.8176,negative,0.87732214,0.87732214,0.113993764,0.008684077
30576,53292,,5,"Frankly, a good application. It has many good things. And the free. But if you do not understand the meaning, you can download Yu Dakshnari. Then you translate the sentence that you did not understand its meaning. Knowing that it is worth trying to understand the meaning without translation because that will help you think about English.","frankly, a good application. it have many good things. and the free. but if you do not understand the meaning, you can download yu dakshnari. then you translate the sentence that you do not understand it be meaning. know that it be worth try to understand the meaning without translation because that will help you think about english.","Frankly, a good application. It has many good things. And the free. But if you do not understand the meaning, you can download Yu Dakshnari. Then you translate the sentence that you did not understand its meaning. Knowing that it is worth trying to understand the meaning without translation because that will help you think about English.",en,0.965762197971344,positive,positive,0.886,positive,0.8448404,0.023972295,0.13118733,0.8448404
30577,53293,,4,Very good for learning English and teaching the correct pronunciation of a person and helps very help,very good for learn english and teach the correct pronunciation of a person and help very help,Very good for learning English and teaching the correct pronunciation of a person and helps very help,en,0.9675613045692444,neutral,positive,0.8221,positive,0.88050675,0.008191527,0.11130173,0.88050675
30578,53294,,1,"The application is not free, as it does not work.","the application be not free, as it do not work.","The application is not free, as it does not work.",en,0.9768307209014891,negative,negative,-0.4023,negative,0.8351839,0.8351839,0.15538411,0.009431954
30579,53295,,5,With the development of AI's artificial intelligence technologies and the identification of Speech Recography - where the idea of ​​the application is based on recording your voice in certain sentences and comparing them to how the original speaker will pronounce them and find letters that you have said wrong and those that you pronounced well and show Score how close you are in your accent from the original speaker. Very cool Elsa Special,with the development of ai artificial intelligence technology and the identification of speech recography - where the idea of the application be base on record your voice in certain sentence and compare them to how the original speaker will pronounce them and find letter that you have say wrong and those that you pronounce well and show score how close you be in your accent from the original speaker. very cool elsa special,With the development of AI's artificial intelligence technologies and the identification of Speech Recography - where the idea of ​​the application is based on recording your voice in certain sentences and comparing them to how the original speaker will pronounce them and find letters that you have said wrong and those that you pronounced well and show Score how close you are in your accent from the original speaker. Very cool Elsa Special,en,0.9473013281822203,positive,positive,0.9128,positive,0.66830856,0.006158039,0.32553336,0.66830856
30580,53296,,1,"A deceitful application does not honestly does, if the word is pronounced with any bad pronunciation, it will tell you that your voice is similar to the pronunciation of the original speakers in English, and therefore it is not useful at all","a deceitful application do not honestly does, if the word be pronounce with any bad pronunciation, it will tell you that your voice be similar to the pronunciation of the original speaker in english, and therefore it be not useful at all","A deceitful application does not honestly does, if the word is pronounced with any bad pronunciation, it will tell you that your voice is similar to the pronunciation of the original speakers in English, and therefore it is not useful at all",en,0.8953959941864014,negative,negative,-0.8396,negative,0.87165165,0.87165165,0.11991306,0.008435311
30581,53297,,4,"A very beautiful application to learn the English language, but in the subscriptions section, the year is written for me 1700 Egyptian pounds and 3 months at 320. Why is this big difference or is it a mistake in the program. I hope this problem is solved","a very beautiful application to learn the english language, but in the subscription section, the year be write for me 1700 egyptian pound and 3 month at 320. why be this big difference or be it a mistake in the program. i hope this problem be solve","A very beautiful application to learn the English language, but in the subscriptions section, the year is written for me 1700 Egyptian pounds and 3 months at 320. Why is this big difference or is it a mistake in the program. I hope this problem is solved",en,0.8598026037216187,neutral,neutral,0.0923,negative,0.697664,0.697664,0.238135,0.06420097
30582,53298,,3,"The application is very good, but they said free for a week, then 53 riyals, a subscription, pay four times a year, the first thing I entered the bank card number number, withdraw 8 riyals, I don’t know why","the application be very good, but they say free for a week, then 53 riyals, a subscription, pay four time a year, the first thing i enter the bank card number number, withdraw 8 riyals, i do not t know why","The application is very good, but they said free for a week, then 53 riyals, a subscription, pay four times a year, the first thing I entered the bank card number number, withdraw 8 riyals, I don’t know why",en,0.9154137969017028,neutral,positive,0.7812,negative,0.64328223,0.64328223,0.29972425,0.056993555
30583,53299,,4,"Frankness is one of the best programs to strengthen the accent and fluency in the conversation, but the problem is that the program requires paying a certain amount to study for a longer period","frankness be one of the best program to strengthen the accent and fluency in the conversation, but the problem be that the program require pay a certain amount to study for a long period","Frankness is one of the best programs to strengthen the accent and fluency in the conversation, but the problem is that the program requires paying a certain amount to study for a longer period",en,0.904360055923462,neutral,neutral,0.1901,neutral,0.5411232,0.24370942,0.5411232,0.2151674
30584,53300,,5,"Excellent training, but if there is training to pronounce the letter, is it pronounced after another letter that prevents it, as well as the pronunciation","excellent training, but if there be train to pronounce the letter, be it pronounce after another letter that prevent it, as well as the pronunciation","Excellent training, but if there is training to pronounce the letter, is it pronounced after another letter that prevents it, as well as the pronunciation",en,0.9641834497451782,positive,positive,0.631,neutral,0.69464123,0.12693997,0.69464123,0.17841876
30585,53301,,5,"A good application, but I hope that it will give more free version because not all people are able to subscribe to the superior version","a good application, but i hope that it will give more free version because not all people be able to subscribe to the superior version","A good application, but I hope that it will give more free version because not all people are able to subscribe to the superior version",en,0.9277098774909972,positive,positive,0.9472,positive,0.8118444,0.018968277,0.16918735,0.8118444
30586,53302,,5,"Very very wonderful, I advise you to download it and benefit from it. It is beautiful.","very very wonderful, i advise you to download it and benefit from it. it be beautiful.","Very very wonderful, I advise you to download it and benefit from it. It is beautiful.",en,0.9874114990234376,positive,positive,0.9036,positive,0.9883624,0.0034596834,0.008177901,0.9883624
30587,53303,,1,"Bad, the settings are very limited and cannot be set.","bad, the setting be very limited and cannot be set.","Bad, the settings are very limited and cannot be set.",en,0.9343207478523254,negative,negative,-0.6901,negative,0.888112,0.888112,0.104168124,0.0077197785
30588,53304,,5,"A wonderful application that I have previously downloaded and for the lack of the phone memory, I wiped it, and here I am back, it is a very beautiful application that encourages you step by step to be able to the English language and pronounce it as it should.","a wonderful application that i have previously download and for the lack of the phone memory, i wipe it, and here i be back, it be a very beautiful application that encourage you step by step to be able to the english language and pronounce it as it should.","A wonderful application that I have previously downloaded and for the lack of the phone memory, I wiped it, and here I am back, it is a very beautiful application that encourages you step by step to be able to the English language and pronounce it as it should.",en,0.9641772508621216,positive,positive,0.8718,positive,0.9599629,0.0061265808,0.033910535,0.9599629
30589,53305,,4,The application is very sweet ❤ ❤ but a 4 -star and only a lot because it is difficult to grill 💞 😍 😘 💞,the application be very sweet ❤ ❤ but a 4 -star and only a lot because it be difficult to grill 💞 😍 😘 💞,The application is very sweet ❤❤ but a 4 -star and only a lot because it is difficult to grill 💞😍😘 💞,en,0.935090959072113,neutral,negative,-0.274,positive,0.95465046,0.0103573715,0.034992203,0.95465046
30590,53306,,5,"A very wonderful application, and useful for learning the English language 😍 I hope it prefers free and not a specific period, so that we can benefit for the longest duration ♥ ️ ♥ ️.","a very wonderful application, and useful for learn the english language 😍 i hope it prefer free and not a specific period, so that we can benefit for the long duration ♥ ♥ .","A very wonderful application, and useful for learning the English language 😍 I hope it prefers free and not a specific period, so that we can benefit for the longest duration ♥ ️ ♥ ️.",en,0.8713604211807251,positive,positive,0.9441,positive,0.98616844,0.0028551775,0.010976419,0.98616844
30591,53307,,1,"A very bad experience, the program, unfortunately, about 95% of the lessons, requires a subscription to the application by paying a fee in order to be able to open it, the installation has been canceled","a very bad experience, the program, unfortunately, about 95% of the lessons, require a subscription to the application by pay a fee in order to be able to open it, the installation have be cancel","A very bad experience, the program, unfortunately, about 95% of the lessons, requires a subscription to the application by paying a fee in order to be able to open it, the installation has been canceled",en,0.9550706744194032,negative,negative,-0.8221,negative,0.9404485,0.9404485,0.054587677,0.004963752
30592,53308,,5,"Crazy, but I don't know what to use","crazy, but i do not know what to use","Crazy, but I don't know what to use",en,0.9185016751289368,positive,negative,-0.1779,negative,0.6650563,0.6650563,0.30534318,0.029600468
30593,53309,,5,"It deserves more than five stars, God willing","it deserve more than five stars, god willing","It deserves more than five stars, God willing",en,0.9019988775253296,positive,neutral,0.2732,positive,0.92401874,0.0065573812,0.06942386,0.92401874
30594,53310,,1,The free category is very few,the free category be very few,The free category is very few,en,0.9788951873779296,negative,positive,0.5106,neutral,0.7422189,0.10420368,0.7422189,0.15357737
30595,53311,,5,The free is only limited this problem,the free be only limited this problem,The free is only limited this problem,en,0.8143954277038574,positive,negative,-0.184,negative,0.70288765,0.70288765,0.28327593,0.013836476
30596,53312,,5,"The application of magnificence, by God, and better than the most wonderful","the application of magnificence, by god, and good than the most wonderful","The application of magnificence, by God, and better than the most wonderful",en,0.9512308835983276,positive,positive,0.908,positive,0.9597274,0.0053514815,0.034921125,0.9597274
30597,53313,,1,The application does not work,the application do not work,The application does not work,en,0.8656496405601501,negative,neutral,0.0,negative,0.78217715,0.78217715,0.20124209,0.016580781
30598,53314,,4,Very very fun fun,very very fun fun,Very very fun fun,en,0.9947115182876588,neutral,positive,0.8291,positive,0.9770493,0.004286238,0.018664494,0.9770493
30599,53315,,5,"Very much, I liked the easiest way to correct linguistic errors and change the level from the lowest to the top. Thank you, thank you very much","very much, i like the easy way to correct linguistic error and change the level from the low to the top. thank you, thank you very much","Very much, I liked the easiest way to correct linguistic errors and change the level from the lowest to the top. Thank you, thank you very much",en,0.9372891783714294,positive,positive,0.7703,positive,0.8646399,0.021178491,0.11418163,0.8646399
30600,53316,,5,Very cool helping to pronounce the English boredom in an easy way with lessons in pronouncing each letter and with tests it is a very cool application,very cool help to pronounce the english boredom in an easy way with lesson in pronounce each letter and with test it be a very cool application,Very cool helping to pronounce the English boredom in an easy way with lessons in pronouncing each letter and with tests it is a very cool application,en,0.94667786359787,positive,positive,0.83,positive,0.9391487,0.005567523,0.055283796,0.9391487
30601,53317,,1,It does not work no matter how much I try and tells me that there is an error that happened!,it do not work no matter how much i try and tell me that there be an error that happened!,It does not work no matter how much I try and tells me that there is an error that happened!,en,0.953381597995758,negative,negative,-0.291,negative,0.8945713,0.8945713,0.096890435,0.008538204
30602,53318,,1,The free part does not work and always goes to the promotion page to upgrade the account to a paid account,the free part do not work and always go to the promotion page to upgrade the account to a pay account,The free part does not work and always goes to the promotion page to upgrade the account to a paid account,en,0.9476759433746338,negative,positive,0.4404,negative,0.74147004,0.74147004,0.24539706,0.013132903
30603,53319,,1,"Very bad. And inconsistent. Slow. And by saying a sentence that is not required and accepts it. And by saying the same word or sentence, and he hears it. In general, it is very bad","very bad. and inconsistent. slow. and by say a sentence that be not require and accepts it. and by say the same word or sentence, and he hear it. in general, it be very bad","Very bad. And inconsistent. Slow. And by saying a sentence that is not required and accepts it. And by saying the same word or sentence, and he hears it. In general, it is very bad",en,0.9847342371940612,negative,negative,-0.838,negative,0.88386637,0.88386637,0.10841158,0.00772196
30604,53320,,5,"A sweet game, but you have to learn English and Alasa records your voice, never translating Arabic.","a sweet game, but you have to learn english and alasa record your voice, never translate arabic.","A sweet game, but you have to learn English and Alasa records your voice, never translating Arabic.",en,0.9141606688499452,positive,neutral,0.25,neutral,0.4693439,0.34155393,0.4693439,0.18910211
30605,53321,,2,It does not work well,it do not work well,It does not work well,en,0.9468876123428344,negative,negative,-0.2057,negative,0.86617404,0.86617404,0.120453276,0.013372651
30606,53322,,1,It does not accept the entry process. I have tried again and repeatedly in all registration methods without interest,it do not accept the entry process. i have try again and repeatedly in all registration method without interest,It does not accept the entry process. I have tried again and repeatedly in all registration methods without interest,en,0.9433595538139344,negative,negative,-0.5667,negative,0.8658833,0.8658833,0.124852546,0.009264126
30607,53323,,4,Wonderful application I recommend it,wonderful application i recommend it,Wonderful application I recommend it,en,0.785580039024353,neutral,positive,0.7351,positive,0.97897196,0.00779498,0.01323302,0.97897196
30608,53324,,5,One of the distinctive applications to teach English pronunciation and I advise those who want to learn the correct pronunciation of this application,one of the distinctive application to teach english pronunciation and i advise those who want to learn the correct pronunciation of this application,One of the distinctive applications to teach English pronunciation and I advise those who want to learn the correct pronunciation of this application,en,0.9386085271835328,positive,neutral,0.0772,neutral,0.402711,0.0127459625,0.402711,0.58454305
30609,53325,,5,"The application is very very useful, so that, for example, a foreign country will come.","the application be very very useful, so that, for example, a foreign country will come.","The application is very very useful, so that, for example, a foreign country will come.",en,0.9419476985931396,positive,positive,0.5379,positive,0.74245983,0.009295557,0.24824461,0.74245983
30610,53326,,5,An excellent application to improve speech and dialect for English ... I recommend downloading it 🌚 💚 .........,an excellent application to improve speech and dialect for english. i recommend download it 🌚 💚.,An excellent application to improve speech and dialect for English ... I recommend downloading it 🌚 💚 .........,en,0.8672077655792236,positive,positive,0.8442,positive,0.98472935,0.0022995505,0.012971072,0.98472935
30611,53327,,5,"Sweet frankness, I feel that I am very very quickly","sweet frankness, i feel that i be very very quickly","Sweet frankness, I feel that I am very very quickly",en,0.9688612222671508,positive,positive,0.4588,neutral,0.43929383,0.05490173,0.43929383,0.5058045
30612,53328,,5,The best best is the best in terms of pronunciation teaching and practice in speech made me able to differentiate between many similar letters.,the best best be the best in term of pronunciation teaching and practice in speech make me able to differentiate between many similar letters.,The best best is the best in terms of pronunciation teaching and practice in speech made me able to differentiate between many similar letters.,en,0.9669183492660522,positive,positive,0.9274,positive,0.84374225,0.008390524,0.1478672,0.84374225
30613,53329,,1,"He commented at the first level and did not complete a lot, but even if he gave the sentence what is dealing with it, it is true or wrong, which is lost in the place of no move to the second level","he comment at the first level and do not complete a lot, but even if he give the sentence what be deal with it, it be true or wrong, which be lose in the place of no move to the second level","He commented at the first level and did not complete a lot, but even if he gave the sentence what is dealing with it, it is true or wrong, which is lost in the place of no move to the second level",en,0.9487923383712769,negative,negative,-0.7469,negative,0.6789767,0.6789767,0.30750504,0.013518225
30614,53330,,5,An application that allows you to learn the correct pronunciation of the language .. and memorize new vocabulary and phrases,an application that allow you to learn the correct pronunciation of the language. and memorize new vocabulary and phrase,An application that allows you to learn the correct pronunciation of the language .. and memorize new vocabulary and phrases,en,0.8877726197242737,positive,neutral,0.2263,neutral,0.6382205,0.008502245,0.6382205,0.3532773
30615,53331,,3,The application is really wonderful .. But if the Arabic language is added to the interface only to facilitate the understanding of the learner 👍,the application be really wonderful. but if the arabic language be add to the interface only to facilitate the understanding of the learner 👍,The application is really wonderful .. But if the Arabic language is added to the interface only to facilitate the understanding of the learner 👍,en,0.8676480650901794,neutral,positive,0.3604,positive,0.9703011,0.0049803406,0.0247186,0.9703011
30616,53332,,5,"Jameel and very useful 🌹 🥰 It is difficult in the beginning for those who do not know the language, but with time and continuity, it is especially easy for everything, God willing","jameel and very useful 🌹 🥰 it be difficult in the beginning for those who do not know the language, but with time and continuity, it be especially easy for everything, god willing","Jameel and very useful 🌹🥰 It is difficult in the beginning for those who do not know the language, but with time and continuity, it is especially easy for everything, God willing",en,0.9345969557762146,positive,positive,0.8067,positive,0.9371814,0.008926007,0.053892523,0.9371814
30617,53333,,4,"Very excellent to improve sound and pronunciation, but it has a little free and a lot of subscription","very excellent to improve sound and pronunciation, but it have a little free and a lot of subscription","Very excellent to improve sound and pronunciation, but it has a little free and a lot of subscription",en,0.9598109722137452,neutral,positive,0.8219,positive,0.9052951,0.010198034,0.084506944,0.9052951
30618,53334,,5,"Despite Balas until I utter the word right, or I see it from the right way","despite balas until i utter the word right, or i see it from the right way","Despite Balas until I utter the word right, or I see it from the right way",en,0.7944690585136414,positive,neutral,0.0,neutral,0.748684,0.105995335,0.748684,0.14532068
30619,53335,,1,A paid application is not free ... there are free similar compassions. Cancel installation immediately and immediately.,a paid application be not free. there be free similar compassions. cancel installation immediately and immediately.,A paid application is not free ... there are free similar compassions. Cancel installation immediately and immediately.,en,0.9544179439544678,negative,negative,-0.7509,negative,0.7213304,0.7213304,0.26321268,0.015456944
30620,53336,,5,"Beautiful, educational and wonderful 🤩 It tests the correct pronunciation of your English words, so we become better in English","beautiful, educational and wonderful 🤩 it test the correct pronunciation of your english words, so we become well in english","Beautiful, educational and wonderful 🤩 It tests the correct pronunciation of your English words, so we become better in English",en,0.9340202808380128,positive,positive,0.8739,positive,0.9807835,0.002901262,0.016315281,0.9807835
30621,53337,,1,"The application is good, but it is costly and open two free levels, only illogical, as well as the application does not support the Arabic language","the application be good, but it be costly and open two free levels, only illogical, as well as the application do not support the arabic language","The application is good, but it is costly and open two free levels, only illogical, as well as the application does not support the Arabic language",en,0.9659536480903624,negative,positive,0.677,negative,0.87137085,0.87137085,0.11987739,0.008751685
30622,53338,,5,"Nice application, but we have not learned the English language yet. We just want to learn it, and the application is in English, please add an Arabic language","nice application, but we have not learn the english language yet. we just want to learn it, and the application be in english, please add an arabic language","Nice application, but we have not learned the English language yet. We just want to learn it, and the application is in English, please add an Arabic language",en,0.9327937364578248,positive,positive,0.6486,neutral,0.3872583,0.1488956,0.3872583,0.46384612
30623,53339,,5,"An excellent application to learn to pronounce the English, but the quality of the phone headphones is separated in reviewing the application for your pronunciation, it is advisable to be in headphones.","an excellent application to learn to pronounce the english, but the quality of the phone headphone be separate in review the application for your pronunciation, it be advisable to be in headphones.","An excellent application to learn to pronounce the English, but the quality of the phone headphones is separated in reviewing the application for your pronunciation, it is advisable to be in headphones.",en,0.9115836024284364,positive,positive,0.3291,positive,0.75061727,0.024366012,0.22501674,0.75061727
30624,53340,,5,An interesting program that reaches information in an easy and beautiful way for beginners with easy learning at the specified times that the trainee requests,an interesting program that reach information in an easy and beautiful way for beginner with easy learn at the specified time that the trainee request,An interesting program that reaches information in an easy and beautiful way for beginners with easy learning at the specified times that the trainee requests,en,0.8679110407829285,positive,positive,0.91,positive,0.9201558,0.0035631591,0.07628096,0.9201558
30625,53341,,1,"The application is not suitable for beginners because the operating system in English, which makes it difficult for the beginner.","the application be not suitable for beginner because the operating system in english, which make it difficult for the beginner.","The application is not suitable for beginners because the operating system in English, which makes it difficult for the beginner.",en,0.9335153698921204,negative,negative,-0.3612,negative,0.86781293,0.86781293,0.12282434,0.009362771
30626,53342,,4,"I think it is beautiful, but they put the meaning of the word or the sentence in the language of the user in front of it in the event that it does not know its meaning","i think it be beautiful, but they put the meaning of the word or the sentence in the language of the user in front of it in the event that it do not know it be mean","I think it is beautiful, but they put the meaning of the word or the sentence in the language of the user in front of it in the event that it does not know its meaning",en,0.9750177264213562,neutral,positive,0.4404,neutral,0.46176064,0.17275862,0.46176064,0.36548078
30627,53343,,4,"A good program, but it is preferable to add the translation in Arabic to benefit four stars, because it is free of translation in Arabic to understand the user for the program. What does he say to be his training in the English language on understanding and evidence","a good program, but it be preferable to add the translation in arabic to benefit four stars, because it be free of translation in arabic to understand the user for the program. what do he say to be his training in the english language on understanding and evidence","A good program, but it is preferable to add the translation in Arabic to benefit four stars, because it is free of translation in Arabic to understand the user for the program. What does he say to be his training in the English language on understanding and evidence",en,0.952383041381836,neutral,positive,0.886,positive,0.65975446,0.016623253,0.32362232,0.65975446
30628,53344,,3,"The application is semi -paid, the number of free lessons is very few and also the waiting period for a full day to open the next lesson.","the application be semi -paid, the number of free lesson be very few and also the wait period for a full day to open the next lesson.","The application is semi -paid, the number of free lessons is very few and also the waiting period for a full day to open the next lesson.",en,0.9504233598709106,neutral,positive,0.5574,neutral,0.85918176,0.04849552,0.85918176,0.09232281
30629,53345,,1,A paid application shows itself as free. The free part is hardly equal to 2 % of the application features.,a pay application show itself as free. the free part be hardly equal to 2 % of the application features.,A paid application shows itself as free. The free part is hardly equal to 2 % of the application features.,en,0.949010133743286,negative,positive,0.7351,neutral,0.64703107,0.2881005,0.64703107,0.06486838
30630,53346,,3,"The application is great to learn and develop the skill of speaking, but the large number of icons and the large number of pages and courses make the learner confused how to start and where he starts, please redesign the interface to be easy and simple and realizes the learner to where he goes and where he goes from","the application be great to learn and develop the skill of speaking, but the large number of icon and the large number of page and course make the learner confuse how to start and where he starts, please redesign the interface to be easy and simple and realize the learner to where he go and where he go from","The application is great to learn and develop the skill of speaking, but the large number of icons and the large number of pages and courses make the learner confused how to start and where he starts, please redesign the interface to be easy and simple and realizes the learner to where he goes and where he goes from",en,0.9434117674827576,neutral,positive,0.836,neutral,0.66626936,0.17358916,0.66626936,0.16014142
30631,53347,,1,"I say that with money, then the experience is bad, I do not recommend anyone to download it, as it has money.","i say that with money, then the experience be bad, i do not recommend anyone to download it, as it have money.","I say that with money, then the experience is bad, I do not recommend anyone to download it, as it has money.",en,0.9759082198143004,negative,negative,-0.6818,negative,0.8513316,0.8513316,0.13675293,0.011915394
30632,53348,,5,"Sweet, but some times want to subscribe","sweet, but some time want to subscribe","Sweet, but some times want to subscribe",en,0.9793278574943542,positive,positive,0.3506,neutral,0.35960108,0.024108984,0.35960108,0.6162899
30633,53349,,5,It is one of the best applications through which you can learn the English language,it be one of the best application through which you can learn the english language,It is one of the best applications through which you can learn the English language,en,0.9514431953430176,positive,positive,0.6369,positive,0.9587066,0.0039626076,0.037330836,0.9587066
30634,53350,,1,"A very bad application, and I do not recommend downloading it in English","a very bad application, and i do not recommend download it in english","A very bad application, and I do not recommend downloading it in English",en,0.930086314678192,negative,negative,-0.7098,negative,0.94747317,0.94747317,0.046015542,0.0065113283
30635,53351,,4,I liked the level evaluation at each stage and a lesson that helped me in knowing how to develop my skills,i like the level evaluation at each stage and a lesson that help me in know how to develop my skill,I liked the level evaluation at each stage and a lesson that helped me in knowing how to develop my skills,en,0.9566493034362792,neutral,positive,0.6369,positive,0.867242,0.00819977,0.12455824,0.867242
30636,53352,,5,"It is the best application I saw and I spoke to the English language with its divorce, and everyone will download it to download it","it be the best application i saw and i speak to the english language with it be divorce, and everyone will download it to download it","It is the best application I saw and I spoke to the English language with its divorce, and everyone will download it to download it",en,0.9448798894882202,positive,positive,0.6369,positive,0.9748789,0.0059471363,0.01917392,0.9748789
30637,53353,,5,A very respectable application,a very respectable application,A very respectable application,en,0.8936002254486084,positive,positive,0.4927,positive,0.7651336,0.024456186,0.21041024,0.7651336
30638,53354,,5,"The application is wonderful and very useful, but it is only for free for three times","the application be wonderful and very useful, but it be only for free for three time","The application is wonderful and very useful, but it is only for free for three times",en,0.9380475282669068,positive,positive,0.8358,positive,0.95496804,0.007956382,0.03707557,0.95496804
30639,53355,,5,"The program improves dialects and pronunciation in English, but you have to have knowledge of the language and then apply to the program","the program improve dialect and pronunciation in english, but you have to have knowledge of the language and then apply to the program","The program improves dialects and pronunciation in English, but you have to have knowledge of the language and then apply to the program",en,0.9484887719154358,positive,neutral,0.2382,neutral,0.79723567,0.015557797,0.79723567,0.18720649
30640,53356,,5,The application is more than wonderful,the application be more than wonderful,The application is more than wonderful,en,0.8678513765335083,positive,positive,0.6096,positive,0.9749477,0.0063578906,0.01869441,0.9749477
30641,53357,,5,"A very excellent program, thank you very much to the designer, the best audio practice application, it is more than wonderful","a very excellent program, thank you very much to the designer, the best audio practice application, it be more than wonderful","A very excellent program, thank you very much to the designer, the best audio practice application, it is more than wonderful",en,0.9487621784210204,positive,positive,0.9426,positive,0.98797745,0.003950758,0.0080718845,0.98797745
30642,53358,,5,"A very excellent application, but sometimes it is very accurate, and even professional people make mistakes .......................................","a very excellent application, but sometimes it be very accurate, and even professional people make mistakes.","A very excellent application, but sometimes it is very accurate, and even professional people make mistakes .......................................",en,0.9866613149642944,positive,negative,-0.191,positive,0.65581733,0.10063013,0.2435526,0.65581733
30643,53359,,5,Very very excellent and wonderful ... helps to master the English language,very very excellent and wonderful. help to master the english language,Very very excellent and wonderful ... helps to master the English language,en,0.9695913195610046,positive,positive,0.8987,positive,0.98594195,0.0028348141,0.011223225,0.98594195
30644,53360,,4,"Very excellent, and I hope there will be more advantages in the free version.","very excellent, and i hope there will be more advantage in the free version.","Very excellent, and I hope there will be more advantages in the free version.",en,0.9358929991722108,neutral,positive,0.9144,positive,0.9874533,0.0027315672,0.009815209,0.9874533
30645,53361,,5,An excellent program that teaches audio and there are a lot of training on pronunciation,an excellent program that teach audio and there be a lot of train on pronunciation,An excellent program that teaches audio and there are a lot of training on pronunciation,en,0.9427217245101928,positive,positive,0.5719,positive,0.93447083,0.0066928477,0.058836326,0.93447083
30646,53362,,5,"I advise everyone who wants to learn the language, I recommend this application faster","i advise everyone who want to learn the language, i recommend this application faster","I advise everyone who wants to learn the language, I recommend this application faster",en,0.9450791478157043,positive,positive,0.4215,positive,0.9004354,0.0044112434,0.095153354,0.9004354
30647,53363,,5,The best program ever is very useful for those who suffer from weakness and problems,the best program ever be very useful for those who suffer from weakness and problem,The best program ever is very useful for those who suffer from weakness and problems,en,0.9676218628883362,positive,negative,-0.1548,positive,0.9250294,0.015020969,0.059949648,0.9250294
30648,53364,,5,The application is fun and helps to learn the English language easily ♥ ️,the application be fun and help to learn the english language easily ♥,The application is fun and helps to learn the English language easily ♥ ️,en,0.8910399675369263,positive,positive,0.8126,positive,0.9669545,0.0032359695,0.029809542,0.9669545
30649,53365,,5,A very excellent application I recommend English learners strongly.,a very excellent application i recommend english learner strongly.,A very excellent application I recommend English learners strongly.,en,0.9425324201583862,positive,positive,0.8341,positive,0.98215127,0.0038416137,0.014007149,0.98215127
30650,53366,,5,"An important, simple and practical application. Learning with him is fun.","an important, simple and practical application. learn with him be fun.","An important, simple and practical application. Learning with him is fun.",en,0.9302828311920166,positive,positive,0.6249,positive,0.92655486,0.005358158,0.068086974,0.92655486
30651,53367,,5,An excellent program that develops your language skills and listens significantly day after day,an excellent program that develop your language skill and listens significantly day after day,An excellent program that develops your language skills and listens significantly day after day,en,0.9197931289672852,positive,positive,0.5719,positive,0.94252443,0.0038950683,0.05358044,0.94252443
30652,53368,,1,"He rejects the password when registering for the free experience, although it is correct with the testimony of Google !!","he reject the password when register for the free experience, although it be correct with the testimony of google!","He rejects the password when registering for the free experience, although it is correct with the testimony of Google !!",en,0.8698946237564087,negative,neutral,0.2244,neutral,0.5264144,0.43999356,0.5264144,0.033592083
30653,53369,,1,"Wonderful ,, not ads ,, great diversity, creativity, great effort in preparing it","wonderful, not ads, great diversity, creativity, great effort in prepare it","Wonderful ,, not ads ,, great diversity, creativity, great effort in preparing it",en,0.9088709950447084,negative,neutral,-0.0742,positive,0.9782155,0.0059911218,0.015793372,0.9782155
30654,53370,,5,An excellent program to improve speech and training in proper speech,an excellent program to improve speech and training in proper speech,An excellent program to improve speech and training in proper speech,en,0.9549572467803956,positive,positive,0.765,positive,0.9210697,0.004962348,0.07396793,0.9210697
30655,53371,,4,"The application is excellent, but the problem does not have Arabic","the application be excellent, but the problem do not have arabic","The application is excellent, but the problem does not have Arabic",en,0.9264688491821288,neutral,negative,-0.296,neutral,0.42174122,0.39220756,0.42174122,0.1860512
30656,53372,,5,"A program, enjoyable, beautiful, and learning in it is easy and wonderful, God willing, for your generous initiative","a program, enjoyable, beautiful, and learning in it be easy and wonderful, god willing, for your generous initiative","A program, enjoyable, beautiful, and learning in it is easy and wonderful, God willing, for your generous initiative",en,0.8455946445465088,positive,positive,0.9571,positive,0.980253,0.0036252243,0.016121851,0.980253
30657,53373,,1,"Beautiful, but not free, and there is also no payment by the contact segment balance.","beautiful, but not free, and there be also no payment by the contact segment balance.","Beautiful, but not free, and there is also no payment by the contact segment balance.",en,0.9719546437263488,negative,negative,-0.5998,negative,0.47678506,0.47678506,0.3755502,0.14766468
30658,53374,,5,"A great application, I like how it determines the error I made carefully and provides you with advice to correct it","a great application, i like how it determine the error i make carefully and provide you with advice to correct it","A great application, I like how it determines the error I made carefully and provides you with advice to correct it",en,0.9240790009498596,positive,positive,0.6597,positive,0.8595081,0.03082914,0.1096628,0.8595081
30659,53375,,5,"A very beautiful program. I advise everyone to download its scientific material is very useful, but I was hoping for free","a very beautiful program. i advise everyone to download it be scientific material be very useful, but i be hop for free","A very beautiful program. I advise everyone to download its scientific material is very useful, but I was hoping for free",en,0.8980705142021179,positive,positive,0.8459,positive,0.9783689,0.0044707977,0.017160397,0.9783689
30660,53376,,5,"Wonderful application to improve language skills in an easy and very enjoyable way, thank you for this wonderful application","wonderful application to improve language skill in an easy and very enjoyable way, thank you for this wonderful application","Wonderful application to improve language skills in an easy and very enjoyable way, thank you for this wonderful application",en,0.9094658493995668,positive,positive,0.9593,positive,0.98667973,0.0038258182,0.009494418,0.98667973
30661,53377,,5,"It is a very, very effective application, but all closed lessons and a yearly or monthly piasters are how to pay","it be a very, very effective application, but all close lesson and a yearly or monthly piaster be how to pay","It is a very, very effective application, but all closed lessons and a yearly or monthly piasters are how to pay",en,0.928642988204956,positive,neutral,0.1866,positive,0.8335335,0.018102633,0.14836381,0.8335335
30662,53378,,5,"A very wonderful application if you will pass it to you, you can learn the English language very easily and very smoothly 🫠 👌🏻 🤎.","a very wonderful application if you will pass it to you, you can learn the english language very easily and very smoothly 🫠 👌 🤎.","A very wonderful application if you will pass it to you, you can learn the English language very easily and very smoothly 🫠👌🏻🤎.",en,0.9653093218803406,positive,positive,0.7708,positive,0.98660594,0.0029100361,0.010484097,0.98660594
30663,53379,,1,"I mean, this is an application that wears a physical, I mean an English language, I mean, they see all countries, such as India, Turkiye, an English language. Please reply if it knows, please.","i mean, this be an application that wear a physical, i mean an english language, i mean, they see all countries, such as india, turkiye, an english language. please reply if it knows, please.","I mean, this is an application that wears a physical, I mean an English language, I mean, they see all countries, such as India, Türkiye, an English language. Please reply if it knows, please.",en,0.9428390264511108,negative,positive,0.5574,neutral,0.8240847,0.053276695,0.8240847,0.122638576
30664,53380,,5,"Very very beautiful, I advise who wants to improve the pronunciation method, you can download it Fort","very very beautiful, i advise who want to improve the pronunciation method, you can download it fort","Very very beautiful, I advise who wants to improve the pronunciation method, you can download it Fort",en,0.9579913020133972,positive,positive,0.8258,positive,0.978011,0.0036315809,0.01835737,0.978011
30665,53381,,3,A beautiful content application .. But it works with the Internet only and secondly not free!?,a beautiful content application. but it work with the internet only and secondly not free! ?,A beautiful content application .. But it works with the Internet only and secondly not free!?,en,0.8668343424797058,neutral,negative,-0.3389,negative,0.5163349,0.5163349,0.28241318,0.20125195
30666,53382,,4,"The application is excellent, but the payment method can be monthly. How much will be in the month in the annual offer of 800","the application be excellent, but the payment method can be monthly. how much will be in the month in the annual offer of 800","The application is excellent, but the payment method can be monthly. How much will be in the month in the annual offer of 800",en,0.9559141397476196,neutral,positive,0.3291,positive,0.80655295,0.006748095,0.18669897,0.80655295
30667,53383,,5,An excellent application that helps to practice language and speak fluently,an excellent application that help to practice language and speak fluently,An excellent application that helps to practice language and speak fluently,en,0.9764549732208252,positive,positive,0.7506,positive,0.95208657,0.0032778827,0.044635568,0.95208657
30668,53384,,1,"Because it is a paid payment, I could not try it.","because it be a paid payment, i could not try it.","Because it is a paid payment, I could not try it.",en,0.9938681721687316,negative,neutral,0.0,negative,0.78568655,0.78568655,0.2014657,0.012847783
30669,53385,,3,"Excellent, but unfortunately, I tried to pronounce in a deliberate and sarcastic way to find it well, you uttered like native people, for example, the word Prepare pronounced it.","excellent, but unfortunately, i try to pronounce in a deliberate and sarcastic way to find it well, you utter like native people, for example, the word prepare pronounce it.","Excellent, but unfortunately, I tried to pronounce in a deliberate and sarcastic way to find it well, you uttered like native people, for example, the word Prepare pronounced it.",en,0.9495884776115416,neutral,positive,0.3919,negative,0.54618746,0.54618746,0.36904183,0.08477069
30670,53386,,5,"Very nice, but please enter the Arabic language to help me in translation, but I recommend the download","very nice, but please enter the arabic language to help me in translation, but i recommend the download","Very nice, but please enter the Arabic language to help me in translation, but I recommend the download",en,0.9238442182540894,positive,positive,0.9041,positive,0.9601527,0.0057361303,0.03411122,0.9601527
30671,53387,,1,"A liar application is originally in the English language, and we cannot learn the English language. I do not advise you to download","a liar application be originally in the english language, and we cannot learn the english language. i do not advise you to download","A liar application is originally in the English language, and we cannot learn the English language. I do not advise you to download",en,0.9074158668518066,negative,negative,-0.5106,negative,0.84844345,0.84844345,0.14128458,0.010271934
30672,53388,,4,But we want to learn the language with its translation and the whole application is English,but we want to learn the language with it be translation and the whole application be english,But we want to learn the language with its translation and the whole application is English,en,0.9351888298988342,neutral,neutral,0.1154,neutral,0.7505002,0.05221702,0.7505002,0.19728275
30673,53389,,5,I advise anyone who wants to learn the absolute speaking in the English language with this application,i advise anyone who want to learn the absolute speaking in the english language with this application,I advise anyone who wants to learn the absolute speaking in the English language with this application,en,0.9624638557434082,positive,neutral,0.0772,neutral,0.7370593,0.06058321,0.7370593,0.20235749
30674,53390,,1,"Worsted he did not put the Arabic language in the list between the 9 important languages, the second is not free","worst he do not put the arabic language in the list between the 9 important languages, the second be not free","Worsted he did not put the Arabic language in the list between the 9 important languages, the second is not free",en,0.9020609259605408,negative,negative,-0.7186,negative,0.8418984,0.8418984,0.14789699,0.010204604
30675,53391,,5,"Of course, what does not know what to occupy this program ... This program teaches you to the correct pronunciation ... It gives you a sentence that presses the headphone button to listen to the sentence and then they are overwhelmed by the honorable and utter the word, so it appears in front of you a hundred ... I mean, it evaluates your pronunciation from a hundred ...","of course, what do not know what to occupy this program. this program teach you to the correct pronunciation. it give you a sentence that press the headphone button to listen to the sentence and then they be overwhelm by the honorable and utter the word, so it appear in front of you a hundred. i mean, it evaluate your pronunciation from a hundred.","Of course, what does not know what to occupy this program ... This program teaches you to the correct pronunciation ... It gives you a sentence that presses the headphone button to listen to the sentence and then they are overwhelmed by the honorable and utter the word, so it appears in front of you a hundred ... I mean, it evaluates your pronunciation from a hundred ...",en,0.9245250821113586,positive,positive,0.5267,neutral,0.7759324,0.08725276,0.7759324,0.13681483
30676,53392,,5,The best application for talking with artificial intelligence and is distinctive. It contains many situations and topics to speak,the best application for talk with artificial intelligence and be distinctive. it contain many situation and topic to speak,The best application for talking with artificial intelligence and is distinctive. It contains many situations and topics to speak,en,0.9617453217506408,positive,positive,0.8074,positive,0.8386987,0.006373647,0.15492772,0.8386987
30677,53393,,5,The best program to learn English and self -development in the Arab world,the best program to learn english and self -development in the arab world,The best program to learn English and self -development in the Arab world,en,0.8388145565986633,positive,positive,0.6369,positive,0.8234859,0.0051184897,0.17139558,0.8234859
30678,53394,,5,The program is very good for non -English speakers,the program be very good for non -english speaker,The program is very good for non -English speakers,en,0.8836206793785095,positive,positive,0.4927,positive,0.91982335,0.0038915246,0.076285094,0.91982335
30679,53395,,2,"The application does not contain a translation of words, how do I learn English without translation","the application do not contain a translation of words, how do i learn english without translation","The application does not contain a translation of words, how do I learn English without translation",en,0.8396522998809814,negative,neutral,0.0,negative,0.6157829,0.6157829,0.3673186,0.016898537
30680,53396,,5,An excellent application that helps you to learn very significantly,an excellent application that help you to learn very significantly,An excellent application that helps you to learn very significantly,en,0.9850332736968994,positive,positive,0.7506,positive,0.9771742,0.0029639916,0.019861769,0.9771742
30681,53397,,5,"Frankly, an excellent app helps you learn the English language","frankly, an excellent app help you learn the english language","Frankly, an excellent app helps you learn the English language",en,0.8501622080802917,positive,positive,0.7506,positive,0.9575041,0.002427742,0.040068213,0.9575041
30682,53398,,5,"The best application to teach conversation and listening, but not free","the best application to teach conversation and listening, but not free","The best application to teach conversation and listening, but not free",en,0.8760484457015991,positive,negative,-0.2389,neutral,0.6367259,0.104313955,0.6367259,0.2589602
30683,53399,,5,Wonderful and good application and even in translation.,wonderful and good application and even in translation.,Wonderful and good application and even in translation.,en,0.9481246471405028,positive,positive,0.765,positive,0.983383,0.0038562273,0.012760732,0.983383
30684,53400,,5,Ha 💓 💓 I advise everyone who wants to learn the English language to download it,ha 💓 💓 i advise everyone who want to learn the english language to download it,Haaaaaaaa 💓💓 I advise everyone who wants to learn the English language to download it,en,0.945418655872345,positive,positive,0.4019,positive,0.9465831,0.0023091645,0.05110775,0.9465831
30685,53401,,5,Wonderful for everyone who wants the correct English pronunciation it is free 📱,wonderful for everyone who want the correct english pronunciation it be free 📱,Wonderful for everyone who wants the correct English pronunciation it is free 📱,en,0.8284371495246887,positive,positive,0.8074,positive,0.9373716,0.0042369193,0.058391478,0.9373716
30686,53402,,5,Sweet application helps to exercise on the language and focuses on more than one skill,sweet application help to exercise on the language and focus on more than one skill,Sweet application helps to exercise on the language and focuses on more than one skill,en,0.9556894898414612,positive,positive,0.6908,neutral,0.39137164,0.012213401,0.39137164,0.596415
30687,53403,,5,My program increases strength in your pronunciation. A very beautiful program. I benefited from and continues to benefit,my program increase strength in your pronunciation. a very beautiful program. i benefit from and continue to benefit,My program increases strength in your pronunciation. A very beautiful program. I benefited from and continues to benefit,en,0.9243056178092957,positive,positive,0.9453,positive,0.98467505,0.0032950586,0.012029896,0.98467505
30688,53404,,5,A very wonderful program that helps to practice the English language,a very wonderful program that help to practice the english language,A very wonderful program that helps to practice the English language,en,0.9437287449836732,positive,positive,0.7713,positive,0.97836065,0.0023030855,0.019336227,0.97836065
30689,53405,,5,The best application to improve pronunciation in the English language,the best application to improve pronunciation in the english language,The best application to improve pronunciation in the English language,en,0.8150098323822021,positive,positive,0.7964,positive,0.8541364,0.008314027,0.13754952,0.8541364
30690,53406,,4,"Very good, sweet, and use it is easy, but in things except with money","very good, sweet, and use it be easy, but in thing except with money","Very good, sweet, and use it is easy, but in things except with money",en,0.9706737995147704,neutral,positive,0.6353,positive,0.93815523,0.009569749,0.052274987,0.93815523
30691,53407,,5,"A very, very cool application, as it makes you feel like you are in a real conversation with someone","a very, very cool application, as it make you feel like you be in a real conversation with someone","A very, very cool application, as it makes you feel like you are in a real conversation with someone",en,0.9806125164031982,positive,positive,0.6566,positive,0.9660403,0.003919658,0.030040037,0.9660403
30692,53408,,5,The best English language education program in the world,the best english language education program in the world,The best English language education program in the world,en,0.804315984249115,positive,positive,0.6369,positive,0.9761489,0.0027880103,0.021063127,0.9761489
30693,53409,,5,"Excellent to strengthen the language and support it in new, official and academic terms","excellent to strengthen the language and support it in new, official and academic term","Excellent to strengthen the language and support it in new, official and academic terms",en,0.9628959894180298,positive,positive,0.8271,positive,0.9670049,0.0030239888,0.029971158,0.9670049
30694,53410,,4,It lacks the translation of the mother language of the user and graphics for storage in the subconscious because it ships relatively information within the information he receives,it lack the translation of the mother language of the user and graphic for storage in the subconscious because it ship relatively information within the information he receive,It lacks the translation of the mother language of the user and graphics for storage in the subconscious because it ships relatively information within the information he receives,en,0.938532531261444,neutral,negative,-0.3182,neutral,0.5759827,0.39964363,0.5759827,0.02437367
30695,53411,,4,"It is useful, but it has ads. You must subscribe in order to be able to take all the features","it be useful, but it have ads. you must subscribe in order to be able to take all the feature","It is useful, but it has ads. You must subscribe in order to be able to take all the features",en,0.9747921228408812,neutral,neutral,0.2382,neutral,0.55967206,0.3911152,0.55967206,0.049212713
30696,53412,,5,The most beautiful and best assistant program for beginners and students in the English language .. Greetings,the most beautiful and best assistant program for beginner and student in the english language. greeting,The most beautiful and best assistant program for beginners and students in the English language .. Greetings,en,0.904893398284912,positive,positive,0.9053,positive,0.9825059,0.0023410253,0.015153014,0.9825059
30697,53413,,5,"The best application to learn the tone ever, 💥 💣 👌 👌 👌 and develop your linguistic outcome","the best application to learn the tone ever, 💥 💣 👌 👌 👌 and develop your linguistic outcome","The best application to learn the tone ever, 💥💣👌👌👌 and develop your linguistic outcome",en,0.8535579442977905,positive,positive,0.6369,positive,0.9514591,0.0033425775,0.045198325,0.9514591
30698,53414,,5,An excellent educational program teaching the word pronunciation correctly,an excellent educational program teach the word pronunciation correctly,An excellent educational program teaching the word pronunciation correctly,en,0.8254030346870422,positive,positive,0.5719,positive,0.8848793,0.005577123,0.10954356,0.8848793
30699,53415,,5,Good app to improve your reading skill and correct your mistakes,good app to improve your reading skill and correct your mistake,Good app to improve your reading skill and correct your mistakes,en,0.932161509990692,positive,positive,0.5267,positive,0.65135974,0.03011086,0.31852946,0.65135974
30700,53416,,4,"Wonderful and I learned new words, but I search for an application without a fee","wonderful and i learn new words, but i search for an application without a fee","Wonderful and I learned new words, but I search for an application without a fee",en,0.901348114013672,neutral,positive,0.3291,positive,0.8512558,0.010137555,0.13860668,0.8512558
30701,53417,,5,The most beautiful application to learn English frankly,the most beautiful application to learn english frankly,The most beautiful application to learn English frankly,en,0.8918667435646057,positive,positive,0.6361,positive,0.9628101,0.011366632,0.025823288,0.9628101
30702,53418,,4,"The application is excellent, but I hope for free lessons is more than confirmed","the application be excellent, but i hope for free lesson be more than confirm","The application is excellent, but I hope for free lessons is more than confirmed",en,0.8699802160263062,neutral,positive,0.8922,positive,0.9607301,0.006300303,0.0329696,0.9607301
30703,53419,,5,"The best application to learn the English language, you can do one Zio to learn other languages","the best application to learn the english language, you can do one zio to learn other language","The best application to learn the English language, you can do one Zio to learn other languages",en,0.8742194771766663,positive,positive,0.6369,positive,0.89086384,0.0062208865,0.10291529,0.89086384
30704,53420,,4,The program is excellent and I recommend it to learn from it the English conversation,the program be excellent and i recommend it to learn from it the english conversation,The program is excellent and I recommend it to learn from it the English conversation,en,0.903162717819214,neutral,positive,0.7351,positive,0.98152345,0.0031227916,0.01535374,0.98152345
30705,53421,,5,"It understands you accurately for him to speak outside the specified, it is a very good copy","it understand you accurately for him to speak outside the specified, it be a very good copy","It understands you accurately for him to speak outside the specified, it is a very good copy",en,0.9897380471229552,positive,positive,0.4927,positive,0.84037244,0.012119795,0.14750773,0.84037244
30706,53422,,2,"Nice application, but the Arabic language does not have","nice application, but the arabic language do not have","Nice application, but the Arabic language does not have",en,0.9358201026916504,negative,neutral,0.2263,negative,0.60568964,0.60568964,0.30942374,0.08488665
30707,53423,,3,Two stars were detracted due to the lack of Arabic language. Please add the Arabic language. Thank you,two star be detract due to the lack of arabic language. please add the arabic language. thank you,Two stars were detracted due to the lack of Arabic language. Please add the Arabic language. Thank you,en,0.8314159512519836,neutral,positive,0.3612,negative,0.47213992,0.47213992,0.48212686,0.045733202
30708,53424,,4,"Very wonderful, but I cannot understand a little because it is all written English and I am not a beginner","very wonderful, but i cannot understand a little because it be all write english and i be not a beginner","Very wonderful, but I cannot understand a little because it is all written English and I am not a beginner",en,0.9291210770606996,neutral,positive,0.3604,negative,0.47040278,0.47040278,0.2774919,0.2521053
30709,53425,,2,"A good program to teach speech, but there is no translation into Arabic","a good program to teach speech, but there be no translation into arabic","A good program to teach speech, but there is no translation into Arabic",en,0.9484435319900512,negative,negative,-0.2144,negative,0.593911,0.593911,0.37010947,0.03597957
30710,53426,,4,"The application is very sweet, but I have a problem, I don’t know how I want to transform the language of the application for Arabic.","the application be very sweet, but i have a problem, i do not t know how i want to transform the language of the application for arabic.","The application is very sweet, but I have a problem, I don’t know how I want to transform the language of the application for Arabic.",en,0.9492568373680116,neutral,negative,-0.4091,negative,0.86728,0.86728,0.12263413,0.01008587
30711,53427,,3,"Excellent excellent, very good, but where is the important language in the world and the (Arabic) application?","excellent excellent, very good, but where be the important language in the world and the arabic application?","Excellent excellent, very good, but where is the important language in the world and the (Arabic) application?",en,0.9189823269844056,neutral,positive,0.7904,positive,0.93822753,0.005164362,0.056608062,0.93822753
30712,53428,,2,"A beautiful program, but it needs to add the Arabic language to understand the program","a beautiful program, but it need to add the arabic language to understand the program","A beautiful program, but it needs to add the Arabic language to understand the program",en,0.922505021095276,negative,positive,0.3506,positive,0.7340319,0.068124816,0.19784321,0.7340319
30713,53429,,5,"I advise everyone to download an excellent education, and a sound, from a program","i advise everyone to download an excellent education, and a sound, from a program","I advise everyone to download an excellent education, and a sound, from a program",en,0.9641286134719848,positive,positive,0.5719,positive,0.86263824,0.010240848,0.1271209,0.86263824
30714,53430,,1,The application is not free although there is a lot better than it for free,the application be not free although there be a lot good than it for free,The application is not free although there is a lot better than it for free,en,0.9238174557685852,negative,negative,-0.362,neutral,0.46080038,0.08715137,0.46080038,0.45204824
30715,53431,,4,"Good application, but if they add the user's language for easy memorization ♡","good application, but if they add the user language for easy memorization ♡","Good application, but if they add the user's language for easy memorization ♡",en,0.8492452502250671,neutral,positive,0.7003,positive,0.9526255,0.004822814,0.042551644,0.9526255
30716,53432,,4,Very beautiful and useful for learning and practicing the English language,very beautiful and useful for learn and practice the english language,Very beautiful and useful for learning and practicing the English language,en,0.9324085116386414,neutral,positive,0.8104,positive,0.98161787,0.0029438704,0.01543826,0.98161787
30717,53433,,4,"Very good, but if we open a free Pro version for a short period","very good, but if we open a free pro version for a short period","Very good, but if we open a free Pro version for a short period",en,0.8641787767410278,neutral,positive,0.7612,positive,0.9199132,0.0071458463,0.07294098,0.9199132
30718,53434,,3,Because it is not only free of charge got 3 stars and the program appears above the wonderful,because it be not only free of charge get 3 star and the program appear above the wonderful,Because it is not only free of charge got 3 stars and the program appears above the wonderful,en,0.8228837251663208,neutral,neutral,0.2495,positive,0.8004785,0.00761733,0.19190413,0.8004785
30719,53435,,5,It helps you to improve pronunciation and learn new words,it help you to improve pronunciation and learn new word,It helps you to improve pronunciation and learn new words,en,0.893881618976593,positive,positive,0.6808,positive,0.71107733,0.011676473,0.27724615,0.71107733
30720,53436,,1,"Very nice and useful for learning the English language, but it works on the Internet","very nice and useful for learn the english language, but it work on the internet","Very nice and useful for learning the English language, but it works on the Internet",en,0.9247922897338868,negative,positive,0.4816,positive,0.94108564,0.0053044613,0.05360989,0.94108564
30721,53437,,5,"An excellent program to improve the pronunciation of the English language is smooth, light and gentle","an excellent program to improve the pronunciation of the english language be smooth, light and gentle","An excellent program to improve the pronunciation of the English language is smooth, light and gentle",en,0.8050613403320312,positive,positive,0.8591,positive,0.9253706,0.005307959,0.069321446,0.9253706
30722,53438,,5,"The application is more than wonderful. Evidence. English, you did not improve the form of Kalsh Jubeir and all of it thanks to this application 🤩","the application be more than wonderful. evidence. english, you do not improve the form of kalsh jubeir and all of it thank to this application 🤩","The application is more than wonderful. Evidence. English, you did not improve the form of Kalsh Jubeir and all of it thanks to this application 🤩",en,0.9019811749458312,positive,positive,0.6215,positive,0.97276413,0.006433423,0.020802425,0.97276413
30723,53439,,5,"The greatest and best application for the English language, I congratulate those who prepared it","the great and best application for the english language, i congratulate those who prepare it","The greatest and best application for the English language, I congratulate those who prepared it",en,0.8806588649749756,positive,positive,0.91,positive,0.9782341,0.003197781,0.018568136,0.9782341
30724,53440,,5,A more than wonderful application .. simple and very useful .. and I recommend installing it,a more than wonderful application. simple and very useful. and i recommend instal it,A more than wonderful application .. simple and very useful .. and I recommend installing it,en,0.9376895427703856,positive,positive,0.8731,positive,0.9879265,0.0037149063,0.00835867,0.9879265
30725,53441,,5,The best English language learning program,the best english language learn program,The best English language learning program,en,0.7573530077934265,positive,positive,0.6369,positive,0.96722364,0.0035408817,0.029235475,0.96722364
30726,53442,,5,The most wonderful application for pronunciation and listening simply Magnificent,the most wonderful application for pronunciation and listen simply magnificent,The most wonderful application for pronunciation and listening simply Magnificent,en,0.8172965049743652,positive,positive,0.8357,positive,0.9718765,0.0075351926,0.020588346,0.9718765
30727,53443,,2,"It is a very beautiful program, but the problem is that the first week is free and after it is 277 c subscription","it be a very beautiful program, but the problem be that the first week be free and after it be 277 c subscription","It is a very beautiful program, but the problem is that the first week is free and after it is 277 c subscription",en,0.92542564868927,negative,positive,0.5418,neutral,0.36018044,0.29154032,0.36018044,0.34827927
30728,53444,,5,A new program for all levels to learn the English language,a new program for all level to learn the english language,A new program for all levels to learn the English language,en,0.8632052540779114,positive,neutral,0.0,neutral,0.5789931,0.00921159,0.5789931,0.41179535
30729,53445,,5,"A very high application you will not regret downloading it, but it works on the net if it was without the net it was the most wonderful","a very high application you will not regret download it, but it work on the net if it be without the net it be the most wonderful","A very high application you will not regret downloading it, but it works on the net if it was without the net it was the most wonderful",en,0.866998553276062,positive,positive,0.7995,positive,0.9605806,0.0074899173,0.031929523,0.9605806
30730,53446,,5,A very beautiful and wonderful program that helps you to pronounce the words correctly and reduces your dialect,a very beautiful and wonderful program that help you to pronounce the word correctly and reduce your dialect,A very beautiful and wonderful program that helps you to pronounce the words correctly and reduces your dialect,en,0.9469671845436096,positive,positive,0.8969,positive,0.9550278,0.0044056596,0.04056657,0.9550278
30731,53447,,5,A beautiful application that helps to learn the language greatly,a beautiful application that help to learn the language greatly,A beautiful application that helps to learn the language greatly,en,0.9383134245872498,positive,positive,0.765,positive,0.9812417,0.0043598446,0.014398381,0.9812417
30732,53448,,5,"Ok, for the first lesson, I feel beautiful and useful to pronounce, improve my words for letters, thanks","ok, for the first lesson, i feel beautiful and useful to pronounce, improve my word for letters, thanks","Ok, for the first lesson, I feel beautiful and useful to pronounce, improve my words for letters, thanks",en,0.8556653261184692,positive,positive,0.93,positive,0.96211207,0.00840966,0.029478218,0.96211207
30733,53449,,5,An application that helps improve pronunciation,an application that help improve pronunciation,An application that helps improve pronunciation,en,0.8470519185066223,positive,positive,0.6808,neutral,0.5451565,0.012256321,0.5451565,0.4425873
30734,53450,,5,Very cool and it is an excellent program for young and old,very cool and it be an excellent program for young and old,Very cool and it is an excellent program for young and old,en,0.9548715949058532,positive,positive,0.7425,positive,0.98587614,0.0025831787,0.011540693,0.98587614
30735,53451,,1,"Unfortunately, the Arabic language does not exist 😔 I hope to add the Arabic language","unfortunately, the arabic language do not exist 😔 i hope to add the arabic language","Unfortunately, the Arabic language does not exist 😔 I hope to add the Arabic language",en,0.7753843665122986,negative,negative,-0.5867,negative,0.9166644,0.9166644,0.076492704,0.006842918
30736,53452,,1,Most levels are closed and need to pay the money to open 😒,most level be close and need to pay the money to open 😒,Most levels are closed and need to pay the money to open 😒,en,0.95984548330307,negative,neutral,-0.1027,negative,0.6703463,0.6703463,0.30150333,0.028150335
30737,53453,,5,A wonderful and excellent program for beginners I advise everyone to download it,a wonderful and excellent program for beginner i advise everyone to download it,A wonderful and excellent program for beginners I advise everyone to download it,en,0.9192181825637816,positive,positive,0.8126,positive,0.98904467,0.0021329764,0.008822324,0.98904467
30738,53454,,5,"Finally, there is an application that helps you in the correct pronunciation very wonderful","finally, there be an application that help you in the correct pronunciation very wonderful","Finally, there is an application that helps you in the correct pronunciation very wonderful",en,0.930351495742798,positive,positive,0.7713,positive,0.9476592,0.005493487,0.046847355,0.9476592
30739,53455,,5,"Roh, a very rigid program, to improve the pronunciation of English","roh, a very rigid program, to improve the pronunciation of english","Roooooooh, a very rigid program, to improve the pronunciation of English",en,0.8710968494415283,positive,neutral,0.2748,neutral,0.51232284,0.44413236,0.51232284,0.04354478
30740,53456,,5,Excellent and helps in learning if you are patient and understood,excellent and help in learn if you be patient and understood,Excellent and helps in learning if you are patient and understood,en,0.895260214805603,positive,positive,0.7506,positive,0.94234043,0.0047918037,0.052867725,0.94234043
30741,53457,,5,A wonderful and very useful application in the improvement of speech,a wonderful and very useful application in the improvement of speech,A wonderful and very useful application in the improvement of speech,en,0.9464312195777892,positive,positive,0.8718,positive,0.96868783,0.0034054897,0.02790667,0.96868783
30742,53458,,5,A great application to improve the English language,a great application to improve the english language,A great application to improve the English language,en,0.8414480090141296,positive,positive,0.7906,positive,0.9742312,0.0030899278,0.022678822,0.9742312
30743,53459,,5,More than a wonderful application I enjoyed and good from English in a short time,more than a wonderful application i enjoy and good from english in a short time,More than a wonderful application I enjoyed and good from English in a short time,en,0.9517298340797424,positive,positive,0.8773,positive,0.98472726,0.0037878542,0.011484856,0.98472726
30744,53460,,5,Good and wonderful application to learn to speak and hear,good and wonderful application to learn to speak and hear,Good and wonderful application to learn to speak and hear,en,0.9825851917266846,positive,positive,0.765,positive,0.9535242,0.0062171146,0.040258646,0.9535242
30745,53461,,3,Beautiful and useful if it supports the translation except Arabic,beautiful and useful if it support the translation except arabic,Beautiful and useful if it supports the translation except Arabic,en,0.7908380627632141,neutral,positive,0.8591,positive,0.94033974,0.0070857196,0.052574538,0.94033974
30746,53462,,5,Wonderful and very useful to learn English,wonderful and very useful to learn english,Wonderful and very useful to learn English,en,0.9394756555557252,positive,positive,0.7841,positive,0.983356,0.003302385,0.013341634,0.983356
30747,53463,,4,"The application is beautiful and wealth, but it is all Angech, so it is the first thing that I will feel difficult and good luck, God willing.","the application be beautiful and wealth, but it be all angech, so it be the first thing that i will feel difficult and good luck, god willing.","The application is beautiful and wealth, but it is all Angech, so it is the first thing that I will feel difficult and good luck, God willing.",en,0.9133623838424684,neutral,positive,0.8957,positive,0.9327911,0.014521597,0.052687332,0.9327911
30748,53464,,5,"An excellent application, but I ask me to subscribe and I do not have money to subscribe","an excellent application, but i ask me to subscribe and i do not have money to subscribe","An excellent application, but I ask me to subscribe and I do not have money to subscribe",en,0.9337726831436156,positive,positive,0.3291,negative,0.66883683,0.66883683,0.24819201,0.082971156
30749,53465,,5,A very excellent and special application for pronunciation 😊,a very excellent and special application for pronunciation 😊,A very excellent and special application for pronunciation 😊,en,0.9318204522132874,positive,positive,0.788,positive,0.9779056,0.003477299,0.018617079,0.9779056
30750,53466,,3,Good to learn to read and spell it and the way of pronouncing,good to learn to read and spell it and the way of pronounce,Good to learn to read and spell it and the way of pronouncing,en,0.9669045209884644,neutral,positive,0.4404,positive,0.7044745,0.01620567,0.2793198,0.7044745
30751,53467,,5,A more than wonderful application helps you improve your language beautifully,a more than wonderful application help you improve your language beautifully,A more than wonderful application helps you improve your language beautifully,en,0.8777121305465698,positive,positive,0.9228,positive,0.97919834,0.0042260657,0.016575605,0.97919834
30752,53468,,5,"The best application, but for me the interface is a little complicated means difficult","the best application, but for me the interface be a little complicated mean difficult","The best application, but for me the interface is a little complicated means difficult",en,0.8941641449928284,positive,neutral,-0.0656,neutral,0.40067118,0.39594862,0.40067118,0.20338017
30753,53471,,5,A wonderful and beautiful program that shows a lot of the word and vocal letters of the word,a wonderful and beautiful program that show a lot of the word and vocal letter of the word,A wonderful and beautiful program that shows a lot of the word and vocal letters of the word,en,0.910454034805298,positive,positive,0.8225,positive,0.976502,0.0033839624,0.02011401,0.976502
30754,53473,,2,"Good application, but there is no Arabic language until you understand the explanation","good application, but there be no arabic language until you understand the explanation","Good application, but there is no Arabic language until you understand the explanation",en,0.9135008454322816,negative,negative,-0.2144,neutral,0.4419387,0.20858327,0.4419387,0.349478
30755,53474,,5,Beautiful program suitable for all ages and all categories,beautiful program suitable for all age and all category,Beautiful program suitable for all ages and all categories,en,0.8623508214950562,positive,positive,0.5994,positive,0.97838986,0.0040335963,0.017576586,0.97838986
30756,53475,,4,Wonderful but most features are paid.,wonderful but most feature be paid.,Wonderful but most features are paid.,en,0.8853281736373901,neutral,positive,0.3291,neutral,0.3421511,0.06408506,0.3421511,0.5937638
30757,53476,,5,An unparalleled application in the full sense of the word I advise you to try it,an unparalleled application in the full sense of the word i advise you to try it,An unparalleled application in the full sense of the word I advise you to try it,en,0.9400998950004578,positive,neutral,0.0,positive,0.9733084,0.0046101618,0.022081517,0.9733084
30758,53477,,3,The strongest program for teaching English,the strong program for teach english,The strongest program for teaching English,en,0.8765899538993835,neutral,positive,0.5106,neutral,0.46632475,0.014484765,0.46632475,0.51919055
30759,53480,,3,Sometimes one needs to know and translate some of the words he learns. The person cannot learn without knowing the meanings,sometimes one need to know and translate some of the word he learns. the person cannot learn without know the meaning,Sometimes one needs to know and translate some of the words he learns. The person cannot learn without knowing the meanings,en,0.9616167545318604,neutral,neutral,0.0,neutral,0.8358898,0.073380895,0.8358898,0.09072936
30760,53481,,5,"Very cool, I advise you to download it and start learning","very cool, i advise you to download it and start learning","Very cool, I advise you to download it and start learning",en,0.9824779629707336,positive,positive,0.3804,positive,0.9843329,0.0022507238,0.013416358,0.9843329
30761,53482,,5,"Add a camel composition, and to develop audio","add a camel composition, and to develop audio","Add a camel composition, and to develop audio",en,0.8674801588058472,positive,neutral,0.0,neutral,0.88092136,0.028838564,0.88092136,0.09024013
30762,53483,,5,"Excellent, I hope it will remain available without the need to subscribe","excellent, i hope it will remain available without the need to subscribe","Excellent, I hope it will remain available without the need to subscribe",en,0.8768947124481201,positive,positive,0.765,positive,0.9657151,0.004174611,0.030110225,0.9657151
30763,53484,,5,It is one of the most beautiful applications that follow a comment that does not hesitate to come because it is very sweet. She benefits a lot and learned new things with a people !!!!!!!!!!!!!!!!!!!!!!!!!!!!!!!!!!!!!!!!!!!!!!!!!!!!!!!!!!!!!!!!!!!!!!! !!!!!!!!!!!!!!!!!!!!!!!!!!!!!!!!!!!!!!!!!!!!!!!!!!!!!!!!!!!!!!!!!!!!!!!!!,it be one of the most beautiful application that follow a comment that do not hesitate to come because it be very sweet. she benefit a lot and learn new thing with a people! !,It is one of the most beautiful applications that follow a comment that does not hesitate to come because it is very sweet. She benefits a lot and learned new things with a people !!!!!!!!!!!!!!!!!!!!!!!!!!!!!!!!!!!!!!!!!!!!!!!!!!!!!!!!!!!!!!!!!!!!!!! !!!!!!!!!!!!!!!!!!!!!!!!!!!!!!!!!!!!!!!!!!!!!!!!!!!!!!!!!!!!!!!!!!!!!!!!!,en,0.9535704255104064,positive,positive,0.9209,positive,0.9828509,0.005412009,0.011737119,0.9828509
30764,53485,,5,"Very nice application for pronunciation, thank you ELSA team","very nice application for pronunciation, thank you elsa team","Very nice application for pronunciation, thank you ELSA team",en,0.921948492527008,positive,positive,0.6801,positive,0.98099923,0.0044567506,0.014543998,0.98099923
30765,53486,,4,It does not contain its translation in the local language,it do not contain it be translation in the local language,It does not contain its translation in the local language,en,0.6743403673171997,neutral,neutral,0.0,neutral,0.6877352,0.28956622,0.6877352,0.022698587
30766,53487,,5,Wonderful app for Android,wonderful app for android,Wonderful app for Android,en,0.6706991195678711,positive,positive,0.5719,positive,0.97234344,0.004497706,0.02315882,0.97234344
30767,53488,,5,A very ideal application for learning the English language,a very ideal application for learn the english language,A very ideal application for learning the English language,en,0.9377105236053468,positive,positive,0.5709,positive,0.95797396,0.0033194108,0.0387067,0.95797396
30768,53489,,5,Very very excellent and comfortable and also lets you speak the word shout,very very excellent and comfortable and also let u you speak the word shout,Very very excellent and comfortable and also lets you speak the word shout,en,0.991881787776947,positive,positive,0.8332,positive,0.97609216,0.0033623285,0.020545531,0.97609216
30769,53490,,2,"After reading the stimulating comments .... I carried the application, but I was shocked by that I am not free and I am as a secondary student, I do not have an expense like creation 😑 what benefit me","after read the stimulate comments. i carry the application, but i be shock by that i be not free and i be as a secondary student, i do not have an expense like creation 😑 what benefit me","After reading the stimulating comments .... I carried the application, but I was shocked by that I am not free and I am as a secondary student, I do not have an expense like creation 😑 what benefit me",en,0.9519065618515016,negative,positive,0.5263,negative,0.80049324,0.80049324,0.18675147,0.012755348
30770,53491,,5,"This is the best interactive program to learn English, frankly, start 😎 😍","this be the best interactive program to learn english, frankly, start 😎 😍","This is the best interactive program to learn English, frankly, start 😎😍",en,0.7125052809715271,positive,positive,0.6369,positive,0.9865854,0.0025233035,0.010891278,0.9865854
30771,53492,,5,"Good, but I want the same applicable to learn the French language, please","good, but i want the same applicable to learn the french language, please","Good, but I want the same applicable to learn the French language, please",en,0.938382089138031,positive,positive,0.6542,positive,0.7334593,0.04630468,0.22023602,0.7334593
30772,53493,,1,The application has no advantage because it is not free of charge every year. I hope that it is free,the application have no advantage because it be not free of charge every year. i hope that it be free,The application has no advantage because it is not free of charge every year. I hope that it is free,en,0.946996569633484,negative,negative,-0.4027,negative,0.6644447,0.6644447,0.3000043,0.035551026
30773,53494,,4,"An excellent application, but it has a lot of paid services","an excellent application, but it have a lot of pay service","An excellent application, but it has a lot of paid services",en,0.9793634414672852,neutral,neutral,0.1901,positive,0.95922965,0.010066575,0.03070378,0.95922965
30774,53495,,3,I hope it becomes free and depends on ads.,i hope it become free and depend on ads.,I hope it becomes free and depends on ads.,en,0.9814016819000244,neutral,positive,0.7351,neutral,0.6242221,0.10521494,0.6242221,0.27056298
30775,53496,,4,Good and useful to adjust the pronunciation pronouncement,good and useful to adjust the pronunciation pronouncement,Good and useful to adjust the pronunciation pronouncement,en,0.8374503254890442,neutral,positive,0.7003,neutral,0.45906922,0.024842795,0.45906922,0.516088
30776,53497,,1,"A paid application, in a free experience, but you must enter your card data and frankly, this is the worst way for free experience in applications","a pay application, in a free experience, but you must enter your card data and frankly, this be the bad way for free experience in application","A paid application, in a free experience, but you must enter your card data and frankly, this is the worst way for free experience in applications",en,0.9201235175132751,negative,neutral,0.1655,negative,0.7688749,0.7688749,0.21728355,0.013841608
30777,53498,,5,The best application to develop the level of English language use,the best application to develop the level of english language use,The best application to develop the level of English language use,en,0.8265500664710999,positive,positive,0.6369,positive,0.8080525,0.0072621736,0.18468532,0.8080525
30778,53499,,5,Wonderful program to learn English,wonderful program to learn english,Wonderful program to learn English,en,0.8649765849113464,positive,positive,0.5719,positive,0.96049774,0.004344676,0.035157517,0.96049774
30779,53500,,5,"A very masterpiece application and helps to improve the American dialect, and not, but this is a beautiful feeling 😍","a very masterpiece application and help to improve the american dialect, and not, but this be a beautiful feeling 😍","A very masterpiece application and helps to improve the American dialect, and not, but this is a beautiful feeling 😍",en,0.933784544467926,positive,positive,0.9117,positive,0.97479916,0.0059978585,0.01920293,0.97479916
30780,53501,,5,A good application to learn the English language I recommend it,a good application to learn the english language i recommend it,A good application to learn the English language I recommend it,en,0.870278000831604,positive,positive,0.6597,positive,0.95578045,0.003426908,0.040792566,0.95578045
30781,53502,,4,"Wonderful, I started using it now, really helps me to retrieve my English, thank you","wonderful, i start use it now, really help me to retrieve my english, thank you","Wonderful, I started using it now, really helps me to retrieve my English, thank you",en,0.8396859765052795,neutral,positive,0.8479,positive,0.98033,0.0039414475,0.015728606,0.98033
30782,53503,,4,Very cool according to my simple experience and its price is appropriate,very cool accord to my simple experience and it be price be appropriate,Very cool according to my simple experience and its price is appropriate,en,0.8917577266693115,neutral,positive,0.3804,positive,0.85661316,0.009576992,0.13380985,0.85661316
30783,53504,,5,"A very beautiful program and also useful to the maximum, and I recommend downloading it","a very beautiful program and also useful to the maximum, and i recommend download it","A very beautiful program and also useful to the maximum, and I recommend downloading it",en,0.955590844154358,positive,positive,0.8622,positive,0.9891561,0.0030254652,0.007818323,0.9891561
30784,53505,,5,Excellent and very wonderful to learn the language,excellent and very wonderful to learn the language,Excellent and very wonderful to learn the language,en,0.9559857249259948,positive,positive,0.8268,positive,0.98589325,0.0034864927,0.010620286,0.98589325
30785,53506,,5,"I just use the app, but I think it will be very useful in developing the skill of speaking","i just use the app, but i think it will be very useful in develop the skill of speaking","I just use the app, but I think it will be very useful in developing the skill of speaking",en,0.9660853147506714,positive,positive,0.6474,positive,0.9124059,0.004062236,0.08353184,0.9124059
30786,53507,,4,"The app is amazing, but I feel that it does not receive the sound well","the app be amazing, but i feel that it do not receive the sound well","The app is amazing, but I feel that it does not receive the sound well",en,0.9571660161018372,neutral,positive,0.6187,negative,0.82443184,0.82443184,0.1467548,0.028813364
30787,53508,,4,Lessons are difficult for children,lesson be difficult for child,Lessons are difficult for children,en,0.9246788620948792,neutral,negative,-0.3612,negative,0.55888677,0.55888677,0.41431096,0.02680232
30788,53509,,5,"Very useful, wonderful and very seriously helping you learn","very useful, wonderful and very seriously help you learn","Very useful, wonderful and very seriously helping you learn",en,0.9870877265930176,positive,positive,0.8464,positive,0.97687846,0.004339215,0.018782293,0.97687846
30789,53510,,5,"The most important application of Joulali for education, but the disadvantage is that it is available limited only for free","the most important application of joulali for education, but the disadvantage be that it be available limited only for free","The most important application of Joulali for education, but the disadvantage is that it is available limited only for free",en,0.911946177482605,positive,neutral,-0.0138,neutral,0.6522777,0.24505453,0.6522777,0.10266779
30790,53511,,5,"Very useful, helps to reduce the control of the tone on the tongue","very useful, help to reduce the control of the tone on the tongue","Very useful, helps to reduce the control of the tone on the tongue",en,0.9504514932632446,positive,positive,0.7328,positive,0.7028287,0.018013807,0.27915752,0.7028287
30791,53512,,5,The best translation program ever,the best translation program ever,The best translation program ever,en,0.8316189646720886,positive,positive,0.6369,positive,0.9662014,0.006563765,0.027234804,0.9662014
30792,53513,,3,"When I choose a lesson, I say to me, please wait a long time","when i choose a lesson, i say to me, please wait a long time","When I choose a lesson, I say to me, please wait a long time",en,0.7858999371528625,neutral,positive,0.3182,neutral,0.6692914,0.23389693,0.6692914,0.09681174
30793,53514,,5,Useful to develop reading and listening,useful to develop reading and listening,Useful to develop reading and listening,en,0.8822214007377625,positive,positive,0.4404,neutral,0.79140246,0.03656399,0.79140246,0.17203356
30794,53515,,1,The program is updated.,the program be updated.,The program is updated.,en,0.7425946593284607,negative,neutral,0.0,neutral,0.8617205,0.014190137,0.8617205,0.124089316
30795,53516,,5,A program in the utmost magnificence .. I advise all people very excellent and above the excellent .. Thanks to the developers ❤️,a program in the utmost magnificence. i advise all people very excellent and above the excellent. thanks to the developer ❤,A program in the utmost magnificence .. I advise all people very excellent and above the excellent .. Thanks to the developers ❤️,en,0.9365404844284058,positive,positive,0.9359,positive,0.98671013,0.0037176926,0.00957219,0.98671013
30796,53517,,5,Useful to improve the English dialect ...,useful to improve the english dialect.,Useful to improve the English dialect ...,en,0.7289326190948486,positive,positive,0.7003,neutral,0.67558885,0.027574403,0.67558885,0.29683673
30797,53518,,5,Very excellent to improve speech,very excellent to improve speech,Very excellent to improve speech,en,0.9754775166511536,positive,positive,0.7996,positive,0.9585704,0.007366806,0.034062777,0.9585704
30798,53519,,4,The application must be translated into Arabic,the application must be translate into arabic,The application must be translated into Arabic,en,0.8200551271438599,neutral,neutral,0.0,neutral,0.8675081,0.057003498,0.8675081,0.07548843
30799,53520,,5,More than wonderful,more than wonderful,More than wonderful,en,0.8633859157562256,positive,positive,0.6096,positive,0.9570656,0.009073918,0.033860493,0.9570656
30800,53521,,5,The best application to improve your English language,the best application to improve your english language,The best application to improve your English language,en,0.8330193758010864,positive,positive,0.7964,positive,0.91403395,0.004698954,0.081267096,0.91403395
30801,53522,,1,I deleted it because it is not free,i delete it because it be not free,I deleted it because it is not free,en,0.9501359462738036,negative,negative,-0.4023,negative,0.6623732,0.6623732,0.3195933,0.01803353
30802,53523,,4,"I participated and deduct the amount, but I did not do the subscription","i participate and deduct the amount, but i do not do the subscription","I participated and deduct the amount, but I did not do the subscription",en,0.8323004841804504,neutral,neutral,0.0,neutral,0.8432654,0.11908997,0.8432654,0.037644617
30803,53524,,5,"Sweet and easy, but I hope it will complete for free","sweet and easy, but i hope it will complete for free","Sweet and easy, but I hope it will complete for free",en,0.8621580004692078,positive,positive,0.9052,positive,0.95020074,0.0045110323,0.04528826,0.95020074
30804,53525,,5,"Until now, the experience is very useful and excited, and you do not need arbitrariness. If I had a subscription money, I was participating","until now, the experience be very useful and excited, and you do not need arbitrariness. if i have a subscription money, i be participate","Until now, the experience is very useful and excited, and you do not need arbitrariness. If I had a subscription money, I was participating",en,0.896609902381897,positive,positive,0.7056,positive,0.92779446,0.007316187,0.0648894,0.92779446
30805,53526,,1,"A bad bad, do not be deceived by a heavy drive","a bad bad, do not be deceive by a heavy drive","A bad bad, do not be deceived by a heavy drive",en,0.9568893909454346,negative,negative,-0.6948,negative,0.72730017,0.72730017,0.24554062,0.027159266
30806,53527,,1,I face a problem every time I want to enter a lesson requesting a login and does not enter the lesson,i face a problem every time i want to enter a lesson request a login and do not enter the lesson,I face a problem every time I want to enter a lesson requesting a login and does not enter the lesson,en,0.7955154180526733,negative,negative,-0.34,negative,0.73149514,0.73149514,0.25599927,0.012505577
30807,53528,,4,I loved the application very much. It has a lot of free lessons,i love the application very much. it have a lot of free lesson,I loved the application very much. It has a lot of free lessons,en,0.9723455905914308,neutral,positive,0.8176,positive,0.9842689,0.0048054503,0.010925661,0.9842689
30808,53529,,4,"Something beautiful, but payment, why is it like to learn the language","something beautiful, but payment, why be it like to learn the language","Something beautiful, but payment, why is it like to learn the language",en,0.9464872479438782,neutral,positive,0.6908,neutral,0.4874266,0.36924148,0.4874266,0.14333196
30809,53530,,5,The best trainer will test you and then design the appropriate lessons,the best trainer will test you and then design the appropriate lesson,The best trainer will test you and then design the appropriate lessons,en,0.7652997374534607,positive,positive,0.6369,positive,0.66219497,0.013619435,0.32418564,0.66219497
30810,53531,,1,"Forbidden to withdraw from the creed, very large sums","forbidden to withdraw from the creed, very large sum","Forbidden to withdraw from the creed, very large sums",en,0.9901391863822936,negative,negative,-0.4215,negative,0.50319517,0.50319517,0.4716907,0.02511406
30811,53532,,5,An excellent work thanks to the developer and I hope to add a translation to benefit more,an excellent work thanks to the developer and i hope to add a translation to benefit more,An excellent work thanks to the developer and I hope to add a translation to benefit more,en,0.927918255329132,positive,positive,0.91,positive,0.9840645,0.0035383676,0.012397046,0.9840645
30812,53533,,5,Program in the end of magnificence and easy to deal with it,program in the end of magnificence and easy to deal with it,Program in the end of magnificence and easy to deal with it,en,0.9463056325912476,positive,positive,0.743,neutral,0.40773463,0.03875437,0.40773463,0.55351096
30813,53534,,4,"Unfortunately, French does not know, but he knows the pronunciation of English in the best way 😊","unfortunately, french do not know, but he know the pronunciation of english in the best way 😊","Unfortunately, French does not know, but he knows the pronunciation of English in the best way 😊",en,0.9177948832511902,neutral,positive,0.7269,positive,0.76056767,0.036948252,0.20248404,0.76056767
30814,53535,,5,Beautiful program easy to use,beautiful program easy to use,Beautiful program easy to use,en,0.7905278205871582,positive,positive,0.7783,positive,0.97434527,0.00865817,0.016996618,0.97434527
30815,53536,,2,I want free applications for conversation with an?,i want free application for conversation with an?,I want free applications for conversation with an?,en,0.8875609040260315,negative,positive,0.5574,neutral,0.88303626,0.021764651,0.88303626,0.095199056
30816,53537,,5,"By God the Great, the best application I used to learn the English language","by god the great, the best application i use to learn the english language","By God the Great, the best application I used to learn the English language",en,0.8861186504364014,positive,positive,0.886,positive,0.9759495,0.0042913775,0.019759078,0.9759495
30817,53538,,5,"A wonderful application in principle, but not all free","a wonderful application in principle, but not all free","A wonderful application in principle, but not all free",en,0.8365893959999084,positive,negative,-0.2966,positive,0.8611875,0.03073647,0.10807605,0.8611875
30818,53539,,5,Very excellent summit of beauty and elegance deserves more than five stars,very excellent summit of beauty and elegance deserves more than five star,Very excellent summit of beauty and elegance deserves more than five stars,en,0.9471985101699828,positive,positive,0.8977,positive,0.96880734,0.0060606003,0.025132058,0.96880734
30819,53540,,5,Interacting with the program is very fun and smooth,interact with the program be very fun and smooth,Interacting with the program is very fun and smooth,en,0.9502615332603456,positive,positive,0.5563,positive,0.90498465,0.0049022366,0.090113096,0.90498465
30820,53541,,5,It helps to develop the language (with the people) I advise you ✌🏻 🙂,it help to develop the language with the people i advise you ✌ 🙂,It helps to develop the language (with the people) I advise you ✌🏻🙂,en,0.9606361389160156,positive,positive,0.4019,positive,0.77516884,0.0064050453,0.21842611,0.77516884
30821,53542,,1,"The application is not free, unfortunate","the application be not free, unfortunate","The application is not free, unfortunate",en,0.7875549793243408,negative,neutral,-0.0572,negative,0.7593123,0.7593123,0.22725853,0.013429238
30822,53543,,5,"The application is crazy, and when you make a mistake, the letters tell you that you are mistaken and tell you the proportions that you speak like the people of the language once sweet. I hope that people carry it","the application be crazy, and when you make a mistake, the letter tell you that you be mistaken and tell you the proportion that you speak like the people of the language once sweet. i hope that people carry it","The application is crazy, and when you make a mistake, the letters tell you that you are mistaken and tell you the proportions that you speak like the people of the language once sweet. I hope that people carry it",en,0.9471067786216736,positive,neutral,0.2732,negative,0.61650074,0.61650074,0.2991037,0.084395535
30823,53544,,5,"Nice program, but I am a starter, and I did not understand the program because it was the majority of it in English","nice program, but i be a starter, and i do not understand the program because it be the majority of it in english","Nice program, but I am a starter, and I did not understand the program because it was the majority of it in English",en,0.9000862836837769,positive,neutral,0.2263,negative,0.90626556,0.90626556,0.08189011,0.011844287
30824,53545,,3,"I wrote my mother tongue, which is Arabic. However, all the words in the English application until follows, learn to speak what I know its meaning","i write my mother tongue, which be arabic. however, all the word in the english application until follows, learn to speak what i know it be mean","I wrote my mother tongue, which is Arabic. However, all the words in the English application until follows, learn to speak what I know its meaning",en,0.9638373851776124,neutral,neutral,0.0,neutral,0.7972457,0.12005356,0.7972457,0.08270072
30825,53546,,5,"True, I advise anyone who wants to learn a language to download","true, i advise anyone who want to learn a language to download","True, I advise anyone who wants to learn a language to download",en,0.9596109986305236,positive,positive,0.4767,neutral,0.43039286,0.015760427,0.43039286,0.5538467
30826,53547,,1,The Arabic language is 100% non -supported,the arabic language be 100% non -supported,The Arabic language is 100% non -supported,en,0.5339149832725525,negative,positive,0.3182,negative,0.5598207,0.5598207,0.40897453,0.031204743
30827,53548,,5,The Baga program is a wonderful program. I advise every person who descends and downloads a program that translates,the baga program be a wonderful program. i advise every person who descend and download a program that translate,The Baga program is a wonderful program. I advise every person who descends and downloads a program that translates,en,0.7926340103149414,positive,positive,0.5719,positive,0.96792686,0.005119163,0.026953928,0.96792686
30829,53550,,5,An excellent application in learning a proper word,an excellent application in learn a proper word,An excellent application in learning a proper word,en,0.8765949606895447,positive,positive,0.5719,positive,0.91045654,0.008417897,0.08112559,0.91045654
30830,53551,,5,"Many are sweet, but if it is better translated","many be sweet, but if it be well translate","Many are sweet, but if it is better translated",en,0.8312397003173828,positive,positive,0.5647,positive,0.7178065,0.038695566,0.24349788,0.7178065
30831,53552,,5,"I have not tried it yet, but it is reported that it is beautiful. I hope it will be free","i have not try it yet, but it be report that it be beautiful. i hope it will be free","I have not tried it yet, but it is reported that it is beautiful. I hope it will be free",en,0.9489794969558716,positive,positive,0.9398,positive,0.9489556,0.007805418,0.043238994,0.9489556
30832,53553,,5,Excellent and good to learn and pronounce,excellent and good to learn and pronounce,Excellent and good to learn and pronounce,en,0.9727660417556764,positive,positive,0.765,positive,0.98041373,0.0034384823,0.016147772,0.98041373
30833,53555,,5,It develops the language for young people and I recommend his experience,it develop the language for young people and i recommend his experience,It develops the language for young people and I recommend his experience,en,0.9810593128204346,positive,positive,0.3612,positive,0.867793,0.0040037907,0.1282032,0.867793
30834,53556,,1,He boasts him and very failed what he deserves,he boast him and very fail what he deserve,He boasts him and very failed what he deserves,en,0.9980014562606812,negative,negative,-0.5849,negative,0.5485938,0.5485938,0.41168174,0.039724424
30835,53557,,1,"If I want to change the language, do what please reply quickly","if i want to change the language, do what please reply quickly","If I want to change the language, do what please reply quickly",en,0.9128745794296264,negative,positive,0.3818,neutral,0.85998255,0.070543215,0.85998255,0.06947422
30836,53558,,4,I will give him four stars until I complete the experience ... but I think it is a program,i will give him four star until i complete the experience. but i think it be a program,I will give him four stars until I complete the experience ... but I think it is a program,en,0.9741058349609376,neutral,neutral,0.0,neutral,0.56057477,0.014500843,0.56057477,0.4249244
30837,53559,,1,"VISA has been deducted for the free period of 5 Jordanian dinars. Why is it free how can it be restored, please reply quickly","visa have be deduct for the free period of 5 jordanian dinars. why be it free how can it be restored, please reply quickly","VISA has been deducted for the free period of 5 Jordanian dinars. Why is it free how can it be restored, please reply quickly",en,0.9056758880615234,negative,positive,0.8834,negative,0.72670406,0.72670406,0.26191762,0.011378323
30838,53560,,2,"Nice program, but it is paid, not free","nice program, but it be paid, not free","Nice program, but it is paid, not free",en,0.8736578822135925,negative,negative,-0.3925,neutral,0.29228446,0.070438825,0.29228446,0.63727665
30839,53561,,4,"The app is very excellent, but unfortunately not free","the app be very excellent, but unfortunately not free","The app is very excellent, but unfortunately not free",en,0.9523816108703612,neutral,negative,-0.6759,neutral,0.299759,0.34653223,0.299759,0.35370883
30840,53562,,2,"Unfortunately, it does not support the Arabic language","unfortunately, it do not support the arabic language","Unfortunately, it does not support the Arabic language",en,0.8720654249191284,negative,negative,-0.5659,negative,0.8809629,0.8809629,0.111763254,0.0072738756
30841,53563,,5,The best application in the world to teach speech,the best application in the world to teach speech,The best application in the world to teach speech,en,0.9134963750839232,positive,positive,0.6369,positive,0.91689897,0.0063348887,0.0767661,0.91689897
30842,53564,,1,A failed application I do not recommend asking to open the internet and heavy,a failed application i do not recommend ask to open the internet and heavy,A failed application I do not recommend asking to open the internet and heavy,en,0.892615795135498,negative,negative,-0.6608,negative,0.93098336,0.93098336,0.06202905,0.0069875713
30843,53565,,5,A very excellent program 👌 achieved great benefit.,a very excellent program 👌 achieve great benefit.,A very excellent program 👌 achieved great benefit.,en,0.9117915034294128,positive,positive,0.902,positive,0.9793584,0.0051724347,0.01546921,0.9793584
30844,53566,,4,"Sweet, but please open the parts that are not free","sweet, but please open the part that be not free","Sweet, but please open the parts that are not free",en,0.9331027865409852,neutral,neutral,0.102,neutral,0.5370394,0.105234586,0.5370394,0.357726
30845,53567,,5,The best application to learn languages ​​like what you love,the best application to learn language like what you love,The best application to learn languages ​​like what you love,en,0.8826133012771606,positive,positive,0.8979,positive,0.95189846,0.004434133,0.0436674,0.95189846
30846,53568,,5,A great program. My language has evolved. I thank the designers for this great program,a great program. my language have evolved. i thank the designer for this great program,A great program. My language has evolved. I thank the designers for this great program,en,0.8910043835639954,positive,positive,0.8934,positive,0.9880877,0.0032833372,0.008628962,0.9880877
30847,53569,,5,"Thank you very much for your generous presence for everything beautiful, wonderful and distinguished","thank you very much for your generous presence for everything beautiful, wonderful and distinguish","Thank you very much for your generous presence for everything beautiful, wonderful and distinguished",en,0.9260851144790648,positive,positive,0.9246,positive,0.97071505,0.011148693,0.018136209,0.97071505
30848,53570,,5,Very beautiful will be happy to pronounce words very well 😍 😍 😍,very beautiful will be happy to pronounce word very well 😍 😍 😍,Very beautiful will be happy to pronounce words very well 😍😍😍,en,0.9831693172454834,positive,positive,0.883,positive,0.9867367,0.0037473377,0.009515951,0.9867367
30849,53571,,5,Excellent and I hope it is free and easy for everyone,excellent and i hope it be free and easy for everyone,Excellent and I hope it is free and easy for everyone,en,0.9130834341049194,positive,positive,0.9153,positive,0.9758276,0.0035188566,0.020653605,0.9758276
30850,53572,,5,"Very very cool, I advise him to download the program","very very cool, i advise him to download the program","Very very cool, I advise him to download the program",en,0.997326672077179,positive,positive,0.4351,positive,0.98623914,0.0023002783,0.011460628,0.98623914
30851,53573,,5,"This application came down and you will not regret, believe me.","this application come down and you will not regret, believe me.","This application came down and you will not regret, believe me.",en,0.951191782951355,positive,positive,0.3252,positive,0.8954158,0.010114778,0.09446938,0.8954158
30852,53574,,2,The application is severe and easy to open,the application be severe and easy to open,The application is severe and easy to open,en,0.8980482220649719,negative,neutral,0.0772,neutral,0.3912983,0.020109612,0.3912983,0.58859205
30853,53575,,5,I ask you to add an application related to the French language. Do not learn and thank you very much for this beautiful application ♥ ️ 👑,i ask you to add an application relate to the french language. do not learn and thank you very much for this beautiful application ♥ 👑,I ask you to add an application related to the French language. Do not learn and thank you very much for this beautiful application ♥ ️👑,en,0.9439132213592528,positive,positive,0.5446,positive,0.95661014,0.0065553947,0.036834426,0.95661014
30854,53576,,5,"Wonderful, but unfortunately most of the courses are not free and this is unfortunate 😟","wonderful, but unfortunately most of the course be not free and this be unfortunate 😟","Wonderful, but unfortunately most of the courses are not free and this is unfortunate 😟",en,0.9045228958129884,positive,negative,-0.852,negative,0.87516886,0.87516886,0.11410441,0.010726741
30855,53577,,5,"Good, but we hope that other languages ​​will be added 🌟","good, but we hope that other language will be add 🌟","Good, but we hope that other languages ​​will be added 🌟",en,0.8880731463432312,positive,positive,0.7003,positive,0.95266503,0.0052633286,0.04207163,0.95266503
30856,53578,,4,Apply more than wonderful 💕 I hope you are preparing the language of the program to Arabic,apply more than wonderful 💕 i hope you be prepare the language of the program to arabic,Apply more than wonderful 💕 I hope you are preparing the language of the program to Arabic,en,0.8647350668907166,neutral,positive,0.7988,positive,0.97862214,0.0036494643,0.017728366,0.97862214
30857,53579,,5,I recommend it .. very interesting and very interactive I liked and I will recommend friends,i recommend it. very interesting and very interactive i like and i will recommend friend,I recommend it .. very interesting and very interactive I liked and I will recommend friends,en,0.9746055006980896,positive,positive,0.9181,positive,0.98692244,0.0023498784,0.010727679,0.98692244
30858,53580,,5,"Onceever, fun, the application, and my Lord feels all the following learned from the English language comes here, talking to robots. My brother, I felt that I was sitting with a real person. My Lord deserves five stars","onceever, fun, the application, and my lord feel all the follow learn from the english language come here, talk to robots. my brother, i felt that i be sit with a real person. my lord deserve five star","Onceever, fun, the application, and my Lord feels all the following learned from the English language comes here, talking to robots. My brother, I felt that I was sitting with a real person. My Lord deserves five stars",en,0.9332481026649476,positive,positive,0.5106,positive,0.90257776,0.01010783,0.08731448,0.90257776
30859,53581,,1,Under waiting,under wait,Under waiting,en,0.9632731676101683,negative,neutral,0.0,neutral,0.7384728,0.1223475,0.7384728,0.13917968
30860,53582,,4,Very cool ... but it works on the Internet.,very cool. but it work on the internet.,Very cool ... but it works on the Internet.,en,0.9708762764930724,neutral,neutral,0.2014,positive,0.9346468,0.006232975,0.059120297,0.9346468
30861,53583,,4,"The application is a terrible, sweet, but paid, I hope it will be free of charge","the application be a terrible, sweet, but paid, i hope it will be free of charge","The application is a terrible, sweet, but paid, I hope it will be free of charge",en,0.8935248851776123,neutral,positive,0.85,negative,0.8342785,0.8342785,0.1346505,0.031070936
30862,53584,,4,Excellent to pronounce and hearing,excellent to pronounce and hearing,Excellent to pronounce and hearing,en,0.9557055830955504,neutral,positive,0.5719,positive,0.9755881,0.0055941357,0.018817749,0.9755881
30863,53585,,5,"Excellent, I got new, and I did not know a lot of words, but I wish the translation is in front of the words instead of the pictures","excellent, i get new, and i do not know a lot of words, but i wish the translation be in front of the word instead of the picture","Excellent, I got new, and I did not know a lot of words, but I wish the translation is in front of the words instead of the pictures",en,0.908113181591034,positive,positive,0.7096,positive,0.73284674,0.070542775,0.19661051,0.73284674
30864,53586,,5,A more wonderful application and very good pronunciation 🔥,a more wonderful application and very good pronunciation 🔥,A more wonderful application and very good pronunciation 🔥,en,0.9071249961853028,positive,positive,0.8012,positive,0.9874862,0.003732312,0.008781493,0.9874862
30865,53587,,2,It is not suitable for any beginner person; There are no instructions and do not support the Arabic language!?,it be not suitable for any beginner person there be no instruction and do not support the arabic language! ?,It is not suitable for any beginner person; There are no instructions and do not support the Arabic language!?,en,0.7874913215637207,negative,negative,-0.5789,negative,0.89981955,0.89981955,0.09335837,0.0068220627
30866,53588,,1,"A very failed application, yes, it is the worst application in the whole world, but in all galaxies, why do you announce it every minute.","a very failed application, yes, it be the bad application in the whole world, but in all galaxies, why do you announce it every minute.","A very failed application, yes, it is the worst application in the whole world, but in all galaxies, why do you announce it every minute.",en,0.9245975017547609,negative,negative,-0.3746,negative,0.9395076,0.9395076,0.05438499,0.006107347
30867,53589,,5,"A very fun application, you must try it, you will not regret it","a very fun application, you must try it, you will not regret it","A very fun application, you must try it, you will not regret it",en,0.9554097056388856,positive,positive,0.7118,positive,0.98640335,0.0038146852,0.00978198,0.98640335
30868,53590,,4,"Excellent, but the subscription price is so much","excellent, but the subscription price be so much","Excellent, but the subscription price is so much",en,0.9018623232841492,neutral,positive,0.3291,neutral,0.30541727,0.34477597,0.30541727,0.34980676
30869,53591,,5,Wonderful application to speak the language well,wonderful application to speak the language well,Wonderful application to speak the language well,en,0.9558209180831908,positive,positive,0.7003,positive,0.9616875,0.004387273,0.03392525,0.9616875
30870,53592,,4,"Very good, but because with money, I will not give him a complete validity. Thank you","very good, but because with money, i will not give him a complete validity. thank you","Very good, but because with money, I will not give him a complete validity. Thank you",en,0.980004608631134,neutral,positive,0.6538,neutral,0.31659028,0.11073716,0.31659028,0.57267255
30871,53593,,4,Very excellent and easy to use,very excellent and easy to use,Very excellent and easy to use,en,0.975488543510437,neutral,positive,0.7996,positive,0.97541887,0.0060192687,0.01856191,0.97541887
30872,53594,,5,The most accurate program that really improves pronunciation,the most accurate program that really improve pronunciation,The most accurate program that really improves pronunciation,en,0.94898122549057,positive,positive,0.4927,positive,0.85327405,0.011470815,0.13525516,0.85327405
30873,53595,,5,I advise everyone to download it very useful,i advise everyone to download it very useful,I advise everyone to download it very useful,en,0.9661109447479248,positive,positive,0.4927,positive,0.9372405,0.003925498,0.05883396,0.9372405
30874,53596,,5,Very useful and I recommend downloading the program,very useful and i recommend download the program,Very useful and I recommend downloading the program,en,0.9196630716323853,positive,positive,0.7146,positive,0.982495,0.0029016,0.014603386,0.982495
30875,53597,,5,God is the most beautiful application,god be the most beautiful application,God is the most beautiful application,en,0.7573550939559937,positive,positive,0.7425,positive,0.93030536,0.024854455,0.044840243,0.93030536
30876,53598,,5,A useful application in pronunciation and suitable for all ages,a useful application in pronunciation and suitable for all age,A useful application in pronunciation and suitable for all ages,en,0.8801578283309937,positive,positive,0.4404,positive,0.8577628,0.0065786587,0.13565852,0.8577628
30877,53599,,5,"Great crazy and more than wonderful, but you must be the lowest known as the basics","great crazy and more than wonderful, but you must be the low know as the basic","Great crazy and more than wonderful, but you must be the lowest known as the basics",en,0.9813441634178162,positive,neutral,0.1752,neutral,0.27195305,0.10898612,0.27195305,0.6190609
30878,53601,,5,Deficient and educational application for the farthest limits,deficient and educational application for the farthest limit,Deficient and educational application for the farthest limits,en,0.829573929309845,positive,neutral,0.0,neutral,0.67552084,0.12463233,0.67552084,0.1998469
30879,53602,,5,"Very excellent, I recommend learning in tests","very excellent, i recommend learn in test","Very excellent, I recommend learning in tests",en,0.942229986190796,positive,positive,0.7764,positive,0.9793617,0.0050823367,0.015555934,0.9793617
30880,53603,,1,"I do not advise me any beginner, because it is not an Arabic language, and every thing is in me","i do not advise me any beginner, because it be not an arabic language, and every thing be in me","I do not advise me any beginner, because it is not an Arabic language, and every thing is in me",en,0.8507710695266724,negative,neutral,0.0,negative,0.55984604,0.55984604,0.40363237,0.036521547
30881,53604,,5,The application is more than wonderful and fast learning,the application be more than wonderful and fast learning,The application is more than wonderful and fast learning,en,0.915300190448761,positive,positive,0.6096,positive,0.9804197,0.00393265,0.01564768,0.9804197
30882,53605,,5,A wonderful beautiful application that makes you talk without mistakes 😍 😍 by its divorce,a wonderful beautiful application that make you talk without mistake 😍 😍 by it be divorce,A wonderful beautiful application that makes you talk without mistakes 😍😍 by its divorce,en,0.9568716883659364,positive,positive,0.8637,positive,0.975031,0.0046587754,0.020310203,0.975031
30883,53606,,5,More than great application to improve your English language,more than great application to improve your english language,More than great application to improve your English language,en,0.9171280264854432,positive,positive,0.8062,positive,0.972659,0.003445481,0.023895511,0.972659
30884,53607,,1,"By God, the worst application is surprising from his fame ... Everything is paid.","by god, the bad application be surprise from his fame. everything be paid.","By God, the worst application is surprising from his fame ... Everything is paid.",en,0.9746327996253968,negative,positive,0.3818,neutral,0.562746,0.27090964,0.562746,0.16634433
30885,53608,,1,A very bad application and it is not recommended to use it,a very bad application and it be not recommend to use it,A very bad application and it is not recommended to use it,en,0.9452190399169922,negative,negative,-0.7098,negative,0.9383748,0.9383748,0.05358656,0.008038677
30886,53609,,5,"The app is very cool, but I wish it is all free","the app be very cool, but i wish it be all free","The app is very cool, but I wish it is all free",en,0.9234670996665956,positive,positive,0.8805,positive,0.9227163,0.012425081,0.064858556,0.9227163
30887,53610,,3,"Excellent, but it needs to be modified","excellent, but it need to be modify","Excellent, but it needs to be modified",en,0.8998188972473145,neutral,positive,0.3291,positive,0.863691,0.02665001,0.10965899,0.863691
30888,53611,,5,"Amazing, but subscription prices are somewhat high","amazing, but subscription price be somewhat high","Amazing, but subscription prices are somewhat high",en,0.8821220397949219,positive,positive,0.34,positive,0.6933739,0.044301007,0.26232508,0.6933739
30889,53612,,5,"By God, it is beautiful, but it is not like in the announcement, appreciation with a number, not in words","by god, it be beautiful, but it be not like in the announcement, appreciation with a number, not in word","By God, it is beautiful, but it is not like in the announcement, appreciation with a number, not in words",en,0.9498403072357178,positive,positive,0.7379,positive,0.7436135,0.05060707,0.20577943,0.7436135
30890,53613,,1,"It is supposed to be free at first glance, and then my optional subscription is not in this compulsory way","it be suppose to be free at first glance, and then my optional subscription be not in this compulsory way","It is supposed to be free at first glance, and then my optional subscription is not in this compulsory way",en,0.7799637317657471,negative,positive,0.5106,neutral,0.7557426,0.20329478,0.7557426,0.04096251
30891,53614,,5,Apply more than wonderful and everyone will benefit from it,apply more than wonderful and everyone will benefit from it,Apply more than wonderful and everyone will benefit from it,en,0.9512982368469238,positive,positive,0.7893,positive,0.973034,0.0058852024,0.02108083,0.973034
30892,53615,,5,"The program is more than wonderful, try and you will not regret it is more than five stars","the program be more than wonderful, try and you will not regret it be more than five star","The program is more than wonderful, try and you will not regret it is more than five stars",en,0.930767834186554,positive,positive,0.7438,positive,0.9826417,0.0043075355,0.013050741,0.9826417
30893,53616,,5,"Indeed, this is the best application for learning the English language","indeed, this be the best application for learn the english language","Indeed, this is the best application for learning the English language",en,0.8107380867004395,positive,positive,0.6369,positive,0.96096593,0.003375692,0.03565832,0.96096593
30894,53617,,1,"Bad, although I am an Arab, but there is no Arab in it and ask me in English if I know Angech, why to carry your program","bad, although i be an arab, but there be no arab in it and ask me in english if i know angech, why to carry your program","Bad, although I am an Arab, but there is no Arab in it and ask me in English if I know Angech, why to carry your program",en,0.9064183831214904,negative,negative,-0.6187,negative,0.8904389,0.8904389,0.10313818,0.0064228824
30895,53618,,5,"The program was successful, but can anyone make it in the Arabic language so that we know we learn, I am not a starter, please advise","the program be successful, but can anyone make it in the arabic language so that we know we learn, i be not a starter, please advise","The program was successful, but can anyone make it in the Arabic language so that we know we learn, I am not a starter, please advise",en,0.9400675296783448,positive,neutral,-0.0111,neutral,0.6178204,0.11692805,0.6178204,0.26525158
30896,53619,,4,Very beautiful and can be used,very beautiful and can be use,Very beautiful and can be used,en,0.9657316207885742,neutral,positive,0.6361,positive,0.97079945,0.0089435205,0.020257104,0.97079945
30897,53620,,5,An excellent app helps you talk,an excellent app help you talk,An excellent app helps you talk,en,0.9759469628334044,positive,positive,0.7506,positive,0.93897885,0.0035349284,0.05748625,0.93897885
30898,53622,,5,And my Lord is a beautiful and useful application in every sense of the word,and my lord be a beautiful and useful application in every sense of the word,And my Lord is a beautiful and useful application in every sense of the word,en,0.8888935446739197,positive,positive,0.7783,positive,0.9637821,0.0068785707,0.029339332,0.9637821
30899,53623,,4,The program so far is very excellent. I advise you to try it,the program so far be very excellent. i advise you to try it,The program so far is very excellent. I advise you to try it,en,0.9354575872421264,neutral,positive,0.6115,positive,0.98515296,0.002984987,0.011862027,0.98515296
30900,53624,,5,"The application is sweet, but in the problem of that the application is sweet in addition to the necessary 🎀 🦫 ✨ 💗 💗","the application be sweet, but in the problem of that the application be sweet in addition to the necessary 🎀 🦫 ✨ 💗 💗","The application is sweet, but in the problem of that the application is sweet in addition to the necessary 🎀🦫✨💗💗",en,0.9365655779838562,positive,positive,0.3506,positive,0.9429741,0.005105386,0.051920544,0.9429741
30901,53625,,5,Excellent for all levels,excellent for all level,Excellent for all levels,en,0.8339093923568726,positive,positive,0.5719,positive,0.97371984,0.0042173225,0.022062894,0.97371984
30902,53626,,2,It does not support the Arabic language,it do not support the arabic language,It does not support the Arabic language,en,0.8257099986076355,negative,negative,-0.3089,negative,0.861556,0.861556,0.13114987,0.007294191
30903,53627,,5,"A very wonderful and useful program, I benefited from it","a very wonderful and useful program, i benefit from it","A very wonderful and useful program, I benefited from it",en,0.925586462020874,positive,positive,0.8795,positive,0.9851902,0.0041016936,0.0107081095,0.9851902
30904,53628,,5,App is a masterpiece hard and I advise everyone to download it,app be a masterpiece hard and i advise everyone to download it,App is a masterpiece hard and I advise everyone to download it,en,0.9195030331611632,positive,positive,0.5719,positive,0.9629444,0.004977414,0.032078214,0.9629444
30905,53629,,2,"My friend, the accent takes a long time and it is not worthy. In the end, they will understand you because they know the speaker, not English, so there is no need for the complexity of our good, and these are two stars, so you can't be upset","my friend, the accent take a long time and it be not worthy. in the end, they will understand you because they know the speaker, not english, so there be no need for the complexity of our good, and these be two stars, so you cannot be upset","My friend, the accent takes a long time and it is not worthy. In the end, they will understand you because they know the speaker, not English, so there is no need for the complexity of our good, and these are two stars, so you can't be upset",en,0.932876706123352,negative,positive,0.529,neutral,0.5275037,0.22440723,0.5275037,0.24808897
30906,53630,,5,Very beautiful and benefits in many works,very beautiful and benefit in many work,Very beautiful and benefits in many works,en,0.993009865283966,positive,positive,0.8155,positive,0.9689474,0.0077734585,0.02327911,0.9689474
30907,53631,,5,"The game taught me how to prejudice the English in a way you die, you deserve five stars and more","the game teach me how to prejudice the english in a way you die, you deserve five star and more","The game taught me how to prejudice the English in a way you die, you deserve five stars and more",en,0.903718888759613,positive,negative,-0.802,negative,0.59404457,0.59404457,0.29621983,0.10973561
30908,53632,,4,"A useful, wonderful and enjoyable program","a useful, wonderful and enjoyable program","A useful, wonderful and enjoyable program",en,0.8511635065078735,neutral,positive,0.8591,positive,0.97051877,0.0058165905,0.023664625,0.97051877
30909,53633,,2,"A good application, but it is on the Internet. I hope that you will stop making applications that need the Internet. If we want to pay the money, we will go to educational courses instead of spending it on the Internet","a good application, but it be on the internet. i hope that you will stop making application that need the internet. if we want to pay the money, we will go to educational course instead of spend it on the internet","A good application, but it is on the Internet. I hope that you will stop making applications that need the Internet. If we want to pay the money, we will go to educational courses instead of spending it on the Internet",en,0.9171530604362488,negative,positive,0.431,negative,0.50127107,0.50127107,0.38240364,0.11632537
30910,53634,,5,He teaches you to pronounce sounds and determines your weaknesses via a test,he teach you to pronounce sound and determines your weakness via a test,He teaches you to pronounce sounds and determines your weaknesses via a test,en,0.936366081237793,positive,negative,-0.4215,negative,0.46900648,0.46900648,0.49407145,0.036922053
30911,53635,,2,"The application is very beautiful .. But I wish you have features for me, you have no paid subscription","the application be very beautiful. but i wish you have feature for me, you have no pay subscription","The application is very beautiful .. But I wish you have features for me, you have no paid subscription",en,0.968625783920288,negative,positive,0.484,positive,0.88462055,0.018975973,0.096403524,0.88462055
30912,53636,,5,"The application Wow, but the words are never explained in Arabic","the application wow, but the word be never explain in arabic","The application Wow, but the words are never explained in Arabic",en,0.8857072591781616,positive,positive,0.34,negative,0.5194531,0.5194531,0.36012113,0.120425776
30913,53637,,5,A very wonderful and beauty program,a very wonderful and beauty program,A very wonderful and beauty program,en,0.940122127532959,positive,positive,0.8425,positive,0.9614405,0.009948442,0.028611017,0.9614405
30914,53638,,5,Very beautiful and motivating you can learn the language easily,very beautiful and motivate you can learn the language easily,Very beautiful and motivating you can learn the language easily,en,0.9440965056419371,positive,positive,0.8576,positive,0.9766268,0.0052931835,0.018080031,0.9766268
30915,53639,,1,"Some disgusting, all the applications are deleted to me","some disgusting, all the application be delete to me","Some disgusting, all the applications are deleted to me",en,0.979542076587677,negative,negative,-0.5267,negative,0.9232952,0.9232952,0.067526415,0.009178298
30916,53640,,4,It is possible to add a translation of the Arabic language for beginners,it be possible to add a translation of the arabic language for beginner,It is possible to add a translation of the Arabic language for beginners,en,0.7713909149169922,neutral,neutral,0.0,neutral,0.84610087,0.0212992,0.84610087,0.1325999
30917,53641,,5,An excellent program that improves your dissolution with distinction,an excellent program that improve your dissolution with distinction,An excellent program that improves your dissolution with distinction,en,0.8888064026832581,positive,positive,0.765,positive,0.9359361,0.005977755,0.058086142,0.9359361
30918,53642,,1,"Of course, unfortunately, this comment is a lot important because it is the application of the application for the Zionist entity, and many of us do not know its star, it is lost in it.","of course, unfortunately, this comment be a lot important because it be the application of the application for the zionist entity, and many of u do not know it be star, it be lose in it.","Of course, unfortunately, this comment is a lot important because it is the application of the application for the Zionist entity, and many of us do not know its star, it is lost in it.",en,0.9479191303253174,negative,negative,-0.5106,negative,0.65975237,0.65975237,0.3094748,0.03077282
30919,53643,,4,"Wonderful program, but I hope to add the Batteric dialect as well","wonderful program, but i hope to add the batteric dialect as well","Wonderful program, but I hope to add the Batteric dialect as well",en,0.952045440673828,neutral,positive,0.8338,positive,0.98102194,0.003031402,0.01594662,0.98102194
30921,53645,,5,Good to improve speech,good to improve speech,Good to improve speech,en,0.9368540644645692,positive,positive,0.7003,positive,0.89074963,0.013170811,0.09607954,0.89074963
30922,53646,,5,"Beautiful, but a specific stage, and the rest is not free","beautiful, but a specific stage, and the rest be not free","Beautiful, but a specific stage, and the rest is not free",en,0.8342640399932861,positive,negative,-0.2739,neutral,0.4141876,0.16243087,0.4141876,0.42338157
30923,53647,,5,"I did a quarterly subscription and love to cancel the card data from the Parkion, and when I need to subscribe, I will enter the data again because I made the subscription to a phone for another person and I do not know that the purchasing card card is removed","i do a quarterly subscription and love to cancel the card data from the parkion, and when i need to subscribe, i will enter the data again because i make the subscription to a phone for another person and i do not know that the purchase card card be remove","I did a quarterly subscription and love to cancel the card data from the Parkion, and when I need to subscribe, I will enter the data again because I made the subscription to a phone for another person and I do not know that the purchasing card card is removed",en,0.8672648668289185,positive,positive,0.4939,neutral,0.6674653,0.25748396,0.6674653,0.07505076
30924,53648,,1,It is necessary to translate the sentences,it be necessary to translate the sentence,It is necessary to translate the sentences,en,0.5444851517677307,negative,neutral,0.0772,neutral,0.77499545,0.18115377,0.77499545,0.04385073
30925,53649,,5,Very cool would like it without subscription,very cool would like it without subscription,Very cool would like it without subscription,en,0.9880712628364564,positive,positive,0.6549,positive,0.96969604,0.0050694067,0.025234489,0.96969604
30926,53650,,4,There is a sweet and different need from the rest of the Apps for this topic.,there be a sweet and different need from the rest of the apps for this topic.,There is a sweet and different need from the rest of the Apps for this topic.,en,0.922773003578186,neutral,positive,0.4588,neutral,0.6668278,0.04906408,0.6668278,0.28410813
30927,53651,,5,Wonderful and free part,wonderful and free part,Wonderful and free part,en,0.7348088622093201,positive,positive,0.7906,positive,0.9583432,0.005758546,0.035898253,0.9583432
30928,53652,,5,The best program to improve points,the best program to improve point,The best program to improve points,en,0.7788697481155396,positive,positive,0.7964,positive,0.77567214,0.011436151,0.21289168,0.77567214
30929,53653,,5,"Kalash is sweet, and God knows Zain, but there is no translation, this is the problem","kalash be sweet, and god know zain, but there be no translation, this be the problem","Kalash is sweet, and God knows Zain, but there is no translation, this is the problem",en,0.8504579663276672,positive,negative,-0.5859,negative,0.61752236,0.61752236,0.3131698,0.0693078
30930,53654,,5,"Seriously, very beautiful, I seriously take advantage of a study and learn","seriously, very beautiful, i seriously take advantage of a study and learn","Seriously, very beautiful, I seriously take advantage of a study and learn",en,0.980582356452942,positive,positive,0.5849,positive,0.974666,0.008882229,0.016451843,0.974666
30931,53655,,5,"Wonderful program, but if it is free","wonderful program, but if it be free","Wonderful program, but if it is free",en,0.5072830319404602,positive,positive,0.7783,positive,0.93335694,0.009549411,0.057093654,0.93335694
30932,53656,,5,"Very cool, comfortable and easy to learn it really","very cool, comfortable and easy to learn it really","Very cool, comfortable and easy to learn it really",en,0.991767168045044,positive,positive,0.8431,positive,0.9797579,0.005157159,0.015084887,0.9797579
30933,53657,,2,Please provide the installation in Arabic 🖐🏻🇹🇷 🛫,please provide the installation in arabic 🖐 🛫,Please provide the installation in Arabic 🖐🏻🇹🇷🛫,en,0.8607637882232666,negative,positive,0.3182,neutral,0.87106293,0.04281209,0.87106293,0.08612489
30934,53658,,5,Excellent application for English 👍 👍,excellent application for english 👍 👍,Excellent application for English 👍👍,en,0.823738157749176,positive,positive,0.5719,positive,0.9804984,0.003249911,0.016251631,0.9804984
30935,53659,,5,excellent. The program is great and deserves five stars.,excellent. the program be great and deserve five stars.,excellent. The program is great and deserves five stars.,en,0.9137623310089112,positive,positive,0.8316,positive,0.9819067,0.0037794805,0.014313729,0.9819067
30936,53660,,4,Simple and easy to everyone,simple and easy to everyone,Simple and easy to everyone,en,0.9165052175521852,neutral,positive,0.4404,positive,0.7674623,0.03826958,0.19426809,0.7674623
30937,53661,,4,"Wonderful, but it has not yet reached the perfect.","wonderful, but it have not yet reach the perfect.","Wonderful, but it has not yet reached the perfect.",en,0.9656946659088136,neutral,positive,0.8068,neutral,0.51035464,0.17304915,0.51035464,0.3165962
30938,53662,,4,"A good application, but sometimes it records some words","a good application, but sometimes it record some word","A good application, but sometimes it records some words",en,0.9468979239463806,neutral,neutral,0.2382,neutral,0.434556,0.10164659,0.434556,0.46379745
30939,53663,,4,Please provide a translation into Arabic,please provide a translation into arabic,Please provide a translation into Arabic,en,0.9253274202346802,neutral,positive,0.3182,neutral,0.76923525,0.083509006,0.76923525,0.14725576
30940,53664,,5,The method is excellent and the style is great,the method be excellent and the style be great,The method is excellent and the style is great,en,0.8295276761054993,positive,positive,0.8316,positive,0.9741775,0.004603622,0.021218972,0.9741775
30941,53665,,5,"Frankly, mystery is a mighty work of the application makers, I still try it. I hope to succeed","frankly, mystery be a mighty work of the application makers, i still try it. i hope to succeed","Frankly, mystery is a mighty work of the application makers, I still try it. I hope to succeed",en,0.9268922805786132,positive,positive,0.7269,positive,0.9207965,0.011545806,0.06765773,0.9207965
30942,53666,,4,It needs Arabic,it need arabic,It needs Arabic,en,0.9031679034233092,neutral,neutral,0.0,neutral,0.7133503,0.21446496,0.7133503,0.07218478
30943,53667,,5,Very beautiful knows the utterance quickly,very beautiful know the utterance quickly,Very beautiful knows the utterance quickly,en,0.959226667881012,positive,positive,0.6361,positive,0.9764872,0.0070772828,0.016435495,0.9764872
30944,53668,,5,"Wonderful program, very beautiful, very and useful","wonderful program, very beautiful, very and useful","Wonderful program, very beautiful, very and useful",en,0.954081654548645,positive,positive,0.9016,positive,0.9822098,0.006342854,0.011447342,0.9822098
30945,53669,,5,Very excellent application I recommend downloading it,very excellent application i recommend download it,Very excellent application I recommend downloading it,en,0.926274299621582,positive,positive,0.7755,positive,0.98407286,0.0049784803,0.010948677,0.98407286
30946,53670,,5,A very beautiful and useful program I loved ❤️,a very beautiful and useful program i love ❤,A very beautiful and useful program I loved ❤️,en,0.8788737058639526,positive,positive,0.911,positive,0.9860086,0.004679877,0.009311485,0.9860086
30947,53671,,5,Very cool thanks for the great effort and application 💫 💫 🥰,very cool thanks for the great effort and application 💫 💫 🥰,Very cool thanks for the great effort and application 💫💫🥰,en,0.9673281908035278,positive,positive,0.8712,positive,0.98968834,0.003418106,0.0068935915,0.98968834
30948,53672,,1,Good - but it does not work without the Internet,good - but it do not work without the internet,Good - but it does not work without the Internet,en,0.7946714162826538,negative,neutral,0.2382,neutral,0.49322367,0.36047798,0.49322367,0.14629833
30949,53673,,5,"The program is very, very useful","the program be very, very useful","The program is very, very useful",en,0.919918656349182,positive,positive,0.5379,positive,0.93078494,0.0047331336,0.06448189,0.93078494
30950,53674,,3,Excellent and useful program,excellent and useful program,Excellent and useful program,en,0.8352631330490112,neutral,positive,0.765,positive,0.9676596,0.0062874067,0.026053002,0.9676596
30951,53675,,5,It is a beautiful application to learn the English language,it be a beautiful application to learn the english language,It is a beautiful application to learn the English language,en,0.8473277688026428,positive,positive,0.5994,positive,0.97018415,0.0054577384,0.024358062,0.97018415
30952,53676,,3,"Under the experience, but to some extent good","under the experience, but to some extent good","Under the experience, but to some extent good",en,0.958662211894989,neutral,positive,0.5927,positive,0.6675196,0.028647536,0.30383283,0.6675196
30953,53677,,1,This application is beautiful with English learning from scratch to a very sweet professionalism,this application be beautiful with english learn from scratch to a very sweet professionalism,This application is beautiful with English learning from scratch to a very sweet professionalism,en,0.9188992977142334,negative,positive,0.8016,positive,0.9807571,0.0051093767,0.014133492,0.9807571
30954,53678,,5,Good app helps you learn words,good app help you learn word,Good app helps you learn words,en,0.9104223251342772,positive,positive,0.6808,positive,0.87265867,0.006186153,0.12115511,0.87265867
30955,53679,,5,Very good to strengthen the pronunciation,very good to strengthen the pronunciation,Very good to strengthen the pronunciation,en,0.934963881969452,positive,positive,0.6962,positive,0.9507066,0.00686156,0.04243189,0.9507066
30956,53680,,5,The best application in terms of learning to read,the best application in term of learn to read,The best application in terms of learning to read,en,0.9734485149383544,positive,positive,0.6369,positive,0.8538292,0.009111789,0.13705906,0.8538292
30957,53681,,3,I am looking for the German language and I did not find,i be look for the german language and i do not find,I am looking for the German language and I did not find,en,0.8746926188468933,neutral,neutral,0.0,negative,0.5959125,0.5959125,0.35522392,0.048863556
30958,53682,,4,"It is wonderful, but I have the question of the amount that is paid after the experimental deadline. Is it a year or a month?","it be wonderful, but i have the question of the amount that be pay after the experimental deadline. be it a year or a month?","It is wonderful, but I have the question of the amount that is paid after the experimental deadline. Is it a year or a month?",en,0.9283650517463684,neutral,neutral,0.1901,positive,0.7055897,0.024042223,0.27036804,0.7055897
30959,53683,,1,"The application is good, but by payment, unfortunately","the application be good, but by payment, unfortunately","The application is good, but by payment, unfortunately",en,0.9817938208580016,negative,negative,-0.2846,negative,0.6324241,0.6324241,0.32227382,0.045302127
30960,53684,,5,Excellent and wonderful and high creativity,excellent and wonderful and high creativity,Excellent and wonderful and high creativity,en,0.8843651413917542,positive,positive,0.875,positive,0.98070484,0.004053084,0.015242098,0.98070484
30961,53685,,5,Very terrible to develop speech,very terrible to develop speech,Very terrible to develop speech,en,0.9806092381477356,positive,negative,-0.5256,negative,0.922714,0.922714,0.067747325,0.009538644
30962,53686,,5,"Sweet, and there is no good","sweet, and there be no good","Sweet, and there is no good",en,0.9444080591201782,positive,positive,0.5719,neutral,0.42396706,0.33256462,0.42396706,0.24346836
30963,53687,,5,"Wow, the best program to learn English recently discovered 💗 💗 💗","wow, the best program to learn english recently discover 💗 💗 💗","Wow, the best program to learn English recently discovered 💗💗💗",en,0.8460276126861572,positive,positive,0.8402,positive,0.9900816,0.002781166,0.0071372776,0.9900816
30964,53688,,4,Excellent to develop speaking skill,excellent to develop speaking skill,Excellent to develop speaking skill,en,0.93751460313797,neutral,positive,0.5719,positive,0.9582536,0.005395469,0.036350884,0.9582536
30965,53689,,4,An excellent application for those who love to develop its language,an excellent application for those who love to develop it be language,An excellent application for those who love to develop its language,en,0.9085748195648192,neutral,positive,0.836,positive,0.9609957,0.0038706358,0.03513366,0.9609957
30966,53690,,5,"Congratulations for a very nice application, but it needs a strong internet network","congratulation for a very nice application, but it need a strong internet network","Congratulations for a very nice application, but it needs a strong internet network",en,0.9145349264144896,positive,positive,0.8379,positive,0.96493685,0.0056829127,0.029380236,0.96493685
30967,53691,,4,Wonderful program to learn to speak ..,wonderful program to learn to speak.,Wonderful program to learn to speak ..,en,0.9507867693901062,neutral,positive,0.5719,positive,0.963107,0.004009199,0.032883808,0.963107
30968,53692,,5,"The program is very, very very, thanks","the program be very, very very, thanks","The program is very, very very, thanks",en,0.9676284790039062,positive,positive,0.5768,positive,0.7804301,0.012626435,0.20694351,0.7804301
30969,53693,,5,A very very very Zion program,a very very very zion program,A very very very Zion program,en,0.997936189174652,positive,neutral,0.0,neutral,0.72021735,0.08468109,0.72021735,0.19510153
30970,53694,,5,Nice app to learn languages,nice app to learn language,Nice app to learn languages,en,0.9354531168937684,positive,positive,0.4215,positive,0.9060108,0.010073887,0.08391537,0.9060108
30971,53695,,5,"A useful program to strengthen the word, thanks to those in charge of the program","a useful program to strengthen the word, thanks to those in charge of the program","A useful program to strengthen the word, thanks to those in charge of the program",en,0.942157745361328,positive,positive,0.7964,positive,0.9676492,0.003315627,0.029035227,0.9676492
30972,53696,,5,"More than wonderful 👏 ✊ 👍, I recommend it and strongly.","more than wonderful 👏 ✊ 👍, i recommend it and strongly.","More than wonderful 👏✊👍, I recommend it and strongly.",en,0.932688295841217,positive,positive,0.8214,positive,0.98553187,0.0044481973,0.010019935,0.98553187
30973,53697,,5,Wonderful I wish it was without fees .... because it's perfect,wonderful i wish it be without fees. because it be perfect,Wonderful I wish it was without fees .... because it's perfect,en,0.6499224305152893,positive,positive,0.8779,positive,0.9125563,0.018022569,0.06942115,0.9125563
30974,53698,,1,"It is not worth more than the star of the application, any pronunciation of the right, right, try for yourself, and you know the application is not good","it be not worth more than the star of the application, any pronunciation of the right, right, try for yourself, and you know the application be not good","It is not worth more than the star of the application, any pronunciation of the right, right, try for yourself, and you know the application is not good",en,0.9208399057388306,negative,negative,-0.4717,negative,0.86922437,0.86922437,0.11853506,0.012240605
30975,53699,,5,"Mm very much, I recommend a download","mm very much, i recommend a download","Mmmmmm very much, I recommend a download",en,0.8912798166275024,positive,positive,0.4173,positive,0.9487434,0.0034601437,0.047796413,0.9487434
30976,53700,,5,Devils the best application 😫 with a people !!!!!!!!!!!!!!!!!!!!!!!!!!!!!!!!!!!!!!!!!!!!!!!!!!!!!!!!!!!!!!!!!!! !!!!!!!!!!!!!!!!!!!!!!!!!!!!!!!!!!!!!!!!!!!!!!!!!!!!!!!!!!!!!!!!!!! !!!!!!!!!!!!!!!!!!!!!!!!!!!!!!!!!!!!!!!!!!!!!!!!!!!!!!!!!!!!!!!!!!! !!!!!!!!!!!!!!!!!!!!!!!!!!!!!!!!!!!!!!!!!!!!!!!!!!!!!!!!!!!!!!!!! 😂 😭,devil the best application 😫 with a people! ! ! ! 😂 😭,Devils the best application 😫 with a people !!!!!!!!!!!!!!!!!!!!!!!!!!!!!!!!!!!!!!!!!!!!!!!!!!!!!!!!!!!!!!!!!!! !!!!!!!!!!!!!!!!!!!!!!!!!!!!!!!!!!!!!!!!!!!!!!!!!!!!!!!!!!!!!!!!!!! !!!!!!!!!!!!!!!!!!!!!!!!!!!!!!!!!!!!!!!!!!!!!!!!!!!!!!!!!!!!!!!!!!! !!!!!!!!!!!!!!!!!!!!!!!!!!!!!!!!!!!!!!!!!!!!!!!!!!!!!!!!!!!!!!!!! 😂😭,en,0.7844078540802002,positive,negative,-0.3331,positive,0.9329107,0.019788703,0.047300644,0.9329107
30977,53701,,1,"Founded with water, what supports Arabic and Lomafi is a better star","found with water, what support arabic and lomafi be a good star","Founded with water, what supports Arabic and Lomafi is a better star",en,0.942269206047058,negative,positive,0.6808,neutral,0.34754798,0.012542281,0.34754798,0.6399097
30978,53702,,2,I do not want to pay and there are only very few things without payment 😪,i do not want to pay and there be only very few thing without payment 😪,I do not want to pay and there are only very few things without payment 😪,en,0.9852184653282166,negative,neutral,0.0191,negative,0.8907461,0.8907461,0.098205246,0.011048541
30979,53703,,5,Very fun program to learn,very fun program to learn,Very fun program to learn,en,0.9811837077140808,positive,positive,0.5563,positive,0.97323257,0.0051981895,0.02156919,0.97323257
30980,53704,,5,Very beautiful and useful,very beautiful and useful,Very beautiful and useful,en,0.9547873735427856,positive,positive,0.8104,positive,0.9692411,0.009038229,0.021720747,0.9692411
30981,53705,,3,Why is the application not available in Arabic? And why is there no translation of the videos to understand the words?,why be the application not available in arabic? and why be there no translation of the video to understand the words?,Why is the application not available in Arabic? And why is there no translation of the videos to understand the words?,en,0.9350574612617492,neutral,negative,-0.3736,negative,0.8233727,0.8233727,0.17053033,0.0060969605
30982,53706,,4,"Hi, I have the application to teach foreign language, can I learn the Dutch language too?","hi, i have the application to teach foreign language, can i learn the dutch language too?","Hi, I have the application to teach foreign language, can I learn the Dutch language too?",en,0.9450382590293884,neutral,neutral,0.0,neutral,0.77937347,0.0087864455,0.77937347,0.21184006
30983,53707,,5,It is a very good application that deserves more than five stars. It is very cool,it be a very good application that deserve more than five stars. it be very cool,It is a very good application that deserves more than five stars. It is very cool,en,0.9807649254798888,positive,positive,0.699,positive,0.9806826,0.0042416584,0.015075793,0.9806826
30984,53708,,3,A wonderful initiative to learn the language,a wonderful initiative to learn the language,A wonderful initiative to learn the language,en,0.8120846748352051,neutral,positive,0.5719,positive,0.97145754,0.005499602,0.023042819,0.97145754
30985,53709,,4,It does not support Arabic but it is very smart,it do not support arabic but it be very smart,It does not support Arabic but it is very smart,en,0.9490607976913452,neutral,positive,0.5204,negative,0.5940629,0.5940629,0.37434578,0.031591237
30986,53710,,2,Under experience but good as a start,under experience but good as a start,Under experience but good as a start,en,0.990068256855011,negative,positive,0.5927,positive,0.8689246,0.013869316,0.11720609,0.8689246
30987,53711,,3,Why can I not convert the language and do he supports French learning,why can i not convert the language and do he support french learning,Why can I not convert the language and do he supports French learning,en,0.9026538729667664,neutral,positive,0.4019,neutral,0.5501442,0.42901433,0.5501442,0.020841466
30988,53712,,3,One of the most beautiful applications to learn,one of the most beautiful application to learn,One of the most beautiful applications to learn,en,0.9412187337875366,neutral,positive,0.6361,positive,0.96171045,0.010705142,0.027584426,0.96171045
30989,53713,,5,"You feel like a real person who was very relaxed by speaking with her, my brother","you feel like a real person who be very relaxed by speak with her, my brother","You feel like a real person who was very relaxed by speaking with her, my brother",en,0.9930793642997742,positive,positive,0.7178,positive,0.7991981,0.012218135,0.18858375,0.7991981
30990,53714,,1,This application when it works for a long time and that makes me angry,this application when it work for a long time and that make me angry,This application when it works for a long time and that makes me angry,en,0.906823754310608,negative,negative,-0.5106,negative,0.932575,0.932575,0.06116561,0.0062594535
30991,53715,,5,It is really a great and very useful application 🥰 💯 👌🏻,it be really a great and very useful application 🥰 💯 👌,It is really a great and very useful application 🥰💯👌🏻,en,0.96034836769104,positive,positive,0.8218,positive,0.9880685,0.0034723687,0.008459123,0.9880685
30992,53716,,5,If in a dictionary for words it will be better,if in a dictionary for word it will be good,If in a dictionary for words it will be better,en,0.6943063735961914,positive,positive,0.4404,positive,0.84094924,0.008274217,0.1507766,0.84094924
30993,53717,,1,The best learning programs for free. I tried them like (The American Angesh).,the best learning program for free. i try them like the american angesh .,The best learning programs for free. I tried them like (The American Angesh).,en,0.9266022443771362,negative,positive,0.875,positive,0.95271295,0.0042904513,0.04299665,0.95271295
30994,53718,,5,I advise people to use and a strong program,i advise people to use and a strong program,I advise people to use and a strong program,en,0.9555689692497252,positive,positive,0.5106,neutral,0.37898114,0.014775259,0.37898114,0.60624367
30995,53719,,5,Very cool it's a masterpiece application,very cool it be a masterpiece application,Very cool it's a masterpiece application,en,0.8952592015266418,positive,positive,0.7713,positive,0.97560185,0.0055450187,0.018853184,0.97560185
30996,53720,,5,"I am constantly intended to talk to the conversations, but with a program to decipher it, I will not talk to the ordinary people, your prayers","i be constantly intend to talk to the conversations, but with a program to decipher it, i will not talk to the ordinary people, your prayer","I am constantly intended to talk to the conversations, but with a program to decipher it, I will not talk to the ordinary people, your prayers",en,0.9805335998535156,positive,neutral,0.0,negative,0.65108037,0.65108037,0.32498118,0.023938399
30997,53721,,5,"I don't know if the application was good or not, but I hope it is free because I cannot pay","i do not know if the application be good or not, but i hope it be free because i cannot pay","I don't know if the application was good or not, but I hope it is free because I cannot pay",en,0.8602219223976135,positive,positive,0.5768,neutral,0.42419252,0.41509876,0.42419252,0.16070879
30998,53722,,5,"Very excellent, I recommend using it","very excellent, i recommend use it","Very excellent, I recommend using it",en,0.9119352102279664,positive,positive,0.7764,positive,0.9819962,0.0060655954,0.011938281,0.9819962
30999,53723,,3,There is no translation of the Arabic language,there be no translation of the arabic language,There is no translation of the Arabic language,en,0.8174746632575989,neutral,negative,-0.296,neutral,0.5375924,0.4389868,0.5375924,0.023420775
31000,53724,,5,"Very nice, but you do not write the meanings of words","very nice, but you do not write the meaning of word","Very nice, but you do not write the meanings of words",en,0.9793237447738647,positive,neutral,0.2609,negative,0.46992233,0.46992233,0.42007017,0.11000753
31001,53725,,1,"The program does not want me to give me words, I can tell me, but I don't know what it means","the program do not want me to give me words, i can tell me, but i do not know what it mean","The program does not want me to give me words, I can tell me, but I don't know what it means",en,0.9566161632537842,negative,neutral,-0.0286,negative,0.905001,0.905001,0.088897675,0.006101286
31002,53726,,5,"Wonderful application, but we want it free","wonderful application, but we want it free","Wonderful application, but we want it free",en,0.8965300917625427,positive,positive,0.8047,positive,0.8949815,0.011938783,0.093079746,0.8949815
31003,53727,,1,"With a subscription and fatigue and without benefit, they do not lose it","with a subscription and fatigue and without benefit, they do not lose it","With a subscription and fatigue and without benefit, they do not lose it",en,0.9159298539161682,negative,negative,-0.3009,neutral,0.760508,0.14581794,0.760508,0.093674034
31004,53728,,5,The best English teaching app,the best english teaching app,The best English teaching app,en,0.852454423904419,positive,positive,0.6369,positive,0.96928865,0.003898725,0.026812643,0.96928865
31005,53729,,5,Beautiful and encourage to study,beautiful and encourage to study,Beautiful and encourage to study,en,0.8769040107727051,positive,positive,0.802,positive,0.9734299,0.0054312586,0.021138888,0.9734299
31006,53730,,1,Good but intended training,good but intend training,Good but intended training,en,0.9689047336578368,negative,neutral,0.2382,neutral,0.4191719,0.07000893,0.4191719,0.5108192
31007,53731,,5,Wonderful program for all language lovers,wonderful program for all language lover,Wonderful program for all language lovers,en,0.6776041388511658,positive,positive,0.8176,positive,0.9700476,0.0060534407,0.023898946,0.9700476
31008,53732,,5,Very excellent and very wonderful application,very excellent and very wonderful application,Very excellent and very wonderful application,en,0.9801591634750366,positive,positive,0.8396,positive,0.97688746,0.007243933,0.01586858,0.97688746
31009,53733,,5,"Mint, but if it was better, it was better, 😁","mint, but if it be better, it be better, 😁","Mint, but if it was better, it was better, 😁",en,0.6701775789260864,positive,positive,0.8271,positive,0.9236273,0.007805788,0.068566844,0.9236273
31010,53734,,1,"Subscribe. Secondly, any program that supports the Arab we do not recognize.","subscribe. secondly, any program that support the arab we do not recognize.","Subscribe. Secondly, any program that supports the Arab we do not recognize.",en,0.8745759129524231,negative,positive,0.4019,negative,0.74940884,0.74940884,0.23990531,0.010685936
31011,53735,,5,"God willing, a very wonderful and useful program","god willing, a very wonderful and useful program","God willing, a very wonderful and useful program",en,0.865338921546936,positive,positive,0.8503,positive,0.9812688,0.0055442266,0.01318696,0.9812688
31012,53736,,1,"A wonderful and really useful program that's what I was looking for, thanks","a wonderful and really useful program that be what i be look for, thanks","A wonderful and really useful program that's what I was looking for, thanks",en,0.9216368198394777,negative,positive,0.8687,positive,0.9837392,0.0034942531,0.012766469,0.9837392
31013,53737,,5,Very cool and not free,very cool and not free,Very cool and not free,en,0.9721869826316832,positive,neutral,-0.0281,positive,0.86826754,0.026428185,0.10530424,0.86826754
31014,53738,,5,"A beautiful application to teach the softness, and God is an application and a verb to improve your lab","a beautiful application to teach the softness, and god be an application and a verb to improve your lab","A beautiful application to teach the softness, and God is an application and a verb to improve your lab",en,0.9240296483039856,positive,positive,0.836,positive,0.94055796,0.007887698,0.05155436,0.94055796
31015,53739,,4,"Distinguished application, but it needs continuity ☺️ ☺️","distinguish application, but it need continuity ☺ ☺","Distinguished application, but it needs continuity☺️☺️",en,0.9067977666854858,neutral,neutral,0.0,neutral,0.4460968,0.017333405,0.4460968,0.5365698
31016,53740,,5,"A beautiful program, I thank those who designed it","a beautiful program, i thank those who design it","A beautiful program, I thank those who designed it",en,0.8782473802566528,positive,positive,0.7506,positive,0.9833413,0.005176174,0.011482518,0.9833413
31017,53741,,5,"I liked it very much, but his problem is that it is not free","i like it very much, but his problem be that it be not free","I liked it very much, but his problem is that it is not free",en,0.9944072365760804,positive,negative,-0.7471,positive,0.69825155,0.050730508,0.251018,0.69825155
31018,53742,,3,How do you speak English?,how do you speak english?,How do you speak English?,en,0.9514005184173584,neutral,neutral,0.0,neutral,0.90951264,0.050211042,0.90951264,0.040276308
31019,53743,,5,Woow it the best is the best program in the whole world,woow it the best be the best program in the whole world,Woow it the best is the best program in the whole world,en,0.6786231398582458,positive,positive,0.8555,positive,0.98431647,0.005407456,0.010275998,0.98431647
31020,53744,,2,"His idea once is beautiful and used it and like this, but his problem is the dial dialogue that and that you cannot complete the lesson, for example, peace","his idea once be beautiful and use it and like this, but his problem be the dial dialogue that and that you cannot complete the lesson, for example, peace","His idea once is beautiful and used it and like this, but his problem is the dial dialogue that and that you cannot complete the lesson, for example, peace",en,0.9807238578796388,negative,positive,0.6597,neutral,0.43774414,0.33622384,0.43774414,0.22603199
31021,53745,,5,"Sweet, but it needs an Arab clarification ❣ 💞","sweet, but it need an arab clarification ❣ 💞","Sweet, but it needs an Arab clarification ❣💞",en,0.9065967798233032,positive,neutral,0.25,positive,0.7021074,0.017997669,0.27989495,0.7021074
31022,53746,,5,Great and reliable application 🥰 🎉 ❤️,great and reliable application 🥰 🎉 ❤,Great and reliable application 🥰🎉❤️,en,0.96370929479599,positive,positive,0.6249,positive,0.9895169,0.0029200383,0.0075630383,0.9895169
31023,53747,,5,"Excellent this application, but if I want to open the rest of the lessons, how do I own MasterCard and I have no PayPal account","excellent this application, but if i want to open the rest of the lessons, how do i own mastercard and i have no paypal account","Excellent this application, but if I want to open the rest of the lessons, how do I own MasterCard and I have no PayPal account",en,0.8878880143165588,positive,neutral,0.0,neutral,0.40207362,0.12943618,0.40207362,0.46849024
31024,53748,,5,"Very nice, and the sweetest is that it evaluates your level, your lineage, and you do your plan","very nice, and the sweetest be that it evaluate your level, your lineage, and you do your plan","Very nice, and the sweetest is that it evaluates your level, your lineage, and you do your plan",en,0.9528586864471436,positive,positive,0.4754,positive,0.9608615,0.004550846,0.03458773,0.9608615
31025,53749,,5,Wonderful .. I wish it would be completely free,wonderful. i wish it would be completely free,Wonderful .. I wish it would be completely free,en,0.9778538346290588,positive,positive,0.8748,positive,0.93714917,0.0144684,0.048382398,0.93714917
31027,53751,,5,"The greatness of this program, but I advise you","the greatness of this program, but i advise you","The greatness of this program, but I advise you",en,0.9601049423217772,positive,neutral,0.0,positive,0.9155092,0.008986102,0.07550463,0.9155092
31028,53752,,5,Wonderfulness of the most beautiful vry good application,wonderfulness of the most beautiful vry good application,Wonderfulness of the most beautiful vry good application,en,0.8716953992843628,positive,positive,0.9053,positive,0.96477014,0.008015945,0.02721388,0.96477014
31029,53753,,5,"Good application, and I wished it was free","good application, and i wish it be free","Good application, and I wished it was free",en,0.7836542129516602,positive,positive,0.836,positive,0.96254283,0.007329039,0.03012817,0.96254283
31030,53754,,5,A very wonderful program I loved a lot,a very wonderful program i love a lot,A very wonderful program I loved a lot,en,0.904714822769165,positive,positive,0.8576,positive,0.981025,0.007055613,0.011919419,0.981025
31031,53755,,4,I recommend it because it teaches you the correct pronunciation,i recommend it because it teach you the correct pronunciation,I recommend it because it teaches you the correct pronunciation,en,0.8666496872901917,neutral,positive,0.3612,positive,0.92711943,0.0048292093,0.068051316,0.92711943
31032,53756,,4,Very nice and gives you the space to learn,very nice and give you the space to learn,Very nice and gives you the space to learn,en,0.986213207244873,neutral,positive,0.4754,positive,0.9425169,0.005621449,0.05186167,0.9425169
31033,53757,,5,Excellent and more progress,excellent and more progress,Excellent and more progress,en,0.8795719146728516,positive,positive,0.7778,positive,0.98117423,0.003346003,0.015479753,0.98117423
31034,53758,,5,I hope to add the Arabic language,i hope to add the arabic language,I hope to add the Arabic language,en,0.7261945009231567,positive,positive,0.4404,neutral,0.50255424,0.012555211,0.50255424,0.48489058
31035,53759,,3,"Beautiful, but there is no Arabic translation","beautiful, but there be no arabic translation","Beautiful, but there is no Arabic translation",en,0.8447278738021851,neutral,neutral,-0.09,neutral,0.30362257,0.23630975,0.30362257,0.46006772
31036,53760,,5,It is useful to learn,it be useful to learn,It is useful to learn,en,0.8114348649978638,positive,positive,0.4404,neutral,0.38374448,0.019776003,0.38374448,0.59647954
31037,53761,,5,More than wonderful and distinctive program,more than wonderful and distinctive program,More than wonderful and distinctive program,en,0.9173722863197328,positive,positive,0.6096,positive,0.966861,0.0065937145,0.026545322,0.966861
31039,53763,,5,The first day of experience is excellent yet,the first day of experience be excellent yet,The first day of experience is excellent yet,en,0.8649953603744507,positive,positive,0.5719,positive,0.9041761,0.007186793,0.088637024,0.9041761
31040,53764,,5,The application is beautiful and nice and benefiting from it a lot,the application be beautiful and nice and benefit from it a lot,The application is beautiful and nice and benefiting from it a lot,en,0.9513463377952576,positive,positive,0.8658,positive,0.977014,0.005665372,0.01732062,0.977014
31041,53765,,5,"Excellent, but it is supposed to time for the final","excellent, but it be suppose to time for the final","Excellent, but it is supposed to time for the final",en,0.940531611442566,positive,positive,0.3291,positive,0.90724736,0.012580851,0.080171786,0.90724736
31042,53766,,5,"More than wonderful, I advise everyone to try it","more than wonderful, i advise everyone to try it","More than wonderful, I advise everyone to try it",en,0.9767538905143738,positive,positive,0.6096,positive,0.9842464,0.0039016264,0.011851949,0.9842464
31043,53767,,1,"Why is there not the Arabic language, is it not important?","why be there not the arabic language, be it not important?","Why is there not the Arabic language, is it not important?",en,0.7739938497543335,negative,negative,-0.1511,negative,0.52147764,0.52147764,0.45697075,0.02155159
31044,53768,,5,Is there teaching the Dutch language as in propaganda?,be there teach the dutch language as in propaganda?,Is there teaching the Dutch language as in propaganda?,en,0.9523953795433044,positive,negative,-0.25,neutral,0.6740812,0.31039163,0.6740812,0.0155272
31045,53769,,5,"Very excellent, I advise you to download it","very excellent, i advise you to download it","Very excellent, I advise you to download it",en,0.9727235436439514,positive,positive,0.6115,positive,0.9846644,0.0033750671,0.011960603,0.9846644
31046,53770,,5,"Thank you, God willing","thank you, god willing","Thank you, God willing",en,0.6763374209403992,positive,positive,0.5574,positive,0.9526224,0.012118958,0.035258643,0.9526224
31047,53771,,5,More than really wonderful program,more than really wonderful program,More than really wonderful program,en,0.9709859490394592,positive,positive,0.6436,positive,0.9647797,0.009856056,0.025364278,0.9647797
31048,53772,,5,Very nice application I recommend people,very nice application i recommend people,Very nice application I recommend people,en,0.968720555305481,positive,positive,0.7056,positive,0.97363347,0.009242313,0.017124226,0.97363347
31049,53773,,5,Excellent but not free,excellent but not free,Excellent but not free,en,0.8490378260612488,positive,negative,-0.2966,neutral,0.25915584,0.23723724,0.25915584,0.50360686
31050,53774,,5,"The most beautiful application to teach the English language to advise you girls, I am Rimas, I am 11 years old","the most beautiful application to teach the english language to advise you girls, i be rimas, i be 11 year old","The most beautiful application to teach the English language to advise you girls, I am Rimas, I am 11 years old",en,0.8471670150756836,positive,positive,0.6361,positive,0.9592235,0.006782137,0.033994325,0.9592235
31051,53775,,5,"A very, very delicious program","a very, very delicious program","A very, very delicious program",en,0.944505214691162,positive,positive,0.6453,positive,0.9787411,0.0045003393,0.016758513,0.9787411
31052,53776,,3,"Sweet, but not a lot, I mean, I have tried 😀","sweet, but not a lot, i mean, i have try 😀","Sweet, but not a lot, I mean, I have tried 😀",en,0.9862343668937684,neutral,neutral,0.25,neutral,0.2984001,0.064500526,0.2984001,0.6370993
31053,53778,,5,Very cool application I recommend tolerance,very cool application i recommend tolerance,Very cool application I recommend tolerance,en,0.8714083433151245,positive,positive,0.762,positive,0.9788972,0.007144656,0.013958107,0.9788972
31054,53779,,5,It is very beautiful and the conversation is fun,it be very beautiful and the conversation be fun,It is very beautiful and the conversation is fun,en,0.894772469997406,positive,positive,0.8173,positive,0.97677886,0.00511021,0.018110998,0.97677886
31055,53780,,5,"It helps you if you want to learn the cause, not in the book, the cause in us","it help you if you want to learn the cause, not in the book, the cause in u","It helps you if you want to learn the cause, not in the book, the cause in us",en,0.9549707174301147,positive,positive,0.4588,neutral,0.58967483,0.02609402,0.58967483,0.38423118
31056,53781,,4,"I wanted to participate in the elsa community and chose Telegram, but I was rejected from the channel after just 60 seconds, why?","i want to participate in the elsa community and choose telegram, but i be reject from the channel after just 60 seconds, why?","I wanted to participate in the elsa community and chose Telegram, but I was rejected from the channel after just 60 seconds, why?",en,0.940377116203308,neutral,negative,-0.5267,negative,0.57525575,0.57525575,0.4018254,0.022918865
31057,53782,,5,"Very very cool, I advise you to download this app ❤ ❤ ❤","very very cool, i advise you to download this app ❤ ❤ ❤","Very very cool, I advise you to download this app ❤❤❤",en,0.9918445348739624,positive,positive,0.4351,positive,0.9898858,0.0020980856,0.008016091,0.9898858
31058,53783,,1,I was wiped to support homosexuals and violate instinct.,i be wipe to support homosexual and violate instinct.,I was wiped to support homosexuals and violate instinct.,en,0.9011633396148682,negative,neutral,-0.128,negative,0.8248481,0.8248481,0.16665758,0.0084943175
31059,53785,,5,A wonderful application that makes you in a real conversation,a wonderful application that make you in a real conversation,A wonderful application that makes you in a real conversation,en,0.9020463824272156,positive,positive,0.5719,positive,0.9666823,0.0046461737,0.028671509,0.9666823
31060,53786,,3,A good and good application for learning,a good and good application for learn,A good and good application for learning,en,0.9521893858909608,neutral,positive,0.7003,positive,0.85176563,0.012043191,0.13619119,0.85176563
31061,53787,,1,"Sorry why I cannot install this application, please correct the mistake","sorry why i cannot install this application, please correct the mistake","Sorry why I cannot install this application, please correct the mistake",en,0.8808484673500061,negative,neutral,-0.1027,negative,0.8065625,0.8065625,0.18221512,0.011222396
31062,53788,,5,This application is very useful for beginners and others,this application be very useful for beginner and others,This application is very useful for beginners and others,en,0.930099368095398,positive,positive,0.4927,positive,0.94467187,0.0040194523,0.051308647,0.94467187
31063,53789,,5,The learning site is very good,the learning site be very good,The learning site is very good,en,0.959089696407318,positive,positive,0.4927,positive,0.9661715,0.0039150305,0.029913545,0.9661715
31064,53790,,5,"Beautiful, but I wish it was free","beautiful, but i wish it be free","Beautiful, but I wish it was free",en,0.6254744529724121,positive,positive,0.8873,positive,0.8688717,0.036706433,0.09442186,0.8688717
31065,53791,,5,The application is very wonderful and deserves more than five stars,the application be very wonderful and deserve more than five star,The application is very wonderful and deserves more than five stars,en,0.9472503662109376,positive,positive,0.6115,positive,0.9811819,0.0040915366,0.014726531,0.9811819
31066,53792,,5,"Wonderful program, would like it to be free","wonderful program, would like it to be free","Wonderful program, would like it to be free",en,0.973543345928192,positive,positive,0.8591,positive,0.9789885,0.0048474306,0.016164098,0.9789885
31067,53793,,5,"The program is a sweet Kalash, but he wants to pay money","the program be a sweet kalash, but he want to pay money","The program is a sweet Kalash, but he wants to pay money",en,0.9413670301437378,positive,neutral,0.2144,neutral,0.58783084,0.1754184,0.58783084,0.23675072
31068,53794,,5,Very beautiful and wonderful,very beautiful and wonderful,Very beautiful and wonderful,en,0.9517447352409364,positive,positive,0.8464,positive,0.9678293,0.0095051825,0.022665573,0.9678293
31069,53795,,5,The program is good but paid,the program be good but pay,The program is good but paid,en,0.9490408301353456,positive,neutral,0.09,neutral,0.45037585,0.07752087,0.45037585,0.4721033
31070,53796,,5,"Very good, but the problem is that you need Net","very good, but the problem be that you need net","Very good, but the problem is that you need Net",en,0.9856204390525818,positive,negative,-0.3514,neutral,0.39074308,0.095002,0.39074308,0.5142549
31071,53797,,5,Excellent and useful even for lazy,excellent and useful even for lazy,Excellent and useful even for lazy,en,0.92969012260437,positive,positive,0.6249,positive,0.96213126,0.005842891,0.03202585,0.96213126
31072,53798,,5,More good application,more good application,More good application,en,0.9032928943634032,positive,positive,0.4927,positive,0.93013865,0.009973546,0.059887756,0.93013865
31073,53799,,5,An excellent application I have benefited a lot from it,an excellent application i have benefit a lot from it,An excellent application I have benefited a lot from it,en,0.9672847390174866,positive,positive,0.7717,positive,0.98205066,0.005135133,0.012814218,0.98205066
31074,53800,,5,I think it is a very cool application for use,i think it be a very cool application for use,I think it is a very cool application for use,en,0.9686903953552246,positive,positive,0.3804,positive,0.9762731,0.004238149,0.019488767,0.9762731
31075,53801,,1,"Expensive subscriptions, there is nothing free or for an ad.","expensive subscriptions, there be nothing free or for an ad.","Expensive subscriptions, there is nothing free or for an ad.",en,0.8038923144340515,negative,negative,-0.4023,negative,0.77386546,0.77386546,0.20993456,0.016199999
31076,53802,,5,"Wonderful, but the facade is difficult, I will try to get used to it","wonderful, but the facade be difficult, i will try to get use to it","Wonderful, but the façade is difficult, I will try to get used to it",en,0.9521034359931946,positive,negative,-0.2263,positive,0.67989516,0.056580395,0.26352438,0.67989516
31077,53803,,5,"Very very very useful, thank you very much","very very very useful, thank you very much","Very very very useful, thank you very much",en,0.9991894960403442,positive,positive,0.7768,positive,0.9808319,0.0052604764,0.013907618,0.9808319
31078,53804,,5,"A very, very, very sophisticated and high -end program","a very, very, very sophisticated and high -end program","A very, very, very sophisticated and high -end program",en,0.9527705907821656,positive,positive,0.6635,positive,0.89902276,0.0073702945,0.093606934,0.89902276
31079,53805,,1,"Not free if you are looking for a paid application, ask others","not free if you be look for a pay application, ask others","Not free if you are looking for a paid application, ask others",en,0.8660464286804199,negative,negative,-0.477,neutral,0.6015399,0.372596,0.6015399,0.025864035
31080,53806,,4,There is no translation,there be no translation,There is no translation,en,0.7660625576972961,neutral,negative,-0.296,negative,0.529794,0.529794,0.4393634,0.030842694
31081,53807,,5,Very nice application I recommend tolerance,very nice application i recommend tolerance,Very nice application I recommend tolerance,en,0.9075889587402344,positive,positive,0.7939,positive,0.9775981,0.0075361086,0.014865845,0.9775981
31082,53808,,5,Very very cool from the first use,very very cool from the first use,Very very cool from the first use,en,0.9912843704223632,positive,positive,0.4351,positive,0.98066324,0.003902777,0.015433964,0.98066324
31083,53809,,5,Followers in English are a lot of sweet time ✨,follower in english be a lot of sweet time ✨,Followers in English are a lot of sweet time ✨,en,0.8473067879676819,positive,positive,0.4588,positive,0.95536673,0.0040394403,0.04059379,0.95536673
31084,53810,,4,"Oh, someone says what is the name of the English language for the program","oh, someone say what be the name of the english language for the program","Oh, someone says what is the name of the English language for the program",en,0.8651479482650757,neutral,neutral,0.0,neutral,0.89084023,0.05535584,0.89084023,0.0538039
31085,53812,,5,The best application to learn the American dialect,the best application to learn the american dialect,The best application to learn the American dialect,en,0.8763120174407959,positive,positive,0.6369,positive,0.7956231,0.010381934,0.19399497,0.7956231
31086,53813,,5,"Goodness actor: Download this application from a program on Google Happymod, it downloads free applications","goodness actor download this application from a program on google happymod, it download free application","Goodness actor: Download this application from a program on Google Happymod, it downloads free applications",en,0.8649069666862488,positive,positive,0.743,positive,0.7511505,0.008189834,0.24065971,0.7511505
31087,53814,,5,"Frankly, a very beautiful program","frankly, a very beautiful program","Frankly, a very beautiful program",en,0.9445651173591614,positive,positive,0.6361,positive,0.97295153,0.0064234915,0.020624995,0.97295153
31088,53815,,5,Wonderful helps to improve Accent,wonderful help to improve accent,Wonderful helps to improve Accent,en,0.7546722888946533,positive,positive,0.8519,positive,0.9528899,0.0058932905,0.041216873,0.9528899
31089,53816,,5,"Sweet lane that enters you to the memo to me, the English encourages you and keeps you not to give up","sweet lane that enter you to the memo to me, the english encourages you and keep you not to give up","Sweet lane that enters you to the memo to me, the English encourages you and keeps you not to give up",en,0.9430232644081116,positive,positive,0.7096,positive,0.8294366,0.009961828,0.16060157,0.8294366
31090,53817,,5,Your accent developed in English to the best,your accent develop in english to the best,Your accent developed in English to the best,en,0.8964987993240356,positive,positive,0.6369,positive,0.9318586,0.0053669037,0.06277451,0.9318586
31091,53818,,5,Wonderful and enjoyable program,wonderful and enjoyable program,Wonderful and enjoyable program,en,0.87261563539505,positive,positive,0.765,positive,0.9756124,0.0063919947,0.017995609,0.9756124
31092,53819,,5,I am talking to the English language fluently because of it,i be talk to the english language fluently because of it,I am talking to the English language fluently because of it,en,0.9718538522720336,positive,neutral,0.0,positive,0.77468437,0.014104095,0.21121147,0.77468437
31093,53820,,1,The truth is why you are always in a free need?,the truth be why you be always in a free need?,The truth is why you are always in a free need?,en,0.9208134412765504,negative,positive,0.6808,neutral,0.8297305,0.11335478,0.8297305,0.056914758
31094,53821,,5,"Karim, the same creation, a lover, who loves a brave, knight, a beautiful makeup, a written path, how is the best quantity, my love, I want to see you well","karim, the same creation, a lover, who love a brave, knight, a beautiful makeup, a write path, how be the best quantity, my love, i want to see you well","Karim, the same creation, a lover, who loves a brave, knight, a beautiful makeup, a written path, how is the best quantity, my love, I want to see you well",en,0.8788632750511169,positive,positive,0.9821,positive,0.9557308,0.005396754,0.03887241,0.9557308
31095,53822,,5,"A very sophisticated program and values ​​Muhammad ,,,,,,, from Iraq","a very sophisticated program and value muhammad, from iraq","A very sophisticated program and values ​​Muhammad ,,,,,,, from Iraq",en,0.9408851861953736,positive,positive,0.7425,neutral,0.40601557,0.007703044,0.40601557,0.5862814
31096,53823,,4,There is no Arabic language,there be no arabic language,There is no Arabic language,en,0.6812228560447693,neutral,negative,-0.296,negative,0.5090474,0.5090474,0.45329583,0.03765683
31097,53824,,5,"Very cool, I improve my logic because of it ❤️ ❤️ ❤️ ❤️ 🔥 🔥","very cool, i improve my logic because of it ❤ ❤ ❤ ❤ 🔥 🔥","Very cool, I improve my logic because of it ❤️❤️❤️❤️🔥🔥",en,0.9364377856254578,positive,positive,0.6976,positive,0.9872119,0.003018715,0.009769404,0.9872119
31098,53825,,5,Very cool and also not,very cool and also not,Very cool and also not,en,0.9988933801651,positive,positive,0.3804,neutral,0.42829132,0.16990246,0.42829132,0.4018062
31099,53826,,5,"Wonderful application, but the problem is that there are no reviews for this version","wonderful application, but the problem be that there be no review for this version","Wonderful application, but the problem is that there are no reviews for this version",en,0.9024820923805236,positive,negative,-0.6124,negative,0.6799654,0.6799654,0.25355288,0.06648178
31100,53827,,5,A very wonderful program we advise you to teach you English,a very wonderful program we advise you to teach you english,A very wonderful program we advise you to teach you English,en,0.9643893837928772,positive,positive,0.6115,positive,0.983414,0.0026792567,0.013906721,0.983414
31101,53828,,5,Very excellent and more than wonderful thanks,very excellent and more than wonderful thanks,Very excellent and more than wonderful thanks,en,0.97298926115036,positive,positive,0.9029,positive,0.9804283,0.006535615,0.013036066,0.9804283
31102,53829,,1,Wonderful and deserves to buy and the price is very reasonable in my opinion,wonderful and deserve to buy and the price be very reasonable in my opinion,Wonderful and deserves to buy and the price is very reasonable in my opinion,en,0.981315851211548,negative,positive,0.5719,positive,0.9549255,0.005028244,0.040046234,0.9549255
31103,53830,,5,"Wonderful, I hope there is a free copy of it","wonderful, i hope there be a free copy of it","Wonderful, I hope there is a free copy of it",en,0.7607653737068176,positive,positive,0.872,positive,0.97832084,0.0030089128,0.018670226,0.97832084
31104,53831,,5,"This is useful programs, you do not say Babji","this be useful programs, you do not say babji","This is useful programs, you do not say Babji",en,0.628047525882721,positive,positive,0.4404,neutral,0.54494023,0.1866659,0.54494023,0.2683938
31105,53832,,5,"Very good, but you would like to be free","very good, but you would like to be free","Very good, but you would like to be free",en,0.99793142080307,positive,positive,0.8688,positive,0.82679856,0.018146822,0.15505464,0.82679856
31106,53833,,4,"Wonderful application, but I wish it would be without the net","wonderful application, but i wish it would be without the net","Wonderful application, but I wish it would be without the net",en,0.9324580430984496,neutral,positive,0.7096,positive,0.7901968,0.06014131,0.1496619,0.7901968
31107,53834,,1,I did not like the application because there is no explanation of the English language,i do not like the application because there be no explanation of the english language,I did not like the application because there is no explanation of the English language,en,0.8313732743263245,negative,negative,-0.5122,negative,0.9299793,0.9299793,0.06383274,0.00618793
31108,53835,,5,This is a very cool and useful application,this be a very cool and useful application,This is a very cool and useful application,en,0.9203774929046632,positive,positive,0.6962,positive,0.98141474,0.0040054796,0.014579833,0.98141474
31109,53836,,5,The most wonderful to improve pronunciation 💚 💚 💚 💚 💚,the most wonderful to improve pronunciation 💚 💚 💚 💚 💚,The most wonderful to improve pronunciation 💚💚💚💚💚,en,0.6507810950279236,positive,positive,0.7996,positive,0.9853757,0.0042717275,0.010352582,0.9853757
31110,53837,,5,Excellent Apionch is worth praising,excellent apionch be worth praise,Excellent Apionch is worth praising,en,0.620242714881897,positive,positive,0.8481,positive,0.9318412,0.009308219,0.058850575,0.9318412
31111,53838,,5,Very nice and useful application,very nice and useful application,Very nice and useful application,en,0.9632714986801147,positive,positive,0.7397,positive,0.96127164,0.010571598,0.028156823,0.96127164
31112,53839,,5,Under the experience to look very good and useful,under the experience to look very good and useful,Under the experience to look very good and useful,en,0.973865807056427,positive,positive,0.7474,positive,0.9328158,0.0038197413,0.063364446,0.9328158
31113,53840,,5,Education is very,education be very,Education is very,en,0.9897061586380004,positive,neutral,0.0,neutral,0.69568056,0.11526884,0.69568056,0.18905061
31114,53841,,5,Very fun and useful,very fun and useful,Very fun and useful,en,0.961420476436615,positive,positive,0.7755,positive,0.970272,0.0068731625,0.02285479,0.970272
31115,53842,,5,"This application is very high, I advise you to use it","this application be very high, i advise you to use it","This application is very high, I advise you to use it",en,0.970314085483551,positive,neutral,0.0,positive,0.72487825,0.015419678,0.25970203,0.72487825
31116,53843,,5,"Very nice, thanks for this wonderful application","very nice, thanks for this wonderful application","Very nice, thanks for this wonderful application",en,0.9453014135360718,positive,positive,0.8742,positive,0.9792707,0.007912131,0.012817183,0.9792707
31117,53844,,5,A successful program that I advise everyone to install 😻 😻,a successful program that i advise everyone to install 😻 😻,A successful program that I advise everyone to install 😻😻,en,0.9645325541496276,positive,positive,0.5859,positive,0.98601764,0.0016982114,0.012284207,0.98601764
31118,53845,,1,I do not recommend it because there is a post on Christmas Christmas,i do not recommend it because there be a post on christmas christmas,I do not recommend it because there is a post on Christmas Christmas,en,0.7326171398162842,negative,negative,-0.2755,negative,0.8807164,0.8807164,0.108670495,0.010613036
31119,53846,,5,There is no copy without the need for the Internet,there be no copy without the need for the internet,There is no copy without the need for the Internet,en,0.7570246458053589,positive,negative,-0.296,neutral,0.66962826,0.25363582,0.66962826,0.076735936
31120,53847,,5,"Sweet time, I advise everyone that he is carrying it sweet, Angesh, I wipe, wipe, wiping out anyone, I carry it, who is the world of the Angens.","sweet time, i advise everyone that he be carry it sweet, angesh, i wipe, wipe, wipe out anyone, i carry it, who be the world of the angens.","Sweet time, I advise everyone that he is carrying it sweet, Angesh, I wipe, wipe, wiping out anyone, I carry it, who is the world of the Angens.",en,0.9349273443222046,positive,positive,0.7184,positive,0.7412567,0.023749977,0.23499326,0.7412567
31121,53848,,5,Very nice and beautiful application ❤,very nice and beautiful application ❤,Very nice and beautiful application ❤,en,0.972208857536316,positive,positive,0.8051,positive,0.97508776,0.008607778,0.016304484,0.97508776
31122,53849,,5,"Jadan is beautiful, I advise everyone to carry","jadan be beautiful, i advise everyone to carry","Jadan is beautiful, I advise everyone to carry",en,0.9047181606292723,positive,positive,0.5994,positive,0.974374,0.006166745,0.019459259,0.974374
31123,53850,,4,"Nice application, but all English, there is no Arabic","nice application, but all english, there be no arabic","Nice application, but all English, there is no Arabic",en,0.8146042227745056,neutral,negative,-0.2263,neutral,0.31403437,0.10864282,0.31403437,0.57732284
31124,53851,,5,Frankly a very sweet application deserves more,frankly a very sweet application deserve more,Frankly a very sweet application deserves more,en,0.9153013825416564,positive,positive,0.5095,positive,0.94316465,0.016367251,0.040468164,0.94316465
31125,53852,,5,I would like to advise the great to download it,i would like to advise the great to download it,I would like to advise the great to download it,en,0.9930580854415894,positive,positive,0.765,neutral,0.7931132,0.028324677,0.7931132,0.17856218
31126,53853,,5,"Very useful program, thanks :)","very useful program, thanks","Very useful program, thanks :)",en,0.9450294375419616,positive,positive,0.7474,positive,0.9715702,0.007762364,0.020667393,0.9715702
31127,53854,,4,"Beautiful, a group that helps you speak, confident and give you various topics. This can be more like this","beautiful, a group that help you speak, confident and give you various topics. this can be more like this","Beautiful, a group that helps you speak, confident and give you various topics. This can be more like this",en,0.956047534942627,neutral,positive,0.9117,positive,0.976586,0.0040273573,0.019386686,0.976586
31128,53855,,5,"Very cool, please be free","very cool, please be free","Very cool, please be free",en,0.9791534543037416,positive,positive,0.8162,positive,0.9744847,0.00495811,0.02055715,0.9744847
31129,53856,,5,Very cool and easy program,very cool and easy program,Very cool and easy program,en,0.9680622816085817,positive,positive,0.6962,positive,0.96694326,0.008520111,0.02453667,0.96694326
31130,53857,,5,More than wonderful program,more than wonderful program,More than wonderful program,en,0.902917981147766,positive,positive,0.6096,positive,0.9588746,0.010138499,0.030986898,0.9588746
31131,53858,,5,nice 😂 😳 ❤ Anti -solved and useful,nice 😂 😳 ❤ anti -solved and useful,nice😂😳❤ Anti -solved and useful,en,0.8494778871536255,positive,positive,0.6705,positive,0.9488535,0.0059961523,0.04515034,0.9488535
31132,53859,,5,God is very beautiful and very beautiful,god be very beautiful and very beautiful,God is very beautiful and very beautiful,en,0.9694623351097108,positive,positive,0.8882,positive,0.9782387,0.0061394987,0.015621844,0.9782387
31133,53860,,1,"I like it, but I don't know how to deal with it. Please know this","i like it, but i do not know how to deal with it. please know this","I like it, but I don't know how to deal with it. Please know this",en,0.9898863434791564,negative,positive,0.5719,negative,0.6788407,0.6788407,0.27374667,0.04741262
31134,53861,,5,Wonderful to improve the tone,wonderful to improve the tone,Wonderful to improve the tone,en,0.7456854581832886,positive,positive,0.765,positive,0.898078,0.009256277,0.0926657,0.898078
31135,53862,,4,Very cool program,very cool program,Very cool program,en,0.9768909811973572,neutral,positive,0.3804,positive,0.95715296,0.010939038,0.031908024,0.95715296
31136,53863,,3,It is difficult to deal with it and it is an adult religion,it be difficult to deal with it and it be an adult religion,It is difficult to deal with it and it is an adult religion,en,0.9572488069534302,neutral,negative,-0.3612,negative,0.7688888,0.7688888,0.2186722,0.012438993
31137,53864,,5,I recommend a very wonderful download,i recommend a very wonderful download,I recommend a very wonderful download,en,0.8917141556739807,positive,positive,0.7574,positive,0.9816171,0.005393004,0.012989903,0.9816171
31138,53865,,5,A very wonderful application.,a very wonderful application.,A very wonderful application.,en,0.94288569688797,positive,positive,0.6115,positive,0.97627217,0.0074992315,0.016228609,0.97627217
31139,53866,,5,Really wonderful deserves more than five stars,really wonderful deserves more than five star,Really wonderful deserves more than five stars,en,0.9555159211158752,positive,positive,0.6115,positive,0.97081244,0.00603646,0.023151098,0.97081244
31140,53867,,1,It remains bad from the cutting of updates,it remain bad from the cutting of update,It remains bad from the cutting of updates,en,0.914613664150238,negative,negative,-0.6124,negative,0.86657166,0.86657166,0.12499704,0.00843133
31141,53868,,5,Very terrible program,very terrible program,Very terrible program,en,0.9677637219429016,positive,negative,-0.5256,negative,0.9042269,0.9042269,0.081390105,0.014382969
31142,53869,,5,"I recommend using it, it is a very useful application","i recommend use it, it be a very useful application","I recommend using it, it is a very useful application",en,0.872582733631134,positive,positive,0.6901,positive,0.9810477,0.0034766314,0.015475756,0.9810477
31143,53870,,1,The application did not suit me if I did not understand anything,the application do not suit me if i do not understand anything,The application did not suit me if I did not understand anything,en,0.837924063205719,negative,neutral,0.0,negative,0.84853375,0.84853375,0.14053793,0.010928418
31145,53872,,4,The girl who advertise,the girl who advertise,The girl who advertise,en,0.8694888949394226,neutral,neutral,0.0,neutral,0.7975002,0.109936096,0.7975002,0.09256368
31146,53873,,1,Wonderful but needs payment,wonderful but needs payment,Wonderful but needs payment,en,0.969853937625885,negative,positive,0.3291,neutral,0.4436305,0.15833454,0.4436305,0.39803496
31147,53874,,3,"The application is good, but I didn't like it","the application be good, but i do not like it","The application is good, but I didn't like it",en,0.8843117356300354,neutral,negative,-0.1815,negative,0.87964225,0.87964225,0.11063216,0.009725577
31148,53875,,5,Speech education application is great,speech education application be great,Speech education application is great,en,0.908356547355652,positive,positive,0.6249,positive,0.91254765,0.010581245,0.07687111,0.91254765
31149,53876,,1,I recommend this program .. I deserve more than 5 stars,i recommend this program. i deserve more than 5 star,I recommend this program .. I deserve more than 5 stars,en,0.7506977915763855,negative,positive,0.3612,positive,0.9614849,0.004738287,0.03377674,0.9614849
31150,53877,,5,The app is very cool and I recommend it,the app be very cool and i recommend it,The app is very cool and I recommend it,en,0.9488532543182372,positive,positive,0.6549,positive,0.98384225,0.0033590586,0.012798692,0.98384225
31151,53878,,5,A very special application I recommend downloading it ❤️,a very special application i recommend download it ❤,A very special application I recommend downloading it ❤️,en,0.9206380844116212,positive,positive,0.6962,positive,0.9854988,0.0026434062,0.011857854,0.9854988
31152,53879,,3,"Sweet program, but I wish, if not all, money, we are bankrupt, we are bankrupt","sweet program, but i wish, if not all, money, we be bankrupt, we be bankrupt","Sweet program, but I wish, if not all, money, we are bankrupt, we are bankrupt",en,0.5453514456748962,neutral,negative,-0.7391,negative,0.67679393,0.67679393,0.23577952,0.087426506
31153,53880,,5,Very wonderful app :),very wonderful app,Very wonderful app :),en,0.9583733081817628,positive,positive,0.6115,positive,0.96097785,0.011699637,0.027322555,0.96097785
31154,53881,,5,Excellent application I thank those in charge of it,excellent application i thank those in charge of it,Excellent application I thank those in charge of it,en,0.9280311465263368,positive,positive,0.7351,positive,0.9812076,0.0039179474,0.014874398,0.9812076
31155,53882,,5,Wonderful and very useful application,wonderful and very useful application,Wonderful and very useful application,en,0.9268311858177184,positive,positive,0.7841,positive,0.9771542,0.0066721844,0.016173657,0.9771542
31156,53883,,5,"Very cool, thank you all for this.","very cool, thank you all for this.","Very cool, thank you all for this.",en,0.9930095076560974,positive,positive,0.6566,positive,0.98365295,0.0054523014,0.010894707,0.98365295
31157,53884,,3,"Everything is clear, God willing, but why does he not show me the meanings of words","everything be clear, god willing, but why do he not show me the meaning of word","Everything is clear, God willing, but why does he not show me the meanings of words",en,0.8872546553611755,neutral,positive,0.3291,neutral,0.5554502,0.30321702,0.5554502,0.14133276
31158,53885,,5,Very nice I recommend downloading it,very nice i recommend download it,Very nice I recommend downloading it,en,0.947136402130127,positive,positive,0.707,positive,0.9837767,0.0046716216,0.011551634,0.9837767
31159,53886,,4,I want to be the free network of Alweuvay and do not write to me. Pay subscription in dollars,i want to be the free network of alweuvay and do not write to me. pay subscription in dollar,I want to be the free network of Alweuvay and do not write to me. Pay subscription in dollars,en,0.9187584519386292,neutral,positive,0.4939,neutral,0.5595767,0.37295565,0.5595767,0.067467645
31160,53887,,5,Beautiful and useful and develops your skills,beautiful and useful and develop your skill,Beautiful and useful and develops your skills,en,0.8838882446289062,positive,positive,0.7783,positive,0.94440854,0.006776349,0.048815116,0.94440854
31161,53888,,4,"I hope that there is an Arabic language, but a wonderful placement ♥ ️ ♥ ️ ♥ ️","i hope that there be an arabic language, but a wonderful placement ♥ ♥ ♥","I hope that there is an Arabic language, but a wonderful placement ♥ ️ ♥ ️ ♥ ️",en,0.8677344918251038,neutral,positive,0.7906,positive,0.96015507,0.005771816,0.034073077,0.96015507
31162,53889,,1,"I need money, I have previously tried the top of the monument and fraud","i need money, i have previously try the top of the monument and fraud","I need money, I have previously tried the top of the monument and fraud",en,0.9592105746269226,negative,negative,-0.4588,negative,0.78091955,0.78091955,0.20096669,0.018113814
31163,53890,,5,"Beautiful and useful application, thanks","beautiful and useful application, thanks","Beautiful and useful application, thanks",en,0.8691717982292175,positive,positive,0.8658,positive,0.9764298,0.007921314,0.015648887,0.9764298
31164,53891,,1,"This is the application, I can get a lot, I want a necessary solution. I liked the application, but very much","this be the application, i can get a lot, i want a necessary solution. i like the application, but very much","This is the application, I can get a lot, I want a necessary solution. I liked the application, but very much",en,0.9516305923461914,negative,positive,0.3716,positive,0.77180725,0.04131206,0.18688065,0.77180725
31165,53892,,5,Excellent and excellent application,excellent and excellent application,Excellent and excellent application,en,0.91059410572052,positive,positive,0.8126,positive,0.9733386,0.006312662,0.020348698,0.9733386
31166,53893,,5,"Excellent and very, very beautiful","excellent and very, very beautiful","Excellent and very, very beautiful",en,0.9745118021965028,positive,positive,0.847,positive,0.98355305,0.004913628,0.011533308,0.98355305
31167,53894,,5,One of the best applications I recommend,one of the best application i recommend,One of the best applications I recommend,en,0.8427429795265198,positive,positive,0.7717,positive,0.97706807,0.006103418,0.016828565,0.97706807
31168,53895,,4,There is no Arabic language as another language to translate the written?!,there be no arabic language as another language to translate the written? !,There is no Arabic language as another language to translate the written?!,en,0.8132901787757874,neutral,negative,-0.3595,negative,0.5496023,0.5496023,0.43205708,0.018340552
31169,53896,,5,Wonderful Best App for Speaking,wonderful best app for speaking,Wonderful Best App for Speaking,en,0.8570252656936646,positive,positive,0.836,positive,0.9771674,0.005308973,0.017523665,0.9771674
31170,53897,,4,Very good and very fun,very good and very fun,Very good and very fun,en,0.998302698135376,neutral,positive,0.7774,positive,0.9828904,0.004151497,0.012958084,0.9828904
31171,53898,,5,The app is very beautiful and useful,the app be very beautiful and useful,The app is very beautiful and useful,en,0.9260510206222534,positive,positive,0.8104,positive,0.9796338,0.004454167,0.015912052,0.9796338
31172,53899,,5,Beautiful c and very useful,beautiful c and very useful,Beautiful c and very useful,en,0.9459383487701416,positive,positive,0.796,positive,0.97638273,0.007054129,0.016563164,0.97638273
31173,53901,,5,This is the best program I have seen in my life,this be the best program i have see in my life,This is the best program I have seen in my life,en,0.917237401008606,positive,positive,0.6369,positive,0.98561054,0.0037944424,0.010595063,0.98561054
31174,53903,,5,Kalash fun and easy,kalash fun and easy,Kalash fun and easy,en,0.5859377384185791,positive,positive,0.7351,positive,0.7379758,0.012720191,0.24930404,0.7379758
31175,53904,,4,Wonderful and terrible application,wonderful and terrible application,Wonderful and terrible application,en,0.8541780710220337,neutral,neutral,0.1531,negative,0.9348804,0.9348804,0.05406748,0.011052148
31176,53905,,5,A very good application worth five stars,a very good application worth five star,A very good application worth five stars,en,0.964391827583313,positive,positive,0.6549,positive,0.96700937,0.0074059856,0.025584608,0.96700937
31177,53906,,5,Very well and enjoyable,very well and enjoyable,Very well and enjoyable,en,0.9965295195579528,positive,positive,0.6764,positive,0.9703372,0.0062457765,0.023416946,0.9703372
31178,53907,,5,"Frankly, more than wonderful application","frankly, more than wonderful application","Frankly, more than wonderful application",en,0.884121298789978,positive,positive,0.6096,positive,0.96211463,0.010943885,0.026941475,0.96211463
31179,53908,,1,You have to pay until you learn. Thank you,you have to pay until you learn. thank you,You have to pay until you learn. Thank you,en,0.9913499355316162,negative,neutral,0.2732,neutral,0.57819396,0.089320794,0.57819396,0.33248523
31180,53909,,3,Wonderful and effective application,wonderful and effective application,Wonderful and effective application,en,0.9045141339302064,neutral,positive,0.7783,positive,0.97053367,0.006287493,0.023178795,0.97053367
31181,53910,,5,Excellent application I recommend it,excellent application i recommend it,Excellent application I recommend it,en,0.8362302780151367,positive,positive,0.7351,positive,0.981913,0.005512803,0.012574192,0.981913
31182,53911,,5,Very cool I recommend downloading,very cool i recommend download,Very cool I recommend downloading,en,0.9254605770111084,positive,positive,0.6566,positive,0.9815057,0.005438052,0.013056324,0.9815057
31183,53912,,5,"Wonderful, great, massive, beautiful beautiful beautiful","wonderful, great, massive, beautiful beautiful beautiful","Wonderful, great, massive, beautiful beautiful beautiful",en,0.8272606134414673,positive,positive,0.9661,positive,0.9803438,0.00645011,0.013206116,0.9803438
31184,53913,,5,Very nice program,very nice program,Very nice program,en,0.9895678758621216,positive,positive,0.4754,positive,0.95285535,0.011687193,0.03545743,0.95285535
31185,53914,,5,This application is strange. I advise everyone in it,this application be strange. i advise everyone in it,This application is strange. I advise everyone in it,en,0.9026039242744446,positive,negative,-0.2023,negative,0.8105762,0.8105762,0.17901011,0.010413604
31186,53915,,1,"Frankly, a very garbage program","frankly, a very garbage program","Frankly, a very garbage program",en,0.9372538924217224,negative,neutral,0.0,negative,0.9346924,0.9346924,0.05853065,0.0067768674
31187,53917,,1,Not free program has been deleted,not free program have be delete,Not free program has been deleted,en,0.9899590015411376,negative,negative,-0.4023,negative,0.7121176,0.7121176,0.2725387,0.015343691
31188,53919,,5,Fun and useful,fun and useful,Fun and useful,en,0.5880615711212158,positive,positive,0.7351,positive,0.9252497,0.00984616,0.06490409,0.9252497
31189,53920,,5,The app is very excellent,the app be very excellent,The app is very excellent,en,0.9633825421333312,positive,positive,0.6115,positive,0.9735507,0.004629344,0.021820046,0.9735507
31190,53921,,4,Very cool and useful,very cool and useful,Very cool and useful,en,0.9650757312774658,neutral,positive,0.6962,positive,0.9701933,0.0074080224,0.02239859,0.9701933
31191,53922,,5,Wonderful thanks .. I wished that I had downloaded it before ...,wonderful thanks. i wish that i have download it before.,Wonderful thanks .. I wished that I had downloaded it before ...,en,0.8887453079223633,positive,positive,0.8519,positive,0.98048246,0.0034251793,0.016092375,0.98048246
31192,53923,,5,Very very cool and I recommend it,very very cool and i recommend it,Very very cool and I recommend it,en,0.9909648895263672,positive,positive,0.6844,positive,0.98595536,0.0038088746,0.010235705,0.98595536
31193,53924,,5,Excellent and more wonderful,excellent and more wonderful,Excellent and more wonderful,en,0.866958737373352,positive,positive,0.8268,positive,0.9824196,0.0042279214,0.013352454,0.9824196
31194,53925,,5,Good app to improve speech,good app to improve speech,Good app to improve speech,en,0.939307451248169,positive,positive,0.7003,positive,0.87298846,0.011687691,0.11532386,0.87298846
31195,53926,,5,A great application I recommend so much,a great application i recommend so much,A great application I recommend so much,en,0.92448490858078,positive,positive,0.765,positive,0.9797864,0.0082028285,0.012010709,0.9797864
31196,53928,,5,It is really cool ... Thank you,it be really cool. thank you,It is really cool ... Thank you,en,0.9657732844352722,positive,positive,0.6566,positive,0.9724419,0.005105862,0.022452218,0.9724419
31197,53931,,1,Good application to learn to read,good application to learn to read,Good application to learn to read,en,0.9757800102233888,negative,positive,0.4404,positive,0.76517785,0.014701796,0.22012037,0.76517785
31198,53932,,5,Excellent and more than wonderful,excellent and more than wonderful,Excellent and more than wonderful,en,0.9317790269851683,positive,positive,0.8261,positive,0.98210734,0.00494072,0.01295194,0.98210734
31199,53933,,1,"Wonderful, but dear application ... there is no money, sweetness","wonderful, but dear application. there be no money, sweetness","Wonderful, but dear application ... there is no money, sweetness",en,0.8407559394836426,negative,positive,0.8047,positive,0.66322535,0.04740457,0.2893701,0.66322535
31200,53934,,2,This application is very cool very very,this application be very cool very very,This application is very cool very very,en,0.9930323362350464,negative,positive,0.3804,positive,0.98159504,0.0048844856,0.0135204615,0.98159504
31201,53935,,5,The program is very immoral,the program be very immoral,The program is very immoral,en,0.9330350756645204,positive,negative,-0.5095,negative,0.8911492,0.8911492,0.098763645,0.010087056
31202,53936,,5,Excellent and very wonderful,excellent and very wonderful,Excellent and very wonderful,en,0.965421974658966,positive,positive,0.8268,positive,0.9805762,0.005661668,0.01376208,0.9805762
31203,53938,,3,Excellent and I can improve in it,excellent and i can improve in it,Excellent and I can improve in it,en,0.9377220869064332,neutral,positive,0.765,positive,0.9702966,0.0044799508,0.025223484,0.9702966
31204,53939,,5,Organized and enjoyable,organize and enjoyable,Organized and enjoyable,en,0.9207974672317504,positive,positive,0.4404,neutral,0.3807179,0.02313505,0.3807179,0.59614706
31205,53942,,4,It is in the experience and it looks very good,it be in the experience and it look very good,It is in the experience and it looks very good,en,0.9817360639572144,neutral,positive,0.4927,positive,0.94587034,0.00475501,0.04937468,0.94587034
31206,53943,,5,"Very excellent, thank you","very excellent, thank you","Very excellent, thank you",en,0.960795283317566,positive,positive,0.7764,positive,0.97928625,0.0066715763,0.01404217,0.97928625
31207,53944,,1,A very very bad application and I do not recommend using this disgusting application,a very very bad application and i do not recommend use this disgusting application,A very very bad application and I do not recommend using this disgusting application,en,0.9499537348747252,negative,negative,-0.8618,negative,0.95123935,0.95123935,0.041204136,0.0075564887
31208,53945,,5,Beautiful and useful,beautiful and useful,Beautiful and useful,en,0.7614416480064392,positive,positive,0.7783,positive,0.95673025,0.010660923,0.032608774,0.95673025
31209,53947,,5,The best application I recommend downloading it,the best application i recommend download it,The best application I recommend downloading it,en,0.7840136885643005,positive,positive,0.7717,positive,0.9856523,0.0041860566,0.010161666,0.9856523
31210,53948,,5,"God is very excellent, may God grant success to the brothers who are based on the matter","god be very excellent, may god grant success to the brother who be base on the matter","God is very excellent, may God grant success to the brothers who are based on the matter",en,0.901791512966156,positive,positive,0.9259,positive,0.96766436,0.0054524485,0.026883187,0.96766436
31211,53950,,5,Very very beautiful,very very beautiful,Very very beautiful,en,0.9968562126159668,positive,positive,0.6674,positive,0.94923717,0.01560368,0.0351592,0.94923717
31212,53951,,5,"Very, very, very wonderful","very, very, very wonderful","Very, very, very wonderful",en,0.9710646867752076,positive,positive,0.6741,positive,0.9750015,0.007643727,0.01735469,0.9750015
31213,53952,,5,A summit need in beauty,a summit need in beauty,A summit need in beauty,en,0.9262361526489258,positive,positive,0.5859,neutral,0.5413648,0.05515101,0.5413648,0.40348423
31214,53953,,5,Sweet to learn in the programs,sweet to learn in the program,Sweet to learn in the programs,en,0.9408360123634338,positive,positive,0.4588,positive,0.9572084,0.0054587857,0.03733276,0.9572084
31215,53954,,5,Wonderful and excellent application,wonderful and excellent application,Wonderful and excellent application,en,0.877312958240509,positive,positive,0.8126,positive,0.9752422,0.007924172,0.016833648,0.9752422
31216,53955,,4,Wonderful and very useful,wonderful and very useful,Wonderful and very useful,en,0.9258728623390198,neutral,positive,0.7841,positive,0.97478515,0.006643591,0.018571327,0.97478515
31217,53956,,5,With the people Very beautiful,with the people very beautiful,With the people || Very beautiful,en,0.9922986030578612,positive,positive,0.6361,positive,0.9664225,0.0070537203,0.026523825,0.9664225
31218,53957,,5,A very excellent experience and I am in the beginning,a very excellent experience and i be in the beginning,A very excellent experience and I am in the beginning,en,0.9457274079322816,positive,positive,0.6115,positive,0.9866022,0.0037260528,0.009671699,0.9866022
31219,53958,,4,It would be great if it was free,it would be great if it be free,It would be great if it was free,en,0.9350051879882812,neutral,positive,0.8126,positive,0.926862,0.008777369,0.06436063,0.926862
31220,53959,,1,It is very very beautiful 👍,it be very very beautiful 👍,It is very very beautiful 👍,en,0.9876720309257508,negative,positive,0.6674,positive,0.97916037,0.0047036796,0.016135905,0.97916037
31221,53960,,5,Thanks for the efforts made,thanks for the effort make,Thanks for the efforts made,en,0.9605273604393004,positive,positive,0.4404,positive,0.8922241,0.007025871,0.100749984,0.8922241
31222,53961,,5,Wonderful and useful apply,wonderful and useful apply,Wonderful and useful apply,en,0.5243818759918213,positive,positive,0.765,positive,0.964817,0.00909952,0.026083497,0.964817
31223,53962,,5,Wonderful and very beautiful,wonderful and very beautiful,Wonderful and very beautiful,en,0.951744794845581,positive,positive,0.8357,positive,0.9722453,0.008694938,0.019059816,0.9722453
31224,53963,,5,Wonderful problem limited time,wonderful problem limit time,Wonderful problem limited time,en,0.6821966767311096,positive,neutral,0.25,neutral,0.50829506,0.22700131,0.50829506,0.26470363
31225,53964,,5,Excellent well -beneficial,excellent well -beneficial,Excellent well -beneficial,en,0.9205633401870728,positive,positive,0.8271,positive,0.9474017,0.010195426,0.04240293,0.9474017
31226,53965,,5,Very very very excellent,very very very excellent,Very very very excellent,en,0.999244511127472,positive,positive,0.6741,positive,0.96359766,0.01007286,0.026329534,0.96359766
31227,53966,,3,We do not know a translation in Arabic that we learn,we do not know a translation in arabic that we learn,We do not know a translation in Arabic that we learn,en,0.9463919401168824,neutral,neutral,0.0,neutral,0.60206884,0.3710814,0.60206884,0.026849756
31228,53967,,1,All program is paid,all program be pay,All program is paid,en,0.8857057094573975,negative,neutral,-0.1027,neutral,0.6629642,0.11636261,0.6629642,0.22067317
31229,53968,,5,One of the best applications I worked with,one of the best application i work with,One of the best applications I worked with,en,0.941975235939026,positive,positive,0.6369,positive,0.9769866,0.0055275965,0.017485784,0.9769866
31230,53969,,4,"Only if you were free, I gave him 5 stars","only if you be free, i give him 5 star","Only if you were free, I gave him 5 stars",en,0.92090505361557,neutral,positive,0.5106,neutral,0.54874116,0.022938536,0.54874116,0.42832032
31231,53970,,3,It requires a lot of semen,it require a lot of semen,It requires a lot of semen,en,0.8163395524024963,neutral,neutral,0.0,negative,0.49499014,0.49499014,0.46222815,0.042781666
31232,53971,,5,I finish a very great program,i finish a very great program,I finish a very great program,en,0.9505577087402344,positive,positive,0.659,positive,0.97762066,0.003724605,0.018654685,0.97762066
31233,53972,,5,The most beautiful application in the world. I advise everyone to participate in it,the most beautiful application in the world. i advise everyone to participate in it,The most beautiful application in the world. I advise everyone to participate in it,en,0.9586675763130188,positive,positive,0.6361,positive,0.9890716,0.0033133314,0.007615036,0.9890716
31234,53973,,5,Good and wonderful application 😍 😍,good and wonderful application 😍 😍,Good and wonderful application 😍😍,en,0.9161777496337892,positive,positive,0.765,positive,0.9850026,0.004328557,0.010668858,0.9850026
31235,53974,,5,Useful and helps to speak,useful and help to speak,Useful and helps to speak,en,0.9813624024391174,positive,positive,0.6808,neutral,0.74932003,0.04873829,0.74932003,0.2019417
31236,53975,,2,"Khayes, after I got up, how many conversations came back to the start of the zero point, meaning a start from the beginning","khayes, after i get up, how many conversation come back to the start of the zero point, mean a start from the beginning","Khayes, after I got up, how many conversations came back to the start of the zero point, meaning a start from the beginning",en,0.942197322845459,negative,neutral,0.0,neutral,0.8807086,0.047630545,0.8807086,0.07166092
31237,53976,,1,Not very free very expensive,not very free very expensive,Not very free very expensive,en,0.9940060377120972,negative,negative,-0.4439,negative,0.8651353,0.8651353,0.12448375,0.01038098
31238,53977,,3,There is a better application than it is Cake,there be a good application than it be cake,There is a better application than it is Cake,en,0.9416487812995912,neutral,positive,0.4404,positive,0.6885396,0.053165656,0.25829473,0.6885396
31239,53978,,5,You can benefit from it excellent,you can benefit from it excellent,You can benefit from it excellent,en,0.9604443907737732,positive,positive,0.7717,positive,0.9656921,0.0052196328,0.029088316,0.9656921
31240,53979,,5,Wonderful and useful,wonderful and useful,Wonderful and useful,en,0.6240383386611938,positive,positive,0.765,positive,0.9687164,0.0075110095,0.023772616,0.9687164
31241,53980,,4,Learn English with mastery,learn english with mastery,Learn English with mastery,en,0.9559303522109984,neutral,neutral,0.0,neutral,0.63870925,0.020546319,0.63870925,0.34074438
31242,53981,,5,The best is very excellent application,the best be very excellent application,The best is very excellent application,en,0.9185454845428468,positive,positive,0.8479,positive,0.9655956,0.008339901,0.026064431,0.9655956
31243,53982,,5,I liked a wonderful application I advise you,i like a wonderful application i advise you,I liked a wonderful application I advise you,en,0.8914827108383179,positive,positive,0.7351,positive,0.98011816,0.0053492705,0.014532528,0.98011816
31244,53983,,5,"Very cool, thank you","very cool, thank you","Very cool, thank you",en,0.9937785267829896,positive,positive,0.6566,positive,0.97787845,0.006248069,0.015873495,0.97787845
31245,53984,,5,Why is there no update for the program,why be there no update for the program,Why is there no update for the program,en,0.7791544795036316,positive,negative,-0.296,negative,0.64852107,0.64852107,0.3409795,0.01049945
31246,53985,,1,"The application is not free, why didn't you know this before downloading it ??? !!!","the application be not free, why do not you know this before download it? !","The application is not free, why didn't you know this before downloading it ??? !!!",en,0.9139354825019836,negative,negative,-0.4577,negative,0.78982705,0.78982705,0.2019667,0.008206216
31247,53986,,5,The first time I used it ... but it appears to be good,the first time i use it. but it appear to be good,The first time I used it ... but it appears to be good,en,0.9482093453407288,positive,positive,0.5927,positive,0.90731806,0.005643442,0.08703856,0.90731806
31248,53987,,5,Very nice sweet with grass .....,very nice sweet with grass.,Very nice sweet with grass .....,en,0.9866076111793518,positive,positive,0.7485,positive,0.9713111,0.00530465,0.02338418,0.9713111
31249,53988,,5,Wonderful application I recommend downloading,wonderful application i recommend download,Wonderful application I recommend downloading,en,0.7694738507270813,positive,positive,0.7351,positive,0.97875136,0.0067089526,0.014539636,0.97875136
31250,53989,,5,A very wonderful application,a very wonderful application,A very wonderful application,en,0.9429728388786316,positive,positive,0.6115,positive,0.9683765,0.010820909,0.020802636,0.9683765
31251,53990,,5,Very cool I liked it,very cool i like it,Very cool I liked it,en,0.9846449494361876,positive,positive,0.6566,positive,0.9757603,0.00547883,0.018760934,0.9757603
31252,53991,,5,"Frankly, a wonderful program","frankly, a wonderful program","Frankly, a wonderful program",en,0.7272133827209473,positive,positive,0.5719,positive,0.9714271,0.006977688,0.021595268,0.9714271
31253,53992,,5,Sweet and useful 🌚 🙂,sweet and useful 🌚 🙂,Sweet and useful 🌚🙂,en,0.5449255704879761,positive,positive,0.7096,positive,0.9667028,0.006799528,0.026497623,0.9667028
31254,53993,,1,Paid program only,pay program only,Paid program only,en,0.9510802030563354,negative,neutral,-0.1027,neutral,0.83734536,0.054463025,0.83734536,0.10819156
31255,53994,,5,"By God, thanks from the heart, thank you the best application","by god, thanks from the heart, thank you the best application","By God, thanks from the heart, thank you the best application",en,0.9440657496452332,positive,positive,0.8934,positive,0.97894555,0.0058922945,0.015162139,0.97894555
31256,53995,,3,Nice program and deserves to be downloaded,nice program and deserve to be download,Nice program and deserves to be downloaded,en,0.9248482584953308,neutral,positive,0.4215,positive,0.95954764,0.008156975,0.03229545,0.95954764
31257,53996,,5,"Very good, God bless you","very good, god bless you","Very good, God bless you",en,0.9453839063644408,positive,positive,0.8241,positive,0.9796443,0.007199775,0.013155866,0.9796443
31258,53997,,5,Good application I recommend trying it,good application i recommend try it,Good application I recommend trying it,en,0.8879720568656921,positive,positive,0.6597,positive,0.9732367,0.005691915,0.021071434,0.9732367
31259,53998,,3,"Very nice, I recommend everyone","very nice, i recommend everyone","Very nice, I recommend everyone",en,0.9679575562477112,neutral,positive,0.707,positive,0.9804812,0.0070624202,0.012456424,0.9804812
31260,53999,,4,"The application is very very much, I recommend it 👍 👍 👍 👍","the application be very very much, i recommend it 👍 👍 👍 👍","The application is very very much, I recommend it 👍👍👍👍",en,0.922188937664032,neutral,positive,0.4664,positive,0.9823736,0.0038421315,0.013784222,0.9823736
31261,54000,,5,Very excellent I recommend it,very excellent i recommend it,Very excellent I recommend it,en,0.9553531408309937,positive,positive,0.7764,positive,0.9781728,0.007476087,0.014351151,0.9781728
31262,54001,,5,Beautiful five stars deserves,beautiful five star deserves,Beautiful five stars deserves,en,0.8331046104431152,positive,positive,0.5994,positive,0.9667098,0.0058421083,0.027448086,0.9667098
31263,54002,,4,Sweet but not free,sweet but not free,Sweet but not free,en,0.6215760707855225,neutral,negative,-0.3722,neutral,0.4918951,0.34387404,0.4918951,0.16423085
31264,54003,,5,An excellent and sweet application,an excellent and sweet application,An excellent and sweet application,en,0.8740385174751282,positive,positive,0.7717,positive,0.965919,0.0093585625,0.024722349,0.965919
31265,54004,,1,Does it work with the Internet or by subscription?,do it work with the internet or by subscription?,Does it work with the Internet or by subscription?,en,0.936233639717102,negative,neutral,0.0,neutral,0.9319592,0.017737005,0.9319592,0.050303712
31266,54005,,5,Very cool and you have to be for everyone,very cool and you have to be for everyone,Very cool and you have to be for everyone,en,0.9957393407821656,positive,positive,0.3804,positive,0.96421134,0.006566383,0.029222287,0.96421134
31267,54006,,5,Jadan in learning,jadan in learn,Jadan in learning,en,0.9076727628707886,positive,neutral,0.0,neutral,0.84768754,0.03877973,0.84768754,0.11353277
31268,54007,,5,It seems wonderful,it seem wonderful,It seems wonderful,en,0.977997660636902,positive,positive,0.5719,positive,0.9565364,0.010586503,0.032877058,0.9565364
31269,54008,,5,"A great application ... but if it is free, it will be the greatest application","a great application. but if it be free, it will be the great application","A great application ... but if it is free, it will be the greatest application",en,0.8444787263870239,positive,positive,0.928,positive,0.97032535,0.004696287,0.024978427,0.97032535
31271,54010,,1,"Unfortunately, I did not see it because it is not free","unfortunately, i do not see it because it be not free","Unfortunately, I did not see it because it is not free",en,0.7961552739143372,negative,negative,-0.6251,negative,0.8426181,0.8426181,0.14482446,0.012557367
31272,54011,,5,It is delicious and eats the spoon,it be delicious and eat the spoon,It is delicious and eats the spoon,en,0.9132108688354492,positive,positive,0.5719,positive,0.9244554,0.010691488,0.06485311,0.9244554
31273,54012,,5,Very excellent program,very excellent program,Very excellent program,en,0.976574182510376,positive,positive,0.6115,positive,0.96118414,0.009301965,0.029513834,0.96118414
31274,54013,,5,"Under the experience, God willing, it will be sweet and benefited from growth","under the experience, god willing, it will be sweet and benefit from growth","Under the experience, God willing, it will be sweet and benefited from growth",en,0.8967432975769043,positive,positive,0.8658,positive,0.95394987,0.0045142584,0.041535813,0.95394987
31275,54014,,5,Very very excellent,very very excellent,Very very excellent,en,0.9979920387268066,positive,positive,0.6453,positive,0.9589429,0.0104570445,0.030600084,0.9589429
31276,54015,,4,I feel that it is a mistake 😂,i feel that it be a mistake 😂,I feel that it is a mistake 😂,en,0.9114128351211548,neutral,negative,-0.34,negative,0.6174952,0.6174952,0.35823646,0.024268348
31277,54016,,5,It is a great and enjoyable experience,it be a great and enjoyable experience,It is a great and enjoyable experience,en,0.8947016596794128,positive,positive,0.7906,positive,0.97325057,0.0040882593,0.022661254,0.97325057
31278,54017,,5,"Appactive, and I advise you to try it","appactive, and i advise you to try it","Appactive, and I advise you to try it",en,0.9829180836677552,positive,neutral,0.0,neutral,0.3897354,0.010084253,0.3897354,0.6001803
31279,54018,,2,"Frankly, I want to pronounce it, he says it is not possible to get out of it, please make a problem","frankly, i want to pronounce it, he say it be not possible to get out of it, please make a problem","Frankly, I want to pronounce it, he says it is not possible to get out of it, please make a problem",en,0.9460769295692444,negative,neutral,-0.0258,negative,0.803208,0.803208,0.1839226,0.0128693115
31280,54019,,1,Who cannot pay the money does not prove.,who cannot pay the money do not prove.,Who cannot pay the money does not prove.,en,0.9306192994117736,negative,neutral,0.0762,negative,0.6052337,0.6052337,0.3735179,0.021248402
31281,54020,,5,Wonderful and excellent app ❤️,wonderful and excellent app ❤,Wonderful and excellent app ❤️,en,0.862035870552063,positive,positive,0.8126,positive,0.9805501,0.0062359,0.013213972,0.9805501
31282,54021,,5,Sweetly sweet 😍 😍 😍 😍,sweetly sweet 😍 😍 😍 😍,Sweetly sweet 😍😍😍😍,en,0.9325851798057556,positive,positive,0.7269,positive,0.98357207,0.004222398,0.01220553,0.98357207
31283,54022,,5,A very excellent application,a very excellent application,A very excellent application,en,0.9677485823631288,positive,positive,0.6115,positive,0.96732336,0.008759723,0.023916846,0.96732336
31284,54024,,5,"I want to check on the program, but I like me","i want to check on the program, but i like me","I want to check on the program, but I like me",en,0.946681797504425,positive,positive,0.5267,neutral,0.41936094,0.027915249,0.41936094,0.5527238
31285,54025,,5,This is a very nice application for the one,this be a very nice application for the one,This is a very nice application for the one,en,0.9544748663902284,positive,positive,0.4754,positive,0.96475786,0.004651567,0.030590562,0.96475786
31286,54026,,5,"Very beautiful, he deserves 5,000,000 ⭐","very beautiful, he deserve 5, 000, 000 ⭐","Very beautiful, he deserves 5,000,000 ⭐",en,0.8586270213127136,positive,positive,0.6361,positive,0.9819756,0.004546751,0.013477606,0.9819756
31287,54027,,1,It is not worth even this star,it be not worth even this star,It is not worth even this star,en,0.8925169706344604,negative,negative,-0.1695,negative,0.828719,0.828719,0.15271844,0.018562574
31288,54028,,1,There is no benefit to a mother who deserves less than a star,there be no benefit to a mother who deserve less than a star,There is no benefit to a mother who deserves less than a star,en,0.941217005252838,negative,neutral,0.2023,negative,0.9044179,0.9044179,0.087789945,0.007792139
31289,54029,,5,I deserve more than five stars because it is excellent,i deserve more than five star because it be excellent,I deserve more than five stars because it is excellent,en,0.8993096351623535,positive,positive,0.5719,positive,0.90983224,0.012882793,0.07728498,0.90983224
31290,54030,,5,A very wonderful dish that teaches you English,a very wonderful dish that teach you english,A very wonderful dish that teaches you English,en,0.9710633158683776,positive,positive,0.6115,positive,0.98148566,0.0025284835,0.015985813,0.98148566
31291,54031,,2,He requests to pay constantly,he request to pay constantly,He requests to pay constantly,en,0.9946438074111938,negative,neutral,-0.1027,neutral,0.734631,0.19045208,0.734631,0.07491696
31292,54032,,5,"Wow, I like this, they hand over this beautiful program","wow, i like this, they hand over this beautiful program","Wow, I like this, they hand over this beautiful program",en,0.8994765877723694,positive,positive,0.9246,positive,0.98244864,0.004251804,0.013299616,0.98244864
31293,54035,,5,"Very beautiful, by God, I loved very","very beautiful, by god, i love very","Very beautiful, by God, I loved very",en,0.9908319115638732,positive,positive,0.8947,positive,0.9817685,0.00766452,0.010567036,0.9817685
31294,54036,,5,Beautiful and develop your English language,beautiful and develop your english language,Beautiful and develop your English language,en,0.8653797507286072,positive,positive,0.5994,positive,0.9654117,0.0061850604,0.028403237,0.9654117
31295,54037,,5,A need over the excellent,a need over the excellent,A need over the excellent,en,0.9101009964942932,positive,positive,0.5719,neutral,0.5723649,0.1948893,0.5723649,0.23274572
31296,54038,,1,I don’t know the application did not help me,i do not t know the application do not help me,I don’t know the application did not help me,en,0.7951557636260986,negative,negative,-0.3089,negative,0.86472774,0.86472774,0.12570566,0.009566601
31297,54039,,5,"Unfortunately, a very sweet program","unfortunately, a very sweet program","Unfortunately, a very sweet program",en,0.95396888256073,positive,neutral,0.2247,negative,0.7339708,0.7339708,0.21060209,0.055427156
31298,54040,,5,One of the best learning applications,one of the best learning application,One of the best learning applications,en,0.8955856561660767,positive,positive,0.6369,positive,0.97015196,0.004644702,0.0252033,0.97015196
31299,54041,,5,"An application above the greatness, may God bless you ... well ...","an application above the greatness, may god bless you. well.","An application above the greatness, may God bless you ... well ...",en,0.9447147846221924,positive,positive,0.7184,positive,0.963469,0.004434259,0.032096673,0.963469
31300,54042,,5,A wonderful application I advise everyone to try it,a wonderful application i advise everyone to try it,A wonderful application I advise everyone to try it,en,0.9422403573989868,positive,positive,0.5719,positive,0.9870624,0.0041329637,0.008804658,0.9870624
31301,54043,,1,"The application of Mo is frankly, because I do not enter me.","the application of mo be frankly, because i do not enter me.","The application of Mo is frankly, because I do not enter me.",en,0.8593363165855408,negative,neutral,0.0,negative,0.45139313,0.45139313,0.5208263,0.027780624
31302,54044,,5,"Very sweet, but under the experience","very sweet, but under the experience","Very sweet, but under the experience",en,0.9874203205108644,positive,neutral,0.2838,positive,0.90144485,0.021482306,0.07707283,0.90144485
31303,54045,,1,If you knew that I would not have been free,if you know that i would not have be free,If you knew that I would not have been free,en,0.9929164052009584,negative,negative,-0.4023,negative,0.5594772,0.5594772,0.40823498,0.032287795
31304,54046,,1,I do not recommend it not free,i do not recommend it not free,I do not recommend it not free,en,0.6335108876228333,negative,negative,-0.5875,negative,0.90913594,0.90913594,0.080815464,0.010048615
31305,54047,,1,It is very beautiful 🥹 ✨ 😶‍ 🌫️,it be very beautiful 🥹 ✨ 😶 🌫,It is very beautiful 🥹✨😶‍🌫️,en,0.9169682264328004,negative,positive,0.6361,positive,0.9808945,0.0032655676,0.015839957,0.9808945
31306,54048,,5,The best program that you do not understand. 😹 😹 😹 🙈 ❤ ❤ 🙂,the best program that you do not understand. 😹 😹 😹 🙈 ❤ ❤ 🙂,The best program that you do not understand. 😹😹😹🙈❤❤🙂,en,0.8750735521316528,positive,positive,0.6369,positive,0.85069627,0.028408917,0.120894834,0.85069627
31307,54049,,5,Very very cool app,very very cool app,Very very cool app,en,0.9983857870101928,positive,positive,0.4351,positive,0.97216314,0.0070005218,0.020836312,0.97216314
31308,54050,,5,"Excellent for education, my grandfather is not a game","excellent for education, my grandfather be not a game","Excellent for education, my grandfather is not a game",en,0.9506134390830994,positive,positive,0.5719,positive,0.8534271,0.025452178,0.12112077,0.8534271
31309,54051,,5,Nice application I recommend using Elsa Speak,nice application i recommend use elsa speak,Nice application I recommend using Elsa Speak,en,0.8565070033073425,positive,positive,0.6486,positive,0.96755064,0.0054896795,0.02695962,0.96755064
31310,54052,,5,More than wonderful application I loved,more than wonderful application i love,More than wonderful application I loved,en,0.8066450953483582,positive,positive,0.8473,positive,0.9782768,0.007260596,0.014462613,0.9782768
31311,54053,,5,Terrible,terrible,Terrible,en,0.6115961074829102,positive,negative,-0.4767,negative,0.74431324,0.74431324,0.20011853,0.055568215
31312,54054,,1,This application is bad and I do not like and is Chinese 🤬,this application be bad and i do not like and be chinese 🤬,This application is bad and I do not like and is Chinese 🤬,en,0.8761060833930969,negative,negative,-0.6818,negative,0.9565254,0.9565254,0.037489366,0.005985215
31313,54055,,5,"A lot of sweet application, and you will not receive Zio, but it is not free to be with your knowledge 🌚 👌","a lot of sweet application, and you will not receive zio, but it be not free to be with your knowledge 🌚 👌","A lot of sweet application, and you will not receive Zio, but it is not free to be with your knowledge 🌚👌",en,0.9451851844787598,positive,negative,-0.3722,neutral,0.5346383,0.2050949,0.5346383,0.26026678
31314,54056,,5,I found it the best application ever,i find it the best application ever,I found it the best application ever,en,0.8374984860420227,positive,positive,0.6369,positive,0.978682,0.0063109132,0.015007129,0.978682
31315,54057,,5,"Its value is five, because it did not know what and what you got off","it be value be five, because it do not know what and what you get off","Its value is five, because it did not know what and what you got off",en,0.9171620011329652,positive,positive,0.34,negative,0.45490137,0.45490137,0.49531394,0.049784757
31316,54058,,4,"Very useful, but with money 🙁","very useful, but with money 🙁","Very useful, but with money 🙁",en,0.991426169872284,neutral,neutral,0.2724,negative,0.5206375,0.5206375,0.3732728,0.106089674
31317,54059,,1,"Paid if you are poor, do not come down ❤️","pay if you be poor, do not come down ❤","Paid if you are poor, do not come down ❤️",en,0.6633099317550659,negative,negative,-0.5423,neutral,0.5593524,0.16623574,0.5593524,0.27441177
31318,54060,,5,Wonderful five stars deserves,wonderful five star deserves,Wonderful five stars deserves,en,0.754867672920227,positive,positive,0.5719,positive,0.8995773,0.0050653894,0.09535726,0.8995773
31319,54061,,5,Qara at an institute asked by a professor,qara at an institute ask by a professor,Qara at an institute asked by a professor,en,0.9435478448867798,positive,neutral,0.0,neutral,0.91320324,0.04493291,0.91320324,0.041863915
31320,54062,,4,"Melih is the right of his uncle, as you saw him in their dirhams","melih be the right of his uncle, as you saw him in their dirham","Melih is the right of his uncle, as you saw him in their dirhams",en,0.999296486377716,neutral,neutral,0.0,neutral,0.7896111,0.018670969,0.7896111,0.19171794
31321,54063,,5,The best English learning program after Dollingo,the best english learning program after dollingo,The best English learning program after Dollingo,en,0.8280537724494934,positive,positive,0.6369,positive,0.914837,0.008052392,0.077110596,0.914837
31322,54064,,5,"Interacting, I don’t want you to add","interacting, i do not t want you to add","Interacting, I don’t want you to add",en,0.8753293752670288,positive,neutral,-0.0572,negative,0.73663986,0.73663986,0.24646387,0.016896268
31323,54065,,5,"Really wonderful, God reward you","really wonderful, god reward you","Really wonderful, God reward you",en,0.9397320747375488,positive,positive,0.8843,positive,0.97679716,0.00844162,0.014761241,0.97679716
31324,54066,,5,Sweet and help to understand,sweet and help to understand,Sweet and help to understand,en,0.9723392724990844,positive,positive,0.6908,positive,0.7616155,0.02207989,0.21630457,0.7616155
31325,54067,,5,Useful to invest time,useful to invest time,Useful to invest time,en,0.7866050004959106,positive,positive,0.4404,negative,0.5149348,0.5149348,0.4445532,0.04051209
31326,54068,,5,Wonderful program that teaches you to speak with his confidence,wonderful program that teach you to speak with his confidence,Wonderful program that teaches you to speak with his confidence,en,0.9954607486724854,positive,positive,0.7906,positive,0.94439876,0.00380221,0.051798977,0.94439876
31327,54069,,3,"A very sweet program, but it is not free of charge, it is the most important thing in it","a very sweet program, but it be not free of charge, it be the most important thing in it","A very sweet program, but it is not free of charge, it is the most important thing in it",en,0.910109519958496,neutral,neutral,0.0601,positive,0.9428589,0.0124522075,0.044688858,0.9428589
31328,54070,,5,"If in ten stars, I would have put them all","if in ten stars, i would have put them all","If in ten stars, I would have put them all",en,0.995989978313446,positive,neutral,0.0,neutral,0.74479204,0.04858654,0.74479204,0.20662142
31329,54071,,1,"I am still trying, and I am screened by any bye","i be still trying, and i be screen by any bye","I am still trying, and I am screened by any bye",en,0.9779857993125916,negative,neutral,0.0,neutral,0.5421455,0.18083969,0.5421455,0.2770148
31330,54072,,5,Wonderful to the degree of incredible,wonderful to the degree of incredible,Wonderful to the degree of incredible,en,0.8882958292961121,positive,positive,0.5719,positive,0.9374856,0.014400403,0.048114005,0.9374856
31331,54073,,5,Sweet and useful,sweet and useful,Sweet and useful,en,0.5931865572929382,positive,positive,0.7096,positive,0.9240189,0.01691292,0.05906813,0.9240189
31332,54074,,5,I am in the fourth grade. The application taught me English,i be in the fourth grade. the application teach me english,I am in the fourth grade. The application taught me English,en,0.8429058194160461,positive,neutral,0.0,neutral,0.7263058,0.12759365,0.7263058,0.14610061
31333,54075,,5,He teaches me English,he teach me english,He teaches me English,en,0.919098973274231,positive,neutral,0.0,neutral,0.7153724,0.03297248,0.7153724,0.2516552
31334,54077,,3,"Everything is good if I have money, how do I do ?? Do something a little is free","everything be good if i have money, how do i do? do something a little be free","Everything is good if I have money, how do I do ?? Do something a little is free",en,0.6788752675056458,neutral,positive,0.7115,positive,0.6634236,0.03586326,0.30071318,0.6634236
31335,54078,,5,Seriously a lot of sweet and developed from your language,seriously a lot of sweet and develop from your language,Seriously a lot of sweet and developed from your language,en,0.973894476890564,positive,positive,0.3182,positive,0.79336184,0.020474683,0.1861635,0.79336184
31336,54079,,1,Do not forget it,do not forget it,Do not forget it,en,0.7632867097854614,negative,neutral,0.1695,neutral,0.5166499,0.06912731,0.5166499,0.41422278
31337,54080,,5,Easy and simple,easy and simple,Easy and simple,en,0.5976730585098267,positive,positive,0.4404,positive,0.6687898,0.055043407,0.27616683,0.6687898
31338,54081,,5,"Wonderful, I advise you to download it","wonderful, i advise you to download it","Wonderful, I advise you to download it",en,0.9354557394981384,positive,positive,0.5719,positive,0.97774,0.0025872355,0.019672781,0.97774
31340,54083,,5,A proper pronunciation program,a proper pronunciation program,A proper pronunciation program,en,0.618561327457428,positive,neutral,0.0,neutral,0.75580597,0.08123955,0.75580597,0.1629545
31341,54084,,4,"Very sweet application, but I wish I had in my book training","very sweet application, but i wish i have in my book training","Very sweet application, but I wish I had in my book training",en,0.9802824854850768,neutral,positive,0.6904,positive,0.9504459,0.0115354685,0.038018674,0.9504459
31342,54085,,1,"Why is it not sweet, God suffices me and yes, the agent","why be it not sweet, god suffices me and yes, the agent","Why is it not sweet, God suffices me and yes, the agent",en,0.8453810811042786,negative,negative,-0.1516,positive,0.6545398,0.088560924,0.25689924,0.6545398
31343,54086,,1,"Kazzab, any word that tells it right, even if it is wrong","kazzab, any word that tell it right, even if it be wrong","Kazzab, any word that tells it right, even if it is wrong",en,0.9080546498298644,negative,negative,-0.4767,neutral,0.7132,0.14975329,0.7132,0.13704672
31344,54087,,5,Seriously this application once sweet 😜 ♥,seriously this application once sweet 😜 ♥,Seriously this application once sweet😜 ♥,en,0.9073023200035096,positive,positive,0.3182,positive,0.9608725,0.0080433525,0.031084117,0.9608725
31345,54088,,5,The most beautiful application of my lips in my life I advise everyone to carry it,the most beautiful application of my lip in my life i advise everyone to carry it,The most beautiful application of my lips in my life I advise everyone to carry it,en,0.9278202652931212,positive,positive,0.6361,positive,0.97516835,0.007911831,0.016919749,0.97516835
31346,54089,,5,"It is not just a program, but this is Mister, I will teach you","it be not just a program, but this be mister, i will teach you","It is not just a program, but this is Mister, I will teach you",en,0.9022432565689088,positive,neutral,0.0,neutral,0.54891056,0.030953389,0.54891056,0.42013603
31347,54090,,5,A lot of work for the beginners is very sweet,a lot of work for the beginner be very sweet,A lot of work for the beginners is very sweet,en,0.9570775628089904,positive,positive,0.5095,neutral,0.35938907,0.09392839,0.35938907,0.54668254
31348,54091,,1,The barn is not for it.,the barn be not for it.,The barn is not for it.,en,0.939559817314148,negative,neutral,0.0,negative,0.60822964,0.60822964,0.35823667,0.03353369
31349,54092,,5,❤️ ❤️ 😍 🥰 Sweet game I liked,❤ ❤ 😍 🥰 sweet game i like,❤️❤️😍🥰 Sweet game I liked,en,0.6749576330184937,positive,positive,0.6705,positive,0.9850835,0.0021418596,0.012774628,0.9850835
31350,54093,,5,This program is a masterpiece,this program be a masterpiece,This program is a masterpiece,en,0.7239547967910767,positive,positive,0.6249,positive,0.9493554,0.009385876,0.041258678,0.9493554
31351,54094,,4,Wonderful program worth praising,wonderful program worth praise,Wonderful program worth praising,en,0.7509447336196899,neutral,positive,0.8481,positive,0.973382,0.006633452,0.019984605,0.973382
31352,54095,,4,"We advise you about it is sweet and know, but when you hear your voice and you are speaking with the death of laughter on yourself and you know your mistake 😂 😂 😂","we advise you about it be sweet and know, but when you hear your voice and you be speak with the death of laughter on yourself and you know your mistake 😂 😂 😂","We advise you about it is sweet and know, but when you hear your voice and you are speaking with the death of laughter on yourself and you know your mistake 😂😂😂",en,0.9695197343826294,neutral,negative,-0.4854,neutral,0.448853,0.4181443,0.448853,0.13300271
31353,54096,,1,"Kalash is the application of the application and the I deserve, and its star is not because Colchy is understood from it and only the beloved of God","kalash be the application of the application and the i deserve, and it be star be not because colchy be understood from it and only the beloved of god","Kalash is the application of the application and the I deserve, and its star is not because Colchy is understood from it and only the beloved of God",en,0.8669386506080627,negative,positive,0.6597,neutral,0.46675983,0.0368408,0.46675983,0.49639934
31354,54097,,5,"Jamyel, controversy, I kept, I know I say English","jamyel, controversy, i kept, i know i say english","Jamyel, controversy, I kept, I know I say English",en,0.7265521287918091,positive,neutral,0.0,neutral,0.81001925,0.07867043,0.81001925,0.11131025
31356,54100,,1,A failed program to exist,a failed program to exist,A failed program to exist,en,0.9719691276550292,negative,negative,-0.5106,negative,0.89812356,0.89812356,0.090405345,0.011471114
31357,54101,,5,I liked the program style,i like the program style,I liked the program style,en,0.8411147594451904,positive,positive,0.3612,positive,0.91387963,0.0074205394,0.0786998,0.91387963
31358,54102,,1,"Not free, why did they not alert people to be paid","not free, why do they not alert people to be pay","Not free, why did they not alert people to be paid",en,0.9620646834373474,negative,negative,-0.6111,negative,0.54312515,0.54312515,0.44125932,0.015615547
31359,54103,,1,Can we learn Turkish?,can we learn turkish?,Can we learn Turkish?,en,0.9721153378486632,negative,neutral,0.0,neutral,0.88998425,0.043717034,0.88998425,0.06629874
31360,54104,,4,Peace be upon you.,peace be upon you.,Peace be upon you.,en,0.9313951134681702,neutral,positive,0.5423,positive,0.86688155,0.026246635,0.10687188,0.86688155
31361,54105,,5,Sweet and the application tells you what you want with money or not,sweet and the application tell you what you want with money or not,Sweet and the application tells you what you want with money or not,en,0.955415904521942,positive,positive,0.5106,neutral,0.672731,0.13543874,0.672731,0.19183028
31363,54107,,5,Very very very beautiful,very very very beautiful,Very very very beautiful,en,0.9988870024681092,positive,positive,0.6942,positive,0.9507732,0.016325321,0.03290148,0.9507732
31364,54109,,5,"Sweet Shui, but you will take five stars","sweet shui, but you will take five star","Sweet Shui, but you will take five stars",en,0.9055435061454772,positive,neutral,0.25,neutral,0.48746842,0.06377257,0.48746842,0.44875908
31365,54110,,5,Very nice ♥ ♥ ♥ ♥ 🌹 🌹 🌹 🌹 🌹 🌹 🌺,very nice ♥ ♥ ♥ ♥ 🌹 🌹 🌹 🌹 🌹 🌹 🌺,Very nice ♥♥♥♥ 🌹🌹🌹🌹🌹🌹🌺,en,0.6627093553543091,positive,positive,0.4754,positive,0.974161,0.003824227,0.022014668,0.974161
31366,54112,,5,"Very good, thank you","very good, thank you","Very good, thank you",en,0.9772575497627258,positive,positive,0.7159,positive,0.9822953,0.005073282,0.012631402,0.9822953
31367,54113,,5,"Good program, but the drawings are expensive","good program, but the drawing be expensive","Good program, but the drawings are expensive",en,0.9522178173065186,positive,neutral,0.2382,negative,0.5960568,0.5960568,0.3035285,0.100414634
31368,54116,,5,Very very cool,very very cool,Very very cool,en,0.999334990978241,positive,positive,0.4351,positive,0.9625234,0.00816365,0.029312944,0.9625234
31369,54117,,1,"I want to subscribe to it, but I do not have a visa","i want to subscribe to it, but i do not have a visa","I want to subscribe to it, but I do not have a visa",en,0.9740461707115172,negative,neutral,0.0387,negative,0.5264608,0.5264608,0.4547628,0.01877639
31370,54118,,3,Good application in principle,good application in principle,Good application in principle,en,0.9309054017066956,neutral,positive,0.4404,positive,0.8731082,0.019423092,0.1074687,0.8731082
31371,54119,,5,"Wow, very, very, very cool","wow, very, very, very cool","Wow, very, very, very cool",en,0.954403519630432,positive,positive,0.7867,positive,0.9811395,0.005208089,0.013652498,0.9811395
31372,54120,,1,The program is in money and I was free,the program be in money and i be free,The program is in money and I was free,en,0.8433218002319336,negative,positive,0.5106,neutral,0.4992558,0.030610811,0.4992558,0.4701333
31373,54121,,4,Good and recommend it,good and recommend it,Good and recommend it,en,0.9374975562095642,neutral,positive,0.6597,positive,0.96493375,0.006680832,0.028385412,0.96493375
31375,54123,,5,Beautiful and enjoyable,beautiful and enjoyable,Beautiful and enjoyable,en,0.9029792547225952,positive,positive,0.7783,positive,0.9705067,0.008492256,0.021001035,0.9705067
31376,54124,,3,He masterminded the words of words and entertaining,he mastermind the word of word and entertain,He masterminded the words of words and entertaining,en,0.79698646068573,neutral,positive,0.3182,neutral,0.46071315,0.026026996,0.46071315,0.5132598
31377,54125,,1,Why not free,why not free,Why not free,en,0.5846166014671326,negative,negative,-0.4023,neutral,0.7528734,0.17252688,0.7528734,0.07459972
31378,54126,,5,Very very cock,very very cock,Very very cock,en,0.9994266629219056,positive,negative,-0.2895,neutral,0.45481822,0.21811865,0.45481822,0.3270631
31379,54127,,5,Very cool thanks,very cool thanks,Very cool thanks,en,0.988487958908081,positive,positive,0.6976,positive,0.96686727,0.008499259,0.024633478,0.96686727
31380,54128,,4,Beautiful and free,beautiful and free,Beautiful and free,en,0.8031194806098938,neutral,positive,0.802,positive,0.94187963,0.012259088,0.045861285,0.94187963
31381,54129,,5,A very useful application,a very useful application,A very useful application,en,0.9396114945411682,positive,positive,0.4927,positive,0.95360917,0.0076917764,0.038699113,0.95360917
31382,54130,,5,Hubble and assistant once,hubble and assistant once,Hubble and assistant once,en,0.9436694979667664,positive,neutral,0.0,neutral,0.80338824,0.027274933,0.80338824,0.16933683
31383,54131,,5,Excellent app worth 50 stars,excellent app worth 50 star,Excellent app worth 50 stars,en,0.7766041159629822,positive,positive,0.6808,positive,0.97736484,0.005585059,0.017050114,0.97736484
31384,54132,,5,Anjd is very beautiful,anjd be very beautiful,Anjd is very beautiful,en,0.8991302847862244,positive,positive,0.6361,positive,0.93660676,0.008196081,0.055197123,0.93660676
31385,54133,,5,Wonderful to learn,wonderful to learn,Wonderful to learn,en,0.8945650458335876,positive,positive,0.5719,positive,0.9661873,0.0062863925,0.027526343,0.9661873
31386,54136,,5,Wonderful application worth 5 stars,wonderful application worth 5 star,Wonderful application worth 5 stars,en,0.7260112166404724,positive,positive,0.6808,positive,0.97004133,0.008818779,0.021139875,0.97004133
31387,54137,,5,Very nice vernice,very nice vernice,Very nice vernice,en,0.910876214504242,positive,positive,0.4754,positive,0.96302384,0.009389255,0.027586853,0.96302384
31388,54138,,3,Somewhat beautiful,somewhat beautiful,Somewhat beautiful,en,0.9232777953147888,neutral,positive,0.5584,positive,0.87613297,0.01676684,0.10710018,0.87613297
31389,54140,,3,"The application is very cool, but I am with Yaish Fulwwos 😭 😭 !!!!!!!!!!!!!!!!!!!!!!!!!!!!!!!!!!!!!!!!!!!!!!!!!!!!!!!!!!!!!!!!!!!!!!!!!!? !! ???","the application be very cool, but i be with yaish fulwwos 😭 😭! ? ! ?","The application is very cool, but I am with Yaish Fulwwos 😭😭 !!!!!!!!!!!!!!!!!!!!!!!!!!!!!!!!!!!!!!!!!!!!!!!!!!!!!!!!!!!!!!!!!!!!!!!!!!? !! ???",en,0.903386414051056,neutral,positive,0.4099,positive,0.72507584,0.052398138,0.22252606,0.72507584
31390,54141,,5,Very wonderful application,very wonderful application,Very wonderful application,en,0.949381947517395,positive,positive,0.6115,positive,0.96116525,0.012973887,0.025860831,0.96116525
31391,54144,,5,The most beautiful Apchans for teaching English,the most beautiful apchans for teach english,The most beautiful Apchans for teaching English,en,0.8605862855911255,positive,positive,0.6361,positive,0.97460485,0.0061416724,0.01925345,0.97460485
31392,54146,,5,Nice and wonderful application,nice and wonderful application,Nice and wonderful application,en,0.8876556158065796,positive,positive,0.7579,positive,0.9487017,0.016177127,0.035121217,0.9487017
31393,54147,,5,Loading we are trying,loading we be try,Loading we are trying,en,0.7974823713302612,positive,neutral,0.0,neutral,0.6260729,0.09104625,0.6260729,0.2828808
31394,54149,,5,Very sweet application,very sweet application,Very sweet application,en,0.960686445236206,positive,positive,0.5095,positive,0.93360394,0.023898527,0.042497564,0.93360394
31395,54150,,5,This app is more than wonderful,this app be more than wonderful,This app is more than wonderful,en,0.8500549793243408,positive,positive,0.6096,positive,0.9773406,0.0067515606,0.015907815,0.9773406
31396,54152,,5,Useful and beautiful,useful and beautiful,Useful and beautiful,en,0.7614415884017944,positive,positive,0.7783,positive,0.94467485,0.013787861,0.041537225,0.94467485
31397,54154,,5,Very nice application 🤩,very nice application 🤩,Very nice application 🤩,en,0.9814605712890624,positive,positive,0.4754,positive,0.9773228,0.008140924,0.014536287,0.9773228
31398,54155,,5,Really it's excellent,really it be excellent,Really it's excellent,en,0.9649077653884888,positive,positive,0.6077,positive,0.94000983,0.013158935,0.04683125,0.94000983
31399,54159,,5,More than wonderful application 🤩,more than wonderful application 🤩,More than wonderful application 🤩,en,0.8989017605781555,positive,positive,0.6096,positive,0.97832435,0.007757523,0.013918119,0.97832435
31400,54160,,5,Sweet and you speak to you,sweet and you speak to you,Sweet and you speak to you,en,0.989841639995575,positive,positive,0.4588,positive,0.82984495,0.0141555555,0.15599945,0.82984495
31401,54161,,5,A very crucial application,a very crucial application,A very crucial application,en,0.955033004283905,positive,neutral,0.0,neutral,0.50213885,0.079368785,0.50213885,0.41849244
31402,54162,,5,Very nice excellent,very nice excellent,Very nice excellent,en,0.9824709892272948,positive,positive,0.7947,positive,0.9632323,0.009919725,0.026848009,0.9632323
31403,54163,,5,You know the error that you say and it is valid,you know the error that you say and it be valid,You know the error that you say and it is valid,en,0.8957841396331787,positive,negative,-0.4019,neutral,0.6920176,0.18674895,0.6920176,0.1212334
31404,54164,,5,The best wonderful coffee app,the best wonderful coffee app,The best wonderful coffee app,en,0.7584041953086853,positive,positive,0.836,positive,0.9816715,0.005544677,0.012783827,0.9816715
31405,54166,,5,Good type in the readers,good type in the reader,Good type in the readers,en,0.8087924718856812,positive,positive,0.4404,positive,0.772233,0.018707823,0.20905918,0.772233
31406,54167,,1,I do not recommend downloading it,i do not recommend download it,I do not recommend downloading it,en,0.7416321635246277,negative,negative,-0.2755,negative,0.8655873,0.8655873,0.120871104,0.013541587
31407,54168,,1,"Very nice, recommend anyone","very nice, recommend anyone","Very nice, recommend anyone",en,0.9805719256401062,negative,positive,0.707,positive,0.97700536,0.007331604,0.015663033,0.97700536
31408,54169,,5,Very sweet and about an experience 💙,very sweet and about an experience 💙,Very sweet and about an experience 💙,en,0.9768939018249512,positive,positive,0.5095,positive,0.9816553,0.005628002,0.0127166845,0.9816553
31410,54171,,5,Excellent and smooth,excellent and smooth,Excellent and smooth,en,0.9146787524223328,positive,positive,0.5719,positive,0.9621941,0.008453595,0.029352333,0.9621941
31411,54172,,5,Wonderful application I advise you to download it,wonderful application i advise you to download it,Wonderful application I advise you to download it,en,0.9081913828849792,positive,positive,0.5719,positive,0.98683584,0.002913536,0.010250573,0.98683584
31412,54173,,5,Wonderful above the splendor is very sweet,wonderful above the splendor be very sweet,Wonderful above the splendor is very sweet,en,0.6315553784370422,positive,positive,0.8999,positive,0.95532507,0.004713447,0.039961454,0.95532507
31413,54176,,5,This app is excellent 👍 🤩,this app be excellent 👍 🤩,This app is excellent 👍🤩,en,0.7758675217628479,positive,positive,0.5719,positive,0.9875365,0.0028611182,0.009602411,0.9875365
31414,54177,,4,The program is very wonderful,the program be very wonderful,The program is very wonderful,en,0.9178591966629028,neutral,positive,0.6115,positive,0.9793394,0.004236859,0.016423725,0.9793394
31415,54180,,5,A pure monster with a ping and comment oh,a pure monster with a ping and comment oh,A pure monster with a ping and comment oh,en,0.862628161907196,positive,neutral,0.0,negative,0.8464941,0.8464941,0.12937364,0.02413228
31416,54181,,5,Very very sweet,very very sweet,Very very sweet,en,0.9980772137641908,positive,positive,0.5531,positive,0.9454721,0.018621456,0.03590639,0.9454721
31417,54182,,5,"Wonderful program, frankly","wonderful program, frankly","Wonderful program, frankly",en,0.700038731098175,positive,positive,0.5719,positive,0.9684917,0.0084369965,0.023071345,0.9684917
31418,54183,,5,A huge application and tolerates the balance,a huge application and tolerate the balance,A huge application and tolerates the balance,en,0.8771961331367493,positive,positive,0.3182,neutral,0.6251362,0.07284227,0.6251362,0.30202156
31419,54184,,5,Excellent and wonderful,excellent and wonderful,Excellent and wonderful,en,0.855283260345459,positive,positive,0.8126,positive,0.9777184,0.005865653,0.016415955,0.9777184
31420,54185,,5,"Glory be to God and praise Him It is for everything capable. Oh God, peace and blessings of peace and blessings be upon our Prophet Muhammad. O God, we seek refuge in you from that we will share something with you, and we seek forgiveness from what we do not know. I ask forgiveness from God, the great, who has no god but He, the lively living,","glory be to god and praise him it be for everything capable. oh god, peace and blessing of peace and blessing be upon our prophet muhammad. o god, we seek refuge in you from that we will share something with you, and we seek forgiveness from what we do not know. i ask forgiveness from god, the great, who have no god but he, the lively living,","Glory be to God and praise Him It is for everything capable. Oh God, peace and blessings of peace and blessings be upon our Prophet Muhammad. O God, we seek refuge in you from that we will share something with you, and we seek forgiveness from what we do not know. I ask forgiveness from God, the great, who has no god but He, the lively living,",en,0.9179595112800598,positive,positive,0.9729,positive,0.9526425,0.006651537,0.040705904,0.9526425
31421,54186,,5,Super Jerweeh Hallah and God,super jerweeh hallah and god,Super Jerweeh Hallah and God,en,0.6228833198547363,positive,positive,0.7184,neutral,0.3770104,0.016954113,0.3770104,0.6060354
31422,54187,,5,"Very sweet and useful, 💯 💯 👏 👏 👏 👌 ❤️ 💚 ❤️ 💚 ❤️ 💚 ❤️ ❤️ ❤️ 💙 💜 🤩 😍 💛 🧡 ❤️ ♥ ️ 🖤 💜 💙 💚 👏 👏","very sweet and useful, 💯 💯 👏 👏 👏 👌 ❤ 💚 ❤ 💚 ❤ 💚 ❤ ❤ ❤ 💙 💜 🤩 😍 💛 🧡 ❤ ♥ 🖤 💜 💙 💚 👏 👏","Very sweet and useful, 💯💯👏👏👏👌❤️💚❤️💚❤️💚❤️❤️❤️💙💜🤩😍💛🧡❤️ ♥ ️🖤💜💙💚👏👏",en,0.5577396154403687,positive,positive,0.7548,positive,0.98317266,0.003930992,0.012896375,0.98317266
31423,54188,,5,"We sake it, so we can","we sake it, so we can","We sake it, so we can",en,0.8150795102119446,positive,neutral,0.0,neutral,0.37416998,0.01869624,0.37416998,0.6071338
31424,54189,,5,"Good, good, very good","good, good, very good","Good, good, very good",en,0.9791544675827026,positive,positive,0.8271,positive,0.96499735,0.0054674754,0.029535238,0.96499735
31425,54190,,2,I wish you could look at the words,i wish you could look at the word,I wish you could look at the words,en,0.9816068410873412,negative,positive,0.4019,negative,0.5299948,0.5299948,0.42940477,0.04060044
31426,54193,,4,Good because I am a beginner,good because i be a beginner,Good because I am a beginner,en,0.7568787932395935,neutral,positive,0.4404,positive,0.74367595,0.05313266,0.2031914,0.74367595
31427,54195,,1,The dish is not free,the dish be not free,The dish is not free,en,0.6457341909408569,negative,negative,-0.4023,neutral,0.5958701,0.34644198,0.5958701,0.057687964
31428,54196,,1,"Why do I write the password correct, telling me a mistake, and what do you want to go?","why do i write the password correct, tell me a mistake, and what do you want to go?","Why do I write the password correct, telling me a mistake, and what do you want to go?",en,0.9422375559806824,negative,negative,-0.2732,negative,0.59601635,0.59601635,0.38757992,0.016403787
31429,54197,,5,We hope that we do not pay in this application,we hope that we do not pay in this application,We hope that we do not pay in this application,en,0.9626466631889344,positive,positive,0.4932,negative,0.61739916,0.61739916,0.35758102,0.025019838
31430,54198,,5,More than wonderful application,more than wonderful application,More than wonderful application,en,0.904029369354248,positive,positive,0.6096,positive,0.95696306,0.010884602,0.032152284,0.95696306
31431,54201,,1,What is the advice of anyone in a failed program,what be the advice of anyone in a failed program,What is the advice of anyone in a failed program,en,0.976115584373474,negative,negative,-0.5106,negative,0.82833964,0.82833964,0.16403265,0.0076277335
31432,54204,,5,Very useful splendor,very useful splendor,Very useful splendor,en,0.7934942245483398,positive,positive,0.8162,positive,0.88879746,0.012856539,0.098346055,0.88879746
31433,54205,,1,A ridiculous program for one of it,a ridiculous program for one of it,A ridiculous program for one of it,en,0.8997510075569153,negative,negative,-0.3612,negative,0.9099556,0.9099556,0.077952966,0.012091451
31434,54208,,4,"Under the experience, but so far is excellent","under the experience, but so far be excellent","Under the experience, but so far is excellent",en,0.862954318523407,neutral,positive,0.754,positive,0.9522733,0.0064442297,0.041282494,0.9522733
31436,54211,,5,"Movish Zio, two, the best application","movish zio, two, the best application","Movish Zio, two, the best application",en,0.6648867130279541,positive,positive,0.6369,positive,0.9543498,0.0048196632,0.040830478,0.9543498
31437,54212,,2,I have not tried it yet,i have not try it yet,I have not tried it yet,en,0.9883019328117372,negative,neutral,0.0,neutral,0.6847456,0.2600786,0.6847456,0.055175837
31438,54213,,5,Very excellent thanks,very excellent thanks,Very excellent thanks,en,0.9847873449325562,positive,positive,0.8004,positive,0.96839404,0.009144613,0.022461329,0.96839404
31439,54214,,5,Beautiful and wonderful,beautiful and wonderful,Beautiful and wonderful,en,0.7961702346801758,positive,positive,0.8225,positive,0.9592384,0.009390259,0.031371284,0.9592384
31440,54216,,5,"The splendor of my feet, so that it is possible to get the same U 7 Khafakhi 8, so it is 8 cruise, 8, 8, 8, 8, 8, 8, 8 Hide, I am afraid of 9, 9, 94, 94, 94, 94, 9, 9, 9, 6, 6, Shame, 6, 6, 7 Casting, 7, 6, Six, 9 Aqas, 07, 7, 7","the splendor of my feet, so that it be possible to get the same u 7 khafakhi 8, so it be 8 cruise, 8, 8, 8, 8, 8, 8, 8 hide, i be afraid of 9, 9, 94, 94, 94, 94, 9, 9, 9, 6, 6, shame, 6, 6, 7 casting, 7, 6, six, 9 aqas, 07, 7, 7","The splendor of my feet, so that it is possible to get the same U 7 Khafakhi 8, so it is 8 cruise, 8, 8, 8, 8, 8, 8, 8 Hide, I am afraid of 9, 9, 94, 94, 94, 94, 9, 9, 9, 6, 6, Shame, 6, 6, 7 Casting, 7, 6, Six, 9 Aqas, 07, 7, 7",en,0.8244886994361877,positive,neutral,0.0516,neutral,0.34233773,0.028699527,0.34233773,0.62896276
31441,54217,,5,I loved the method,i love the method,I loved the method,en,0.54668790102005,positive,positive,0.6369,positive,0.9526646,0.0077235703,0.03961185,0.9526646
31442,54218,,5,Crane and bitterly sweet,crane and bitterly sweet,Crane and bitterly sweet,en,0.6120747923851013,positive,neutral,0.0,neutral,0.47337002,0.27769768,0.47337002,0.24893229
31443,54219,,1,I am this application that only asks you for money,i be this application that only ask you for money,I am this application that only asks you for money,en,0.9324241876602172,negative,neutral,0.0,negative,0.5284611,0.5284611,0.422666,0.048872866
31444,54220,,5,Wonderful program deserves a thousand stars,wonderful program deserve a thousand star,Wonderful program deserves a thousand stars,en,0.6641201376914978,positive,positive,0.5719,positive,0.96708393,0.009414455,0.023501545,0.96708393
31445,54224,,5,"A wonderful grandfather, your brother from Iraq, about the first experience of Kalash his love","a wonderful grandfather, your brother from iraq, about the first experience of kalash his love","A wonderful grandfather, your brother from Iraq, about the first experience of Kalash his love",en,0.978287398815155,positive,positive,0.836,positive,0.9630665,0.003283131,0.033650387,0.9630665
31446,54225,,4,"I didn’t see it, but how to use it","i do not t see it, but how to use it","I didn’t see it, but how to use it",en,0.9310579299926758,neutral,neutral,0.0,neutral,0.6139073,0.35721904,0.6139073,0.028873641
31447,54226,,4,"It is the application with money, I mean, you need to subscribe ??","it be the application with money, i mean, you need to subscribe?","It is the application with money, I mean, you need to subscribe ??",en,0.9450445771217346,neutral,neutral,0.0,neutral,0.8614163,0.09234009,0.8614163,0.046243656
31448,54227,,2,"The application is underway, hahaha","the application be underway, hahaha","The application is underway, hahaha",en,0.8523983359336853,negative,positive,0.5574,neutral,0.48222655,0.009123706,0.48222655,0.50864977
31449,54228,,5,"More than wonderful, God willing ♥","more than wonderful, god willing ♥","More than wonderful, God willing ♥",en,0.8539923429489136,positive,positive,0.7463,positive,0.9819723,0.0047099325,0.01331781,0.9819723
31450,54229,,5,Better than any application,well than any application,Better than any application,en,0.976400911808014,positive,neutral,0.2732,neutral,0.645428,0.07515953,0.645428,0.27941245
31451,54230,,4,The application is very wonderful 😻 😻,the application be very wonderful 😻 😻,The application is very wonderful 😻😻,en,0.9004472494125366,neutral,positive,0.6115,positive,0.9875109,0.0031232429,0.009365817,0.9875109
31452,54231,,3,"For a while, you will be a lot of time","for a while, you will be a lot of time","For a while, you will be a lot of time",en,0.9595757722854614,neutral,neutral,0.0,neutral,0.69501597,0.20966832,0.69501597,0.09531572
31453,54232,,5,Very cool app 👌,very cool app 👌,Very cool app 👌,en,0.9791587591171264,positive,positive,0.3804,positive,0.9717478,0.007614472,0.020637702,0.9717478
31454,54233,,1,The application that opens I do not know,the application that open i do not know,The application that opens I do not know,en,0.9294734597206116,negative,neutral,0.0,neutral,0.6035108,0.3723848,0.6035108,0.024104439
31455,54235,,5,The app is very cool,the app be very cool,The app is very cool,en,0.9625543355941772,positive,positive,0.3804,positive,0.955158,0.004589259,0.04025279,0.955158
31456,54236,,3,Hello very beautiful,hello very beautiful,Hello very beautiful,en,0.9464054107666016,neutral,positive,0.6361,positive,0.96912426,0.008155834,0.022719927,0.96912426
31457,54237,,5,So far it is very good,so far it be very good,So far it is very good,en,0.9325771331787108,positive,positive,0.4927,positive,0.98060846,0.0033407842,0.016050775,0.98060846
31458,54238,,5,Wonderful program I advise you to download it.,wonderful program i advise you to download it.,Wonderful program I advise you to download it.,en,0.9615709781646729,positive,positive,0.5719,positive,0.98478204,0.0026738953,0.012544049,0.98478204
31459,54240,,4,Please have a free copy,please have a free copy,Please have a free copy,en,0.9241811633110046,neutral,positive,0.6808,neutral,0.46393758,0.0216832,0.46393758,0.5143792
31460,54241,,5,Nice application I like 💜,nice application i like 💜,Nice application I like 💜,en,0.9110329151153564,positive,positive,0.6486,positive,0.9757735,0.005469635,0.018756794,0.9757735
31461,54243,,1,The app is not free,the app be not free,The app is not free,en,0.5522831678390503,negative,negative,-0.4023,negative,0.5939922,0.5939922,0.37171957,0.034288276
31462,54244,,3,"Under the experience and, God willing, good, thank you","under the experience and, god willing, good, thank you","Under the experience and, God willing, good, thank you",en,0.8522826433181763,neutral,positive,0.7579,positive,0.9578456,0.005441736,0.036712598,0.9578456
31463,54247,,5,You did not try it 😍 😍 😍 😍 with the people !!!!!!!!,you do not try it 😍 😍 😍 😍 with the people!,You did not try it 😍😍😍😍 with the people !!!!!!!!,en,0.9833515286445618,positive,neutral,0.0,neutral,0.44521993,0.27826607,0.44521993,0.27651393
31464,54248,,5,"Once, God bless you beautiful","once, god bless you beautiful","Once, God bless you beautiful",en,0.6276545524597168,positive,positive,0.8316,positive,0.97710437,0.0064007747,0.016494919,0.97710437
31465,54249,,5,Amazing application I have been looking for a long time,amaze application i have be look for a long time,Amazing application I have been looking for a long time,en,0.9015080332756042,positive,positive,0.5423,neutral,0.67392826,0.11449472,0.67392826,0.211577
31466,54251,,5,Thanks for this application,thanks for this application,Thanks for this application,en,0.938729763031006,positive,positive,0.4404,positive,0.8875808,0.009857527,0.102561675,0.8875808
31467,54253,,5,The first stage is good,the first stage be good,The first stage is good,en,0.9088954925537108,positive,positive,0.4404,positive,0.9032194,0.005990298,0.09079028,0.9032194
31468,54254,,5,"I like you, I advise you to download","i like you, i advise you to download","I like you, I advise you to download",en,0.9687076807022096,positive,positive,0.3612,positive,0.9436391,0.005091631,0.051269244,0.9436391
31469,54255,,5,An application under the experience,an application under the experience,An application under the experience,en,0.9048243165016174,positive,neutral,0.0,neutral,0.86322856,0.06693192,0.86322856,0.06983957
31470,54257,,5,Is this application with money ??? 😩,be this application with money? 😩,Is this application with money ??? 😩,en,0.94895601272583,positive,neutral,0.0,neutral,0.48078516,0.44027358,0.48078516,0.07894124
31471,54258,,5,The best program in the world,the best program in the world,The best program in the world,en,0.7624035477638245,positive,positive,0.6369,positive,0.9689885,0.004176189,0.02683537,0.9689885
31472,54259,,4,Habibit is a sweet and entertaining style,habibit be a sweet and entertaining style,Habibit is a sweet and entertaining style,en,0.567008912563324,neutral,positive,0.7096,positive,0.8520011,0.015400777,0.13259819,0.8520011
31473,54260,,5,"Mashallah, a sweet time program","mashallah, a sweet time program","Mashallah, a sweet time program",en,0.6527224779129028,positive,positive,0.4588,positive,0.9562932,0.008412872,0.03529393,0.9562932
31474,54261,,5,A more than wonderful application,a more than wonderful application,A more than wonderful application,en,0.8965784311294556,positive,positive,0.6096,positive,0.95805544,0.013770806,0.02817371,0.95805544
31475,54262,,1,"I don't know how to occupy it, and is it free?","i do not know how to occupy it, and be it free?","I don't know how to occupy it, and is it free?",en,0.934974193572998,negative,positive,0.5106,negative,0.51282567,0.51282567,0.46612823,0.021046111
31476,54263,,1,Do you think I am Bill Gates? Please raise its price a little to be evaluated with a negative star,do you think i be bill gates? please raise it be price a little to be evaluate with a negative star,Do you think I am Bill Gates? Please raise its price a little to be evaluated with a negative star,en,0.8880510330200195,negative,negative,-0.34,neutral,0.6478347,0.2996571,0.6478347,0.05250814
31477,54266,,5,"Seriously, beautiful","seriously, beautiful","Seriously, beautiful",en,0.9343246221542358,positive,positive,0.4939,positive,0.9175224,0.024746032,0.057731606,0.9175224
31478,54267,,5,It is worth the evaluation excellent,it be worth the evaluation excellent,It is worth the evaluation excellent,en,0.7690096497535706,positive,positive,0.6808,positive,0.91411775,0.008947536,0.07693478,0.91411775
31479,54268,,5,With the people !!!!!!!!!!!!!!!!!!!!!!!!!!!!!!!!!!!!!!!!!!!!!!!!!!!!!!!!!!!!!!!!!!!!!!!!!!!!!!!!!!!!!!!!!!!!!!!!!!!,with the people!,With the people !!!!!!!!!!!!!!!!!!!!!!!!!!!!!!!!!!!!!!!!!!!!!!!!!!!!!!!!!!!!!!!!!!!!!!!!!!!!!!!!!!!!!!!!!!!!!!!!!!!,en,0.9928412437438964,positive,neutral,0.0,neutral,0.65473557,0.043712303,0.65473557,0.30155215
31480,54269,,3,Why does the application want money,why do the application want money,Why does the application want money,en,0.9159287810325624,neutral,neutral,0.0772,negative,0.5491898,0.5491898,0.4270992,0.023710987
31481,54270,,1,"Unfortunately, all of the money is not free","unfortunately, all of the money be not free","Unfortunately, all of the money is not free",en,0.8345471024513245,negative,negative,-0.6251,negative,0.7825698,0.7825698,0.20271716,0.014712994
31482,54271,,5,"Without crowding, how is the way to pay in the State of Iraq","without crowding, how be the way to pay in the state of iraq","Without crowding, how is the way to pay in the State of Iraq",en,0.927246630191803,positive,neutral,-0.1027,neutral,0.83453715,0.10087271,0.83453715,0.06459014
31483,54272,,5,The experiment is in principle wonderful,the experiment be in principle wonderful,The experiment is in principle wonderful,en,0.7741709351539612,positive,positive,0.5719,positive,0.9571429,0.0064440533,0.036413036,0.9571429
31484,54273,,1,"For safety, I don’t know how it is, but I have a blog and comments on him, sweet, I don’t know what the problem is","for safety, i do not t know how it is, but i have a blog and comment on him, sweet, i do not t know what the problem be","For safety, I don’t know how it is, but I have a blog and comments on him, sweet, I don’t know what the problem is",en,0.9429240226745604,negative,positive,0.3291,neutral,0.49530363,0.42948282,0.49530363,0.07521349
31485,54274,,5,Excellent from personal opinion,excellent from personal opinion,Excellent from personal opinion,en,0.9380150437355042,positive,positive,0.5719,positive,0.9584341,0.006015516,0.03555046,0.9584341
31486,54276,,5,I advise everyone to download,i advise everyone to download,I advise everyone to download,en,0.9637459516525269,positive,neutral,0.0,neutral,0.6002094,0.015120113,0.6002094,0.3846705
31487,54277,,5,🥰 🥰 🥰 🥰 🥰 Beautiful in principle under experience,🥰 🥰 🥰 🥰 🥰 beautiful in principle under experience,🥰🥰🥰🥰🥰 Beautiful in principle under experience,en,0.8937047123908997,positive,positive,0.5994,positive,0.98474705,0.0040101577,0.011242807,0.98474705
31488,54278,,5,"The application, by God, is crazy","the application, by god, be crazy","The application, by God, is crazy",en,0.9316206574440002,positive,neutral,-0.0772,negative,0.6044384,0.6044384,0.28595877,0.1096028
31489,54279,,5,"Excellent, frankly","excellent, frankly","Excellent, frankly",en,0.7742032408714294,positive,positive,0.5719,positive,0.96074814,0.007827608,0.03142429,0.96074814
31490,54280,,5,"Sweet, but unfortunately with money","sweet, but unfortunately with money","Sweet, but unfortunately with money",en,0.9872292876243592,positive,negative,-0.2732,negative,0.7939227,0.7939227,0.18398765,0.022089684
31491,54281,,5,The app is very nice,the app be very nice,The app is very nice,en,0.9768656492233276,positive,positive,0.4754,positive,0.9535137,0.0064071207,0.0400792,0.9535137
31492,54282,,2,"I will be taken to be taken away by the seat of 8 with a severity of the semesters of it. Thirteen Feddah, pumps it, 2, 2, 2 P.","i will be take to be take away by the seat of 8 with a severity of the semester of it. thirteen feddah, pump it, 2, 2, 2 p.","I will be taken to be taken away by the seat of 8 with a severity of the semesters of it. Thirteen Feddah, pumps it, 2, 2, 2 P.",en,0.9529235363006592,negative,neutral,0.0,neutral,0.5437205,0.41777512,0.5437205,0.03850446
31493,54283,,5,I wish you would not be free of money,i wish you would not be free of money,I wish you would not be free of money,en,0.9657691717147828,positive,neutral,-0.0005,negative,0.8297527,0.8297527,0.15789767,0.012349597
31494,54284,,1,A paid program came out ... any words,a paid program come out. any word,A paid program came out ... any words,en,0.9625858664512634,negative,neutral,0.0,neutral,0.87714887,0.08528985,0.87714887,0.037561283
31495,54286,,5,Excellent and beautiful,excellent and beautiful,Excellent and beautiful,en,0.9019804000854492,positive,positive,0.8225,positive,0.97446954,0.0068449955,0.01868545,0.97446954
31496,54287,,5,"Thank you, I hope it is free in the future","thank you, i hope it be free in the future","Thank you, I hope it is free in the future",en,0.7657549977302551,positive,positive,0.8271,positive,0.93790203,0.0055791875,0.05651877,0.93790203
31497,54289,,4,Is the app free? Please reply,be the app free? please reply,Is the app free? Please reply,en,0.8850582838058472,neutral,positive,0.6808,neutral,0.81429774,0.010370184,0.81429774,0.17533208
31498,54291,,3,Many people will not know they use it,many people will not know they use it,Many people will not know they use it,en,0.9910557866096495,neutral,neutral,0.0,neutral,0.66629374,0.3004954,0.66629374,0.033210907
31499,54293,,1,"You give me this, it is a follower, and it is a lifting of laundry, with a hateful, with a pardon, closing a good request.","you give me this, it be a follower, and it be a lifting of laundry, with a hateful, with a pardon, close a good request.","You give me this, it is a follower, and it is a lifting of laundry, with a hateful, with a pardon, closing a good request.",en,0.932003378868103,negative,neutral,0.25,neutral,0.5177304,0.051779103,0.5177304,0.43049043
31500,54294,,5,God bless the Most Gracious,god bless the most gracious,God bless the Most Gracious,en,0.5242618322372437,positive,positive,0.8313,positive,0.96760464,0.0102687515,0.022126557,0.96760464
31501,54295,,5,Will it be free and without Net,will it be free and without net,Will it be free and without Net,en,0.8297957181930542,positive,positive,0.5106,neutral,0.8386682,0.044434544,0.8386682,0.11689723
31502,54296,,5,Wonderful super app,wonderful super app,Wonderful super app,en,0.5426093339920044,positive,positive,0.8225,positive,0.9661768,0.008807012,0.025016148,0.9661768
31503,54297,,3,It was fun 🤗 🤗,it be fun 🤗 🤗,It was fun 🤗🤗,en,0.5663530826568604,neutral,positive,0.5106,positive,0.97743165,0.0025482052,0.020020157,0.97743165
31504,54298,,3,Is this free application,be this free application,Is this free application,en,0.7244390249252319,neutral,positive,0.5106,neutral,0.7204973,0.047937393,0.7204973,0.23156527
31505,54299,,5,Seriously Jamaid,seriously jamaid,Seriously Jamaid,en,0.942950963973999,positive,negative,-0.1779,negative,0.49503636,0.49503636,0.4603532,0.044610433
31506,54300,,1,There is no Arabic Luke,there be no arabic luke,There is no Arabic Luke,en,0.6545794606208801,negative,negative,-0.296,neutral,0.5441637,0.42842874,0.5441637,0.02740754
31507,54301,,5,More than excellent,more than excellent,More than excellent,en,0.9596368670463562,positive,positive,0.6096,positive,0.919379,0.012295706,0.06832526,0.919379
31509,54306,,5,"Nice, the application","nice, the application","Nice, the application",en,0.8486320376396179,positive,positive,0.4215,positive,0.93941176,0.013254988,0.047333237,0.93941176
31510,54308,,5,"So far, God willing, different and impressive","so far, god willing, different and impressive","So far, God willing, different and impressive",en,0.7685757875442505,positive,positive,0.6887,positive,0.9744527,0.0032970917,0.022250213,0.9744527
31511,54309,,5,"Very excellent, may God bless you","very excellent, may god bless you","Very excellent, may God bless you",en,0.9353795647621156,positive,positive,0.8464,positive,0.9760448,0.008061371,0.015893904,0.9760448
31512,54310,,5,Seriously beautiful,seriously beautiful,Seriously beautiful,en,0.9558030366897584,positive,positive,0.4939,positive,0.8958354,0.030475972,0.073688656,0.8958354
31513,54311,,5,This app is very sponsor,this app be very sponsor,This app is very sponsor,en,0.9543262124061584,positive,neutral,0.0,neutral,0.51516575,0.42582166,0.51516575,0.059012618
31514,54312,,5,Crazy in the full sense of the word,crazy in the full sense of the word,Crazy in the full sense of the word,en,0.8908105492591858,positive,negative,-0.34,negative,0.5137992,0.5137992,0.36523,0.12097078
31515,54313,,5,"Wonderful, thank you","wonderful, thank you","Wonderful, thank you",en,0.8002620339393616,positive,positive,0.7351,positive,0.9811079,0.0057990653,0.013093027,0.9811079
31516,54315,,1,Unfortunately,unfortunately,Unfortunately,en,0.9680699706077576,negative,negative,-0.34,negative,0.55608153,0.55608153,0.37695336,0.06696503
31517,54316,,5,"If it was free, he would be the most wonderful","if it be free, he would be the most wonderful","If it was free, he would be the most wonderful",en,0.9527866840362548,positive,positive,0.807,positive,0.95061725,0.010693729,0.038689017,0.95061725
31518,54317,,1,He requests to subscribe to money,he request to subscribe to money,He requests to subscribe to money,en,0.9443681240081788,negative,neutral,0.0,neutral,0.85500634,0.04658816,0.85500634,0.09840557
31519,54318,,5,Frankly impressive application 🤩,frankly impressive application 🤩,Frankly impressive application 🤩,en,0.8473716378211975,positive,positive,0.5106,positive,0.97818893,0.007211327,0.014599705,0.97818893
31520,54319,,1,Germany does not know,germany do not know,Germany does not know,en,0.9337472915649414,negative,neutral,0.0,neutral,0.5549903,0.41004354,0.5549903,0.034966134
31521,54320,,1,Is it Arabic?,be it arabic?,Is it Arabic?,en,0.8710695505142212,negative,neutral,0.0,neutral,0.9160185,0.04142852,0.9160185,0.042552985
31522,54322,,1,"Very, very, very, very cool","very, very, very, very cool","Very, very, very, very cool",en,0.9707128405570984,negative,positive,0.4828,positive,0.9759162,0.005973318,0.018110419,0.9759162
31523,54323,,1,Thank you for your tiredness and efforts,thank you for your tiredness and effort,Thank you for your tiredness and efforts,en,0.971245527267456,negative,positive,0.3612,positive,0.7682327,0.028872062,0.20289527,0.7682327
31524,54324,,5,Ro it hard,ro it hard,Roooooo it hard,en,0.5034473538398743,positive,neutral,-0.1027,neutral,0.5971674,0.24150214,0.5971674,0.16133049
31525,54325,,2,Is this app free,be this app free,Is this app free,en,0.5248135328292847,negative,positive,0.5106,neutral,0.6096767,0.094268166,0.6096767,0.29605508
31526,54327,,1,"Do not go down, download a program called Kik, the sweetest","do not go down, download a program call kik, the sweetest","Do not go down, download a program called Kik, the sweetest",en,0.7601377964019775,negative,neutral,0.0,positive,0.91971534,0.017790718,0.06249387,0.91971534
31527,54328,,5,This application is very,this application be very,This application is very,en,0.9703763723373412,positive,neutral,0.0,neutral,0.6684662,0.16370954,0.6684662,0.16782424
31528,54329,,5,The best application of my life in my life 🧐 😗 😙 😚 😘 😘 🥰 🥰 😍 🤩 🥳 🤗,the best application of my life in my life 🧐 😗 😙 😚 😘 😘 🥰 🥰 😍 🤩 🥳 🤗,The best application of my life in my life 🧐😗😙😚😘😘🥰🥰😍🤩🥳🤗,en,0.7973843216896057,positive,positive,0.6369,positive,0.9887348,0.0025282667,0.008736952,0.9887348
31529,54330,,5,The program is very sweet and ♥ ♥ ♥ ♥,the program be very sweet and ♥ ♥ ♥ ♥,The program is very sweet and ♥♥♥♥,en,0.9312250018119812,positive,positive,0.5095,positive,0.97875506,0.004530016,0.016714886,0.97875506
31530,54331,,5,"Beautiful, God willing","beautiful, god willing","Beautiful, God willing",en,0.5909228920936584,positive,positive,0.7184,positive,0.9598929,0.01084816,0.029258925,0.9598929
31531,54332,,2,Program under experience,program under experience,Program under experience,en,0.911166787147522,negative,neutral,0.0,neutral,0.8521813,0.05697185,0.8521813,0.090846814
31532,54333,,3,The program is very sweet,the program be very sweet,The program is very sweet,en,0.9301822781562804,neutral,positive,0.5095,positive,0.9584069,0.007964619,0.033628404,0.9584069
31533,54334,,5,Excellent hundred hundred,excellent hundred hundred,Excellent hundred hundred,en,0.7068854570388794,positive,positive,0.5719,positive,0.9513766,0.0066664466,0.04195692,0.9513766
31534,54335,,5,Well I loved it 😍,well i love it 😍,Well I loved it 😍,en,0.8618435859680176,positive,positive,0.743,positive,0.9818733,0.0050340462,0.01309266,0.9818733
31536,54337,,4,☻ Thank you very much,☻ thank you very much,☻ Thank you very much,en,0.9964014887809752,neutral,positive,0.3612,positive,0.9573246,0.00666973,0.036005612,0.9573246
31538,54339,,1,The application is very expensive,the application be very expensive,The application is very expensive,en,0.97722327709198,negative,neutral,0.0,negative,0.6963288,0.6963288,0.28487274,0.018798403
31539,54340,,5,Without subscription,without subscription,Without subscription,en,0.6889510750770569,positive,neutral,0.0,neutral,0.80251414,0.11619243,0.80251414,0.08129339
31542,54343,,3,"Apply sweet, but with money","apply sweet, but with money","Apply sweet, but with money",en,0.9724439978599548,neutral,neutral,0.25,neutral,0.5015187,0.14141548,0.5015187,0.35706583
31543,54346,,5,Under the experience 👍🏻 👑 Greetings to you.,under the experience 👍 👑 greeting to you.,Under the experience 👍🏻👑 Greetings to you.,en,0.9695057272911072,positive,positive,0.3818,positive,0.9468033,0.0032228122,0.049973924,0.9468033
31544,54347,,5,I recommend it very much,i recommend it very much,I recommend it very much,en,0.9952691793441772,positive,positive,0.3612,positive,0.971366,0.006014903,0.022619046,0.971366
31545,54348,,4,It is still under experience,it be still under experience,It is still under experience,en,0.9438446164131165,neutral,neutral,0.0,neutral,0.70714235,0.2250126,0.70714235,0.06784499
31546,54349,,5,Introducing your fingerprint with his participation,introduce your fingerprint with his participation,Introducing your fingerprint with his participation,en,0.97202068567276,positive,neutral,0.0,neutral,0.8537284,0.009516914,0.8537284,0.13675466
31548,54351,,5,"By God, very wonderful","by god, very wonderful","By God, very wonderful",en,0.9866556525230408,positive,positive,0.7264,positive,0.9783773,0.006898326,0.014724318,0.9783773
31549,54352,,1,I didn't like,i do not like,I didn't like,en,0.7229263782501221,negative,negative,-0.2755,negative,0.77439266,0.77439266,0.20054908,0.025058238
31550,54353,,4,Bit,bit,Bit,en,0.9689391255378724,neutral,neutral,0.0,neutral,0.6342347,0.13351801,0.6342347,0.2322473
31551,54354,,5,"So far, excellent","so far, excellent","So far, excellent",en,0.6105180978775024,positive,positive,0.6096,positive,0.97464335,0.006176255,0.019180391,0.97464335
31552,54355,,4,Where is Arabic?,where be arabic?,Where is Arabic?,en,0.845059335231781,neutral,neutral,0.0,neutral,0.88281864,0.04688683,0.88281864,0.07029458
31553,54356,,5,More than a popular,more than a popular,More than a popular,en,0.9674220681190492,positive,positive,0.4728,neutral,0.67187124,0.108520575,0.67187124,0.2196082
31554,54359,,5,Rigid program,rigid program,Rigid program,en,0.6365312337875366,positive,neutral,-0.128,negative,0.83348215,0.83348215,0.14092797,0.025589814
31555,54360,,5,Menih this application,menih this application,Menih this application,en,0.5403568148612976,positive,neutral,0.0,neutral,0.73789155,0.15076002,0.73789155,0.11134849
31556,54361,,1,I do not work,i do not work,I do not work,en,0.6195629239082336,negative,neutral,0.0,neutral,0.6164191,0.3037051,0.6164191,0.07987586
31557,54362,,5,"God willing, excellent","god willing, excellent","God willing, excellent",en,0.6624728441238403,positive,positive,0.7003,positive,0.9654518,0.00856491,0.025983239,0.9654518
31558,54363,,1,Club application,club application,Club application,en,0.7673991322517395,negative,neutral,0.0,neutral,0.7507345,0.11781253,0.7507345,0.13145296
31559,54366,,1,"The search is a lion, as he said, may God bless you, King Salman","the search be a lion, as he said, may god bless you, king salman","The search is a lion, as he said, may God bless you, King Salman",en,0.953393578529358,negative,positive,0.5994,positive,0.93732446,0.0070329076,0.055642586,0.93732446
31560,54367,,5,To date excellent,to date excellent,To date excellent,en,0.885115385055542,positive,positive,0.5719,positive,0.95567113,0.009402521,0.034926277,0.95567113
31561,54368,,5,Brick,brick,Brick,en,0.8035431504249573,positive,neutral,0.0,neutral,0.7192785,0.13166013,0.7192785,0.1490614
31563,54371,,5,More than a wonderful one,more than a wonderful one,More than a wonderful one,en,0.8656724691390991,positive,positive,0.6096,positive,0.9651721,0.0070678038,0.02776015,0.9651721
31564,54373,,5,Masha'Allah a wonderful application 😍,mashaallah a wonderful application 😍,Masha'Allah a wonderful application 😍,en,0.6593578457832336,positive,positive,0.5719,positive,0.9791157,0.0075841052,0.013300209,0.9791157
31565,54374,,5,The program is great,the program be great,The program is great,en,0.7951340675354004,positive,positive,0.6249,positive,0.96496147,0.0042987866,0.030739738,0.96496147
31566,54375,,5,The app is very sweet,the app be very sweet,The app is very sweet,en,0.939382791519165,positive,positive,0.5095,positive,0.94570374,0.010250197,0.044046003,0.94570374
31567,54376,,5,Not sweet application,not sweet application,Not sweet application,en,0.7412635087966919,positive,negative,-0.357,negative,0.8551878,0.8551878,0.12723856,0.017573599
31568,54378,,5,"This program is the death of death, Jadaan, by God","this program be the death of death, jadaan, by god","This program is the death of death, Jadaan, by God",en,0.918976068496704,positive,negative,-0.7717,negative,0.9172853,0.9172853,0.07273613,0.0099784825
31569,54379,,5,And my Lord is a luxurious people of the people,and my lord be a luxurious people of the people,And my Lord is a luxurious people of the people,en,0.9583925008773804,positive,neutral,0.0,positive,0.76893216,0.02047909,0.21058875,0.76893216
31570,54381,,5,I want to see one Christian one,i want to see one christian one,I want to see one Christian one,en,0.9256439208984376,positive,neutral,0.0772,neutral,0.83864844,0.044443723,0.83864844,0.11690778
31571,54383,,5,I don’t know what to do,i do not t know what to do,I don’t know what to do,en,0.909026861190796,positive,neutral,0.0,negative,0.6903844,0.6903844,0.28782457,0.021791061
31572,54384,,1,Interesting Matfar enters him .. You must pay money,interest matfar enters him. you must pay money,Interesting Matfar enters him .. You must pay money,en,0.9805076718330384,negative,positive,0.3818,neutral,0.6840295,0.24504307,0.6840295,0.07092748
31573,54387,,1,I thought it was free,i think it be free,I thought it was free,en,0.945659875869751,negative,positive,0.5106,neutral,0.7333106,0.034641434,0.7333106,0.232048
31574,54388,,3,Sweet under experience,sweet under experience,Sweet under experience,en,0.829727828502655,neutral,positive,0.4588,positive,0.7960732,0.019983653,0.18394312,0.7960732
31575,54389,,3,Where is the translation?,where be the translation?,Where is the translation?,en,0.6969828605651855,neutral,neutral,0.0,neutral,0.8531148,0.11072644,0.8531148,0.036158722
31576,54390,,5,The program is sweet,the program be sweet,The program is sweet,en,0.6105698943138123,positive,positive,0.4588,positive,0.8799715,0.019053927,0.10097464,0.8799715
31577,54391,,1,I hope the application is free,i hope the application be free,I hope the application is free,en,0.7096583247184753,negative,positive,0.7351,neutral,0.40971774,0.020866223,0.40971774,0.56941605
31578,54392,,5,"Once sweet, frankly","once sweet, frankly","Once sweet, frankly",en,0.8907179832458496,positive,positive,0.4588,neutral,0.32769707,0.03506743,0.32769707,0.6372355
31579,54393,,4,Why is it a subscription,why be it a subscription,Why is it a subscription,en,0.657071590423584,neutral,neutral,0.0,neutral,0.60630786,0.36933777,0.60630786,0.024354333
31580,54394,,5,The program is rigid,the program be rigid,The program is rigid,en,0.5898730158805847,positive,neutral,-0.128,negative,0.6333192,0.6333192,0.3439541,0.022726718
31581,54395,,5,I advise you to download it crazy,i advise you to download it crazy,I advise you to download it crazy,en,0.924361288547516,positive,negative,-0.34,neutral,0.62784505,0.17820959,0.62784505,0.19394538
31582,54396,,3,in the beginning,in the beginning,in the beginning,en,0.8814741373062134,neutral,neutral,0.0,neutral,0.63524085,0.06466563,0.63524085,0.30009356
31583,54397,,5,Sweet application,sweet application,Sweet application,en,0.7383214831352234,positive,positive,0.4588,positive,0.78302926,0.049226433,0.16774438,0.78302926
31584,54399,,1,Flat application,flat application,Flat application,en,0.860605001449585,negative,neutral,0.0,neutral,0.684457,0.17360593,0.684457,0.14193699
31585,54400,,4,Thank you all,thank you all,Thank you all,en,0.7642172574996948,neutral,positive,0.3612,positive,0.960572,0.011788022,0.02764004,0.960572
31586,54401,,5,The most beautiful application,the most beautiful application,The most beautiful application,en,0.8690492510795593,positive,positive,0.6361,positive,0.95423347,0.014411483,0.031355098,0.95423347
31587,54402,,5,The app is very sweet 😍🇸🇾,the app be very sweet 😍,The app is very sweet 😍🇸🇾,en,0.9465110301971436,positive,positive,0.5095,positive,0.9743129,0.0064124754,0.019274669,0.9743129
31588,54403,,5,"Jamyel, a thousand stars","jamyel, a thousand star","Jamyel, a thousand stars",en,0.5322393774986267,positive,neutral,0.0,neutral,0.45181826,0.016836513,0.45181826,0.53134525
31590,54406,,1,All with a subscription,all with a subscription,All with a subscription,en,0.8954502940177917,negative,neutral,0.0,neutral,0.79318255,0.08749691,0.79318255,0.11932055
31591,54407,,4,"The application is amazing, God willing","the application be amazing, god willing","The application is amazing, God willing",en,0.7348009943962097,neutral,positive,0.7096,positive,0.97729254,0.0059814914,0.016726019,0.97729254
31592,54409,,3,Its champion passed,it be champion pass,Its champion passed,en,0.9170492887496948,neutral,positive,0.5994,neutral,0.67521423,0.06722372,0.67521423,0.257562
31593,54411,,5,With the people,with the people,With the people,en,0.9945732355117798,positive,neutral,0.0,neutral,0.79200494,0.11001127,0.79200494,0.09798374
31594,54412,,1,"The power of power, believers","the power of power, believer","The power of power, believers",en,0.9003266096115112,negative,neutral,0.0,positive,0.7229119,0.009674695,0.2674134,0.7229119
31595,54413,,5,We start with the experience,we start with the experience,We start with the experience,en,0.9331026077270508,positive,neutral,0.0,neutral,0.814536,0.039051536,0.814536,0.14641248
31596,54414,,5,Human rights of women,human right of woman,Human rights of women,en,0.6477534174919128,positive,neutral,0.0,neutral,0.67508215,0.13259305,0.67508215,0.19232476
31597,54416,,4,Under the first experience,under the first experience,Under the first experience,en,0.913349449634552,neutral,neutral,0.0,neutral,0.8655009,0.047731765,0.8655009,0.08676729
31598,54417,,4,Try it and higher,try it and high,Try it and higher,en,0.9788849353790284,neutral,neutral,0.0,neutral,0.60892916,0.06301551,0.60892916,0.32805532
31600,54420,,2,How to be used,how to be use,How to be used,en,0.8076004385948181,negative,neutral,0.0,neutral,0.7581009,0.15331608,0.7581009,0.08858302
31601,54421,,5,Under an experience so far,under an experience so far,Under an experience so far,en,0.7984684109687805,positive,neutral,0.0,neutral,0.8476685,0.061689265,0.8476685,0.09064223
31602,54422,,3,Under the experience,under the experience,Under the experience,en,0.9133591055870056,neutral,neutral,0.0,neutral,0.80451584,0.09767445,0.80451584,0.09780968
31603,54424,,1,I advise you what you do,i advise you what you do,I advise you what you do,en,0.9544283151626588,negative,neutral,0.0,neutral,0.85732186,0.04785797,0.85732186,0.09482025
31604,54425,,1,Is it free?!,be it free? !,Is it free?!,en,0.50213223695755,negative,positive,0.5562,neutral,0.7932146,0.019606214,0.7932146,0.18717913
31605,54426,,5,At the height of the splendor,at the height of the splendor,At the height of the splendor,en,0.8412037491798401,positive,positive,0.6124,positive,0.7702238,0.010443287,0.21933293,0.7702238
31606,54427,,3,The application with money,the application with money,The application with money,en,0.953161895275116,neutral,neutral,0.0,neutral,0.79484516,0.09147774,0.79484516,0.11367717
31607,54430,,5,"Sweet, but with the money of Atfo","sweet, but with the money of atfo","Sweet, but with the money of Atfo",en,0.9852162003517152,positive,neutral,0.25,neutral,0.5400464,0.07028747,0.5400464,0.38966608
31609,54432,,5,Zr,zr,Zrrrrrrr,en,0.747019350528717,positive,neutral,0.0,neutral,0.64793915,0.11581472,0.64793915,0.23624612
31610,54433,,5,You are crazy,you be crazy,You are crazy,en,0.6364579796791077,positive,negative,-0.34,neutral,0.5383074,0.29924676,0.5383074,0.1624458
31611,54434,,5,Under experience,under experience,Under experience,en,0.9246654510498048,positive,neutral,0.0,neutral,0.7517715,0.10387571,0.7517715,0.14435276
31612,54435,,5,"I don't know, try","i do not know, try","I don't know, try",en,0.8655850887298584,positive,neutral,0.0,neutral,0.6425741,0.3069863,0.6425741,0.050439615
31613,54436,,5,I have not tried yet,i have not try yet,I have not tried yet,en,0.9911229014396667,positive,neutral,0.0,neutral,0.7273067,0.20979223,0.7273067,0.06290108
31614,54438,,5,Above the concession,above the concession,Above the concession,en,0.8034413456916809,positive,neutral,0.0,neutral,0.7535337,0.11719794,0.7535337,0.12926827
31615,54439,,1,Safar 0 program,safar 0 program,Safar 0 program,en,0.6904888153076172,negative,neutral,0.0,neutral,0.63455564,0.32656503,0.63455564,0.038879324
31616,54440,,1,"Not sweet, they do not understand","not sweet, they do not understand","Not sweet, they do not understand",en,0.9713642597198486,negative,negative,-0.357,negative,0.8895515,0.8895515,0.09920284,0.011245584
31617,54441,,2,Until now it is good,until now it be good,Until now it is good,en,0.9414048790931702,negative,positive,0.4404,positive,0.7822236,0.020275315,0.19750111,0.7822236
31618,54442,,5,Crane with the people,crane with the people,Crane with the people,en,0.9810575246810912,positive,neutral,0.0,neutral,0.81833446,0.06987646,0.81833446,0.111789055
31619,54443,,5,I find a lot of madness 😁 😁 😁,i find a lot of madness 😁 😁 😁,I find a lot of madness 😁😁😁,en,0.8485608100891113,positive,negative,-0.4404,neutral,0.395344,0.109990805,0.395344,0.49466524
31620,54444,,5,Very wonderful,very wonderful,Very wonderful,en,0.953676462173462,positive,positive,0.6115,positive,0.94598776,0.015680915,0.038331334,0.94598776
31621,54445,,5,An app,an app,An app,en,0.9012160301208496,positive,neutral,0.0,neutral,0.76239455,0.09464935,0.76239455,0.14295614
31623,54448,,5,The app is sweet,the app be sweet,The app is sweet,en,0.5219301581382751,positive,positive,0.4588,positive,0.8715148,0.02663526,0.101849966,0.8715148
31624,54450,,5,Experience,experience,Experience,en,0.8729748129844666,positive,neutral,0.0,neutral,0.7334193,0.08474706,0.7334193,0.18183362
31625,54451,,5,The application is a lot,the application be a lot,The application is a lot,en,0.8874545693397522,positive,neutral,0.0,neutral,0.65763444,0.24618366,0.65763444,0.096181974
31626,54452,,5,Roah program,roah program,Rooooah program,en,0.849231481552124,positive,neutral,0.0,neutral,0.66507953,0.06461469,0.66507953,0.27030578
31629,54456,,5,Fahla application,fahla application,Fahla application,en,0.7966020703315735,positive,neutral,0.0,neutral,0.7776507,0.098779924,0.7776507,0.12356937
31631,54458,,5,A with Ghat,a with ghat,A with Ghat,en,0.9946511387825012,positive,neutral,0.0,neutral,0.75522214,0.09465573,0.75522214,0.15012214
31632,54459,,5,Excellent brother,excellent brother,Excellent brother,en,0.928881287574768,positive,positive,0.5719,positive,0.96065515,0.008989654,0.030355213,0.96065515
31633,54460,,1,Look Your mother,look your mother,Look ######## Your mother,en,0.9687492847442628,negative,neutral,0.0,neutral,0.71513236,0.18017796,0.71513236,0.104689665
31634,54461,,5,Reduce your tone: Elsaspeak,reduce your tone elsaspeak,Reduce your tone: Elsaspeak,en,0.8352416157722473,positive,neutral,0.0,neutral,0.7156674,0.19897816,0.7156674,0.085354425
31635,54462,,5,I did not try it,i do not try it,I did not try it,en,0.7608516812324524,positive,neutral,0.0,neutral,0.4971899,0.40538713,0.4971899,0.09742297
31637,54466,,5,"Wonderful, I advise you to try","wonderful, i advise you to try","Wonderful, I advise you to try",en,0.967845380306244,positive,positive,0.5719,positive,0.9784773,0.0037962066,0.017726462,0.9784773
31638,54467,,1,Fallus program,fallus program,Fallus program,en,0.6202563047409058,negative,neutral,0.0,neutral,0.70382845,0.06945361,0.70382845,0.22671792
31639,54468,,4,I think I am working,i think i be work,I think I am working,en,0.9795348644256592,neutral,neutral,0.0,neutral,0.7486517,0.088938504,0.7486517,0.1624098
31640,54470,,5,Almond,almond,Almond,en,0.5805526375770569,positive,neutral,0.0,neutral,0.6907813,0.050839726,0.6907813,0.258379
31641,54471,,5,You are really innovators,you be really innovator,You are really innovators,en,0.9077136516571044,positive,neutral,0.0,positive,0.90567964,0.016732257,0.0775881,0.90567964
31642,54472,,1,I don't know use,i do not know use,I don't know use,en,0.6741718649864197,negative,neutral,0.0,neutral,0.58816326,0.35299525,0.58816326,0.05884148
31643,54475,,5,Wonderfulness,wonderfulness,Wonderfulness,en,0.7641531229019165,positive,positive,0.5994,positive,0.65686494,0.026811028,0.31632406,0.65686494
31644,54476,,5,Jamil time,jamil time,Jamil time,en,0.5931888818740845,positive,neutral,0.0,neutral,0.73351717,0.085992396,0.73351717,0.18049042
31645,54477,,1,Under his experience,under his experience,Under his experience,en,0.9994887709617616,negative,neutral,0.0,neutral,0.8509304,0.046079706,0.8509304,0.10298988
31647,54479,,5,Artistic masterpiece,artistic masterpiece,Artistic masterpiece,en,0.7166746854782104,positive,positive,0.6249,positive,0.80957055,0.034316823,0.1561126,0.80957055
31652,54486,,5,The most splendor,the most splendor,The most splendor,en,0.6080777645111084,positive,positive,0.6478,positive,0.94352204,0.010441983,0.04603599,0.94352204
31654,54488,,5,Fadaa in Jannan,fadaa in jannan,Fadaa in Jannan,en,0.7859926819801331,positive,neutral,0.0,neutral,0.8643319,0.08330002,0.8643319,0.05236818
31656,54490,,5,Sweet and beautiful,sweet and beautiful,Sweet and beautiful,en,0.812147319316864,positive,positive,0.7845,positive,0.93039834,0.021845598,0.047756042,0.93039834
31657,54491,,5,With the people .........,with the people.,With the people .........,en,0.9991092681884766,positive,neutral,0.0,neutral,0.81648844,0.1076839,0.81648844,0.07582769
31658,54492,,5,You lived,you live,You lived,en,0.5865275859832764,positive,neutral,0.0,neutral,0.65770954,0.053111944,0.65770954,0.28917846
31659,54494,,5,With the people 😂,with the people 😂,With the people 😂,en,0.9910226464271544,positive,neutral,0.0,neutral,0.73653966,0.17529559,0.73653966,0.08816474
31660,54496,,5,I really reduced my dialect,i really reduce my dialect,I really reduced my dialect,en,0.9784960150718688,positive,neutral,0.0,neutral,0.54946345,0.35240802,0.54946345,0.09812848
31661,54499,,5,What about us,what about u,What about us,en,0.9742501974105836,positive,neutral,0.0,neutral,0.82958585,0.09678287,0.82958585,0.073631294
31662,54501,,5,I did not understand anything,i do not understand anything,I did not understand anything,en,0.9538977742195128,positive,neutral,0.0,negative,0.69177645,0.69177645,0.27289957,0.03532396
31664,54506,,5,Vry Good.and So Useful,vry good. and so useful,Vry Good.and So Useful,en,0.7882544994354248,positive,positive,0.7264,positive,0.97406685,0.005266702,0.020666456,0.97406685
31665,54509,,5,masterpiece,masterpiece,masterpiece,en,0.5915983319282532,positive,positive,0.6249,neutral,0.4515229,0.08825807,0.4515229,0.46021903
31666,54511,,5,Think about this study,think about this study,Think about this study,en,0.9930001497268676,positive,neutral,0.0,neutral,0.76149696,0.19039176,0.76149696,0.04811126
31667,54512,,3,Vry Nice 👍🏻,vry nice 👍,Vry Nice 👍🏻,en,0.5548973679542542,neutral,positive,0.4215,positive,0.93686056,0.015759433,0.047379997,0.93686056
31668,54515,,5,It's verb,it be verb,It's verb,en,0.8168976306915283,positive,neutral,0.0,neutral,0.77542186,0.1022185,0.77542186,0.12235972
31669,54517,,5,This is an amazing Application.,this be an amazing application.,This is an amazing Application.,en,0.7842379212379456,positive,positive,0.5859,positive,0.9826514,0.004450832,0.012897802,0.9826514
31670,54522,,5,That's so good 👍 👍,that be so good 👍 👍,That's so good 👍👍,en,0.8565242290496826,positive,positive,0.5777,positive,0.9871947,0.003444309,0.009360974,0.9871947
31672,54526,,5,Meganeous,meganeous,Meganeous,en,0.6488096714019775,positive,neutral,0.0,neutral,0.77374834,0.06617806,0.77374834,0.16007356
31673,54527,,5,"Beautiful but I had free it's go, i Wish It was free","beautiful but i have free it be go, i wish it be free","Beautiful but I had free it's go, i Wish It was free",en,0.7759847044944763,positive,positive,0.9423,positive,0.89700425,0.020666817,0.082328886,0.89700425
31674,54528,,5,Vry Good App,vry good app,Vry Good App,en,0.8224815726280212,positive,positive,0.4404,positive,0.93469447,0.014701056,0.05060443,0.93469447
31675,54533,,5,Great App for Learning English 💯,great app for learn english 💯,Great App for Learning English 💯,en,0.8789647221565247,positive,positive,0.6249,positive,0.9838927,0.0024328819,0.013674444,0.9838927
31676,54535,,5,"After a long Experience with Many Language Learning Apps, I have to say that Elsa Speak is no Ordinary App. The technology is addiced, espeCially the real-time pronunciation correction featuure, which lets you know exactly where you have a mistake and How to Fix it, Rather Than Just Telling You 'Wrong' and leaving you lost. The App's Exercises Are Varied and Graded, Suitable for All Levels, and Logical With Being Exaggeared, Meaning You Learnly and Without Pressure.","after a long experience with many language learn apps, i have to say that elsa speak be no ordinary app. the technology be addiced, especially the real-time pronunciation correction featuure, which let u you know exactly where you have a mistake and how to fix it, rather than just tell you wrong and leave you lost. the apps exercise be vary and graded, suitable for all levels, and logical with be exaggeared, meaning you learnly and without pressure.","After a long Experience with Many Language Learning Apps, I have to say that Elsa Speak is no Ordinary App. The technology is addiced, espeCially the real-time pronunciation correction featuure, which lets you know exactly where you have a mistake and How to Fix it, Rather Than Just Telling You 'Wrong' and leaving you lost. The App's Exercises Are Varied and Graded, Suitable for All Levels, and Logical With Being Exaggeared, Meaning You Learnly and Without Pressure.",en,0.9582619071006776,positive,negative,-0.808,positive,0.77416176,0.021750024,0.20408814,0.77416176
31677,54538,,5,Was Great 😃,be great 😃,Was Great 😃,en,0.5477415323257446,positive,positive,0.6249,positive,0.97008866,0.005168046,0.024743265,0.97008866
31678,54541,,5,Vry Good,vry good,Vry Good,en,0.7074506282806396,positive,positive,0.4404,positive,0.8469677,0.025371721,0.12766059,0.8469677
31679,54542,,5,Vry usful,vry usful,Vry usful,en,0.7524299025535583,positive,neutral,0.0,neutral,0.5437372,0.22632425,0.5437372,0.22993858
31680,54543,,5,Luxurious application,luxurious application,Luxurious application,en,0.8701287508010864,positive,neutral,0.0,neutral,0.6572584,0.07340559,0.6572584,0.26933601
31681,54549,,5,You are raised,you be raise,You are raised,en,0.7106112837791443,positive,neutral,0.0,neutral,0.6486383,0.12113022,0.6486383,0.23023148
31682,54550,,1,Failed program,fail program,Failed program,en,0.7816415429115295,negative,negative,-0.5423,negative,0.8352654,0.8352654,0.13968764,0.02504699
31683,54551,,4,Good But the Sound of Ai Hard to Know,good but the sound of ai hard to know,Good But the Sound of Ai Hard to Know,en,0.9572150707244872,neutral,neutral,0.09,neutral,0.5645033,0.27557182,0.5645033,0.15992485
31684,54552,,5,"Beautiful, pure","beautiful, pure","Beautiful, pure",en,0.6262794137001038,positive,positive,0.5994,positive,0.9234595,0.02259751,0.053943012,0.9234595
31686,54557,,5,It's a Wonderful Application for Learning,it be a wonderful application for learn,It's a Wonderful Application for Learning,en,0.8350534439086914,positive,positive,0.5719,positive,0.97105473,0.0053677848,0.023577437,0.97105473
31687,54559,,5,Excellent enhancing,excellent enhance,Excellent enhancing,en,0.7268157005310059,positive,positive,0.5719,positive,0.8967713,0.012771649,0.090456985,0.8967713
31688,54567,,5,I will 🙏 🙏 to be this for free,i will 🙏 🙏 to be this for free,I will 🙏🙏 to be this for free,en,0.8252136707305908,positive,positive,0.5106,positive,0.78410393,0.014806055,0.20109001,0.78410393
31689,54569,,5,"Well, I Havent Tried The Paid Version Yet. The Type of Exercises Look Great for Me. They Cover Lots of Your Weaknesses But The Free Version Is Limited for Only One Exercise in 24 Hours.","well, i have not try the pay version yet. the type of exercise look great for me. they cover lot of your weakness but the free version be limit for only one exercise in 24 hours.","Well, I Havent Tried The Paid Version Yet. The Type of Exercises Look Great for Me. They Cover Lots of Your Weaknesses But The Free Version Is Limited for Only One Exercise in 24 Hours.",en,0.9710249900817872,positive,positive,0.7781,positive,0.6867792,0.030802153,0.28241867,0.6867792
31690,54570,,3,Vry good 👍🏼 😊,vry good 👍 😊,Vry good 👍🏼😊,en,0.5669463872909546,neutral,positive,0.4404,positive,0.97518903,0.005563994,0.01924702,0.97518903
31691,54576,,5,Useful and wonderful,useful and wonderful,Useful and wonderful,en,0.6240382790565491,positive,positive,0.765,positive,0.9582452,0.010985564,0.030769259,0.9582452
31692,54577,,5,I advise that it is a very good one.,i advise that it be a very good one.,I advise that it is a very good one.,en,0.9923375844955444,positive,positive,0.4927,positive,0.96977186,0.004986676,0.025241522,0.96977186
31693,54578,,5,Vry good 😊,vry good 😊,Vry good 😊,en,0.6548259258270264,positive,positive,0.4404,positive,0.96909094,0.0068470314,0.024062097,0.96909094
31694,54582,,5,Amazing Conversation 👌 It's perfect sounds good that ai met lending Needs.,amaze conversation 👌 it be perfect sound good that ai meet lending needs.,Amazing Conversation 👌 It's perfect sounds good that ai met lending Needs.,en,0.8639670014381409,positive,positive,0.8779,positive,0.9617744,0.004747467,0.03347806,0.9617744
31695,54585,,5,Great .. Extremely usful,great. extremely usful,Great .. Extremely usful,en,0.8807538151741028,positive,positive,0.6249,positive,0.78281164,0.0684961,0.14869224,0.78281164
31697,54593,,5,Good But Much Expective,good but much expective,Good But Much Expective,en,0.9941805005073548,positive,neutral,0.2382,positive,0.8408488,0.031095268,0.1280559,0.8408488
31698,54594,,1,Uncomfortable,uncomfortable,Uncomfortable,en,0.8555994629859924,negative,negative,-0.3818,negative,0.5477328,0.5477328,0.4039654,0.048301775
31699,54596,,5,This is an application that makes you learn the English with ease,this be an application that make you learn the english with ease,This is an application that makes you learn the English with ease,en,0.9517424702644348,positive,positive,0.3612,neutral,0.3691598,0.014396533,0.3691598,0.6164437
31700,54598,,5,Magnificance,magnificance,Magnificance,en,0.6402076482772827,positive,neutral,0.0,neutral,0.72252345,0.14490116,0.72252345,0.13257538
31701,54599,,5,I really live it 😍 💖 Five Stars,i really live it 😍 💖 five star,I really live it 😍💖 Five Stars,en,0.9346376657485962,positive,neutral,0.0,positive,0.9840973,0.0045333537,0.01136934,0.9840973
31702,54602,,1,Expective!,expective!,Expective!,en,0.9179331660270692,negative,neutral,0.0,neutral,0.50618255,0.020375736,0.50618255,0.47344172
31704,54606,,5,Good app ❤,good app ❤,Good app ❤,en,0.8728510141372681,positive,positive,0.4404,positive,0.9650958,0.007956833,0.026947353,0.9650958
31705,54614,,5,Nice 💯,nice 💯,Nice 💯,en,0.7240248322486877,positive,positive,0.4215,positive,0.95110726,0.008462364,0.040430404,0.95110726
31706,54620,,5,Professional Application,professional application,Professional Application,en,0.9624841809272766,positive,neutral,0.0,neutral,0.66803867,0.11386114,0.66803867,0.21810026
31707,54621,,5,Vry Very Nice ..,vry very nice.,Vry Very Nice ..,en,0.9934097528457642,positive,positive,0.4754,positive,0.95546997,0.009193056,0.03533691,0.95546997
31708,54622,,5,Good to Learn Speaking True 👍,good to learn speak true 👍,Good to Learn Speaking True 👍,en,0.9513735175132751,positive,positive,0.6908,positive,0.96546525,0.004913967,0.029620808,0.96546525
31709,54624,,5,The App Very 👍,the app very 👍,The App Very 👍,en,0.9929232001304626,positive,neutral,0.0,positive,0.9139128,0.005963072,0.08012412,0.9139128
31711,54635,,5,greatness,greatness,greatness,en,0.9199286699295044,positive,neutral,0.0,positive,0.8968047,0.015076513,0.08811884,0.8968047
31714,54642,,5,👍 Good Job,👍 good job,👍 Good Job,en,0.9160673022270204,positive,positive,0.4404,positive,0.9538039,0.012084989,0.03411107,0.9538039
31715,54643,,4,This is the program is beutiful,this be the program be beutiful,This is the program is beutiful,en,0.6943516731262207,neutral,neutral,0.0,positive,0.95587116,0.006186388,0.037942454,0.95587116
31716,54647,,5,Vry Nice,vry nice,Vry Nice,en,0.6278018355369568,positive,positive,0.4215,positive,0.8602977,0.029785799,0.10991645,0.8602977
31718,54649,,5,Wow that is a Amazing Experience L RealLY AppreCIate that 🤍 ☺️,wow that be a amazing experience l really appreciate that 🤍 ☺,Wow that is a Amazing Experience L RealLY AppreCIate that 🤍☺️,en,0.9605938196182252,positive,positive,0.8908,positive,0.98645985,0.005130403,0.008409774,0.98645985
31719,54650,,1,Not Support Arabic Language in Setting 😕,not support arabic language in set 😕,Not Support Arabic Language in Setting 😕,en,0.8918660879135132,negative,negative,-0.3089,negative,0.8147098,0.8147098,0.17599681,0.009293391
31720,54651,,5,Very beautiful ✨️,very beautiful ✨,Very beautiful ✨️,en,0.9790354371070862,positive,positive,0.6361,positive,0.96632797,0.010374434,0.023297649,0.96632797
31721,54652,,5,"Excellent, easy, and useful","excellent, easy, and useful","Excellent, easy, and useful",en,0.7393088340759277,positive,positive,0.8591,positive,0.97071284,0.005430078,0.023857133,0.97071284
31725,54664,,3,This is the application cool,this be the application cool,This is the application cool,en,0.7762799859046936,neutral,positive,0.3182,positive,0.80041695,0.01154073,0.18804237,0.80041695
31727,54669,,4,"I liked this application vercha becuse it provides Many educiational Methods, but what changed my OPINION about it is that Impscribe to bring some educingal Tools Available in It.!","i like this application vercha becuse it provide many educiational methods, but what change my opinion about it be that impscribe to bring some educingal tool available in it. !","I liked this application vercha becuse it provides Many educiational Methods, but what changed my OPINION about it is that Impscribe to bring some educingal Tools Available in It.!",en,0.9482620358467102,neutral,neutral,0.2598,positive,0.84827805,0.011744517,0.13997744,0.84827805
31728,54672,,5,Lam So Grateful to You,lam so grateful to you,Lam So Grateful to You,en,0.8136608600616455,positive,positive,0.5095,positive,0.9504248,0.0110616395,0.0385136,0.9504248
31729,54673,,5,Good 💯 👍,good 💯 👍,Good 💯👍,en,0.5955150127410889,positive,positive,0.4404,positive,0.9742191,0.005126489,0.020654371,0.9742191
31730,54678,,5,The sweetest application,the sweet application,The sweetest application,en,0.7567065358161926,positive,positive,0.4588,positive,0.77714515,0.055548914,0.16730595,0.77714515
31731,54680,,5,Very popular,very popular,Very popular,en,0.995872974395752,positive,positive,0.4754,positive,0.74807614,0.018688424,0.2332354,0.74807614
31733,54683,,5,Feature Good to Have Customize Home Page. There are great tools and feats and I wanted to add in home page as I will change Sound. Elsa Sound is Good and CLEAR But I Prefer a Man Sound Rather Than Woman,feature good to have customize home page. there be great tool and feat and i want to add in home page as i will change sound. elsa sound be good and clear but i prefer a man sound rather than woman,Feature Good to Have Customize Home Page. There are great tools and feats and I wanted to add in home page as I will change Sound. Elsa Sound is Good and CLEAR But I Prefer a Man Sound Rather Than Woman,en,0.9155955910682678,positive,positive,0.7506,positive,0.8296146,0.01664868,0.15373668,0.8296146
31734,54684,,4,Lam in The Beginning But I think that good way,lam in the beginning but i think that good way,Lam in The Beginning But I think that good way,en,0.9761254787445068,neutral,positive,0.5927,positive,0.90339434,0.010237729,0.086367965,0.90339434
31736,54688,,5,Vry Wonderful Application,vry wonderful application,Vry Wonderful Application,en,0.7052792906761169,positive,positive,0.5719,positive,0.94069964,0.019692605,0.039607715,0.94069964
31737,54689,,5,This Application is really Helpful,this application be really helpful,This Application is really Helpful,en,0.944722056388855,positive,positive,0.4754,positive,0.9556508,0.0069921035,0.03735707,0.9556508
31738,54692,,4,Vry good 👍,vry good 👍,Vry good 👍,en,0.6002130508422852,neutral,positive,0.4404,positive,0.9568751,0.008533256,0.034591723,0.9568751
31739,54697,,4,Very fun,very fun,Very fun,en,0.993968427181244,neutral,positive,0.5563,positive,0.9359058,0.01153194,0.052562293,0.9359058
31740,54700,,5,It is a maizing App I loved it ❤️,it be a maizing app i love it ❤,It is a maizing App I loved it ❤️,en,0.6246110796928406,positive,positive,0.6369,positive,0.9753076,0.010555988,0.014136416,0.9753076
31742,54702,,1,Vry Well,vry well,Vry Well,en,0.9670007228851318,negative,neutral,0.2732,neutral,0.5100967,0.073603526,0.5100967,0.4162997
31745,54707,,3,It is the best application in English Speaking Skill Till Now.,it be the best application in english speaking skill till now.,It is the best application in English Speaking Skill Till Now.,en,0.8710224628448486,neutral,positive,0.6369,positive,0.96152866,0.0039021599,0.034569167,0.96152866
31746,54708,,3,Wow it's really good,wow it be really good,Wow it's really good,en,0.9635955691337584,neutral,positive,0.7902,positive,0.97135824,0.005323776,0.023317933,0.97135824
31748,54711,,4,Greet But everything in English,greet but everything in english,Greet But everything in English,en,0.8899754285812378,neutral,neutral,0.1655,neutral,0.8301586,0.027661622,0.8301586,0.1421798
31749,54712,,5,Excellent you are wonderful,excellent you be wonderful,Excellent you are wonderful,en,0.7348777055740356,positive,positive,0.8126,positive,0.9785807,0.0062837387,0.015135543,0.9785807
31750,54716,,5,"Indeed, it is a very useful application","indeed, it be a very useful application","Indeed, it is a very useful application",en,0.8981683850288391,positive,positive,0.4927,positive,0.9632466,0.0037519373,0.033001456,0.9632466
31751,54717,,5,Vry Good Apps. Thank you,vry good apps. thank you,Vry Good Apps. Thank you,en,0.93463397026062,positive,positive,0.6597,positive,0.97648615,0.0059797545,0.017534042,0.97648615
31752,54719,,5,Completely,completely,Completely,en,0.99636572599411,positive,neutral,0.0,neutral,0.5447119,0.18436603,0.5447119,0.2709221
31755,54723,,5,The best profram in the world,the best profram in the world,The best profram in the world,en,0.637018620967865,positive,positive,0.6369,positive,0.974757,0.0071664834,0.018076425,0.974757
31757,54728,,1,Too Expective!,too expective!,Too Expective!,en,0.9447620511054992,negative,neutral,0.0,neutral,0.45743263,0.36965227,0.45743263,0.17291507
31758,54729,,5,This App is Greatto Learn English,this app be greatto learn english,This App is Greatto Learn English,en,0.6900734305381775,positive,neutral,0.0,positive,0.94512373,0.0050516743,0.049824603,0.94512373
31759,54734,,5,Very cool and useful application for conversation,very cool and useful application for conversation,Very cool and useful application for conversation,en,0.9239242672920228,positive,positive,0.6962,positive,0.96674377,0.006255213,0.02700101,0.96674377
31760,54735,,5,That's good ... You are help me so Much ☺️,that be good. you be help me so much ☺,That's good ... You are help me so Much ☺️,en,0.9690918922424316,positive,positive,0.6808,positive,0.9807326,0.0060518174,0.013215612,0.9807326
31761,54736,,2,Great program 🤩,great program 🤩,Great program 🤩,en,0.8561856746673584,negative,positive,0.6249,positive,0.9798686,0.0060087712,0.014122615,0.9798686
31762,54745,,4,Useful and Helpful to Practice the Language,useful and helpful to practice the language,Useful and Helpful to Practice the Language,en,0.8731285333633423,neutral,positive,0.6908,positive,0.8581222,0.0074581653,0.13441958,0.8581222
31763,54746,,5,I can win,i can win,I can win,en,0.9803799390792848,positive,positive,0.5859,positive,0.78248507,0.015390169,0.2021247,0.78248507
31764,54750,,5,Hungry,hungry,Hungry,en,0.5073994398117065,positive,neutral,0.0,neutral,0.5107525,0.30830306,0.5107525,0.18094446
31765,54751,,5,I love your work.,i love your work.,I love your work.,en,0.9105649590492249,positive,positive,0.6369,positive,0.98149294,0.0035047974,0.015002267,0.98149294
31767,54754,,5,Beautiful App I Enjoy to Speak with,beautiful app i enjoy to speak with,Beautiful App I Enjoy to Speak with,en,0.9908477663993835,positive,positive,0.7964,positive,0.9857224,0.0038788093,0.0103988,0.9857224
31768,54756,,5,Vry Good App Work Downloading,vry good app work download,Vry Good App Work Downloading,en,0.8526382446289062,positive,positive,0.4404,positive,0.9494455,0.008081156,0.04247333,0.9494455
31769,54759,,5,Good App to Speaking,good app to speaking,Good App to Speaking,en,0.9840052127838136,positive,positive,0.4404,positive,0.8396424,0.018608207,0.1417494,0.8396424
31771,54764,,5,Literally,literally,Literally,en,0.9291799664497375,positive,neutral,0.0,neutral,0.48234975,0.18698572,0.48234975,0.3306646
31772,54766,,4,Very beautiful.,very beautiful.,Very beautiful.,en,0.9910461902618408,neutral,positive,0.6361,positive,0.942876,0.016703213,0.040420797,0.942876
31773,54768,,5,Picnic,picnic,Picnic,en,0.5840168595314026,positive,neutral,0.0,neutral,0.57333404,0.038995802,0.57333404,0.3876702
31774,54769,,5,It is very helpfl l Like it very much ♥ ️ ✨,it be very helpfl l like it very much ♥ ✨,It is very helpfl l Like it very much ♥ ️✨,en,0.9945093989372252,positive,positive,0.4173,positive,0.9817368,0.005641477,0.012621772,0.9817368
31775,54772,,5,It's Above Access,it be above access,It's Above Access,en,0.5120581388473511,positive,neutral,0.0,neutral,0.75079,0.060795154,0.75079,0.18841483
31776,54773,,5,She is very nice and good teacher,she be very nice and good teacher,She is very nice and good teacher,en,0.9961697459220886,positive,positive,0.7397,positive,0.96807754,0.007604599,0.024317859,0.96807754
31777,54775,,5,Thanks 🌹,thanks 🌹,Thanks 🌹,en,0.8410186767578125,positive,positive,0.4404,positive,0.95015794,0.0069612856,0.042880774,0.95015794
31778,54776,,5,Marvelous Application ✨,marvelous application ✨,Marvelous Application ✨,en,0.6981459259986877,positive,positive,0.5994,positive,0.88191307,0.0067512332,0.11133569,0.88191307
31779,54777,,1,A bad application that was broken down and removed from the Telegram group without reason by addict. Bad App them Out and Block Me from TeleGram Group With Rason by Admin.,a bad application that be break down and remove from the telegram group without reason by addict. bad app them out and block me from telegram group with rason by admin.,A bad application that was broken down and removed from the Telegram group without reason by addict. Bad App them Out and Block Me from TeleGram Group With Rason by Admin.,en,0.9222757816314696,negative,negative,-0.872,negative,0.93498135,0.93498135,0.059041772,0.0059768134
31781,54779,,5,"Perfect App for Learning and Speaking English, I Have a Question I Need Help for Payment How can I get it","perfect app for learn and speak english, i have a question i need help for payment how can i get it","Perfect App for Learning and Speaking English, I Have a Question I Need Help for Payment How can I get it",en,0.9672013521194458,positive,positive,0.7506,positive,0.7709627,0.010374179,0.21866307,0.7709627
31782,54780,,5,B8cig Engineer :) H Rudd VS/ EFF C.F.,b8cig engineer h rudd vs/ eff c. f.,B8cig Engineer :) H Rudd VS/ EFF C.F.,en,0.853653609752655,positive,neutral,0.0,neutral,0.91563433,0.047412768,0.91563433,0.03695287
31783,54781,,5,"It's Wonderfl App, I Get IT 5 Stars 🤍 🖤","it be wonderfl app, i get it 5 star 🤍 🖤","It's Wonderfl App, I Get IT 5 Stars🤍🖤",en,0.5192358493804932,positive,neutral,0.0,positive,0.95882887,0.004979521,0.036191557,0.95882887
31784,54786,,5,Beautiful application,beautiful application,Beautiful application,en,0.8358104228973389,positive,positive,0.5994,positive,0.9362504,0.020549422,0.043200195,0.9362504
31786,54795,,5,That's great ✨️,that be great ✨,That's great ✨️,en,0.9541300535202026,positive,positive,0.6249,positive,0.9839076,0.0043676994,0.011724765,0.9839076
31790,54801,,5,More Than Amazing,more than amaze,More Than Amazing,en,0.9534810185432434,positive,positive,0.5829,positive,0.8510251,0.014560092,0.13441479,0.8510251
31791,54802,,5,Great Job Elsa,great job elsa,Great Job Elsa,en,0.7489057779312134,positive,positive,0.6249,positive,0.9617613,0.0075274697,0.030711241,0.9617613
31793,54817,,5,So usful,so usful,So usful,en,0.6624418497085571,positive,neutral,0.0,negative,0.67068386,0.67068386,0.2779848,0.051331367
31794,54820,,5,Very new,very new,Very new,en,0.9984897375106812,positive,neutral,0.0,neutral,0.6172062,0.061934613,0.6172062,0.3208592
31796,54822,,5,I love the program,i love the program,I love the program,en,0.546884298324585,positive,positive,0.6369,positive,0.96934134,0.0041747345,0.026484001,0.96934134
31797,54826,,5,He strongly stated it,he strongly state it,He strongly stated it,en,0.963095724582672,positive,neutral,0.2732,neutral,0.6408914,0.0229349,0.6408914,0.33617377
31798,54827,,4,"It is very good app, it has a lot of lessons and partissions it is like a teacher who texts you English pronunciation.","it be very good app, it have a lot of lesson and partissions it be like a teacher who texts you english pronunciation.","It is very good app, it has a lot of lessons and partissions it is like a teacher who texts you English pronunciation.",en,0.9575145840644836,neutral,positive,0.6901,positive,0.9463596,0.005212013,0.0484284,0.9463596
31799,54828,,5,I love this app so much it's like a dream,i love this app so much it be like a dream,I love this app so much it's like a dream,en,0.8484063744544983,positive,positive,0.8271,positive,0.971494,0.0130777545,0.0154281845,0.971494
31801,54836,,5,In a madman,in a madman,In a madman,en,0.9258855581283568,positive,neutral,0.0,neutral,0.56243235,0.23031549,0.56243235,0.2072522
31803,54842,,5,It's perfect 🥰,it be perfect 🥰,It's perfect 🥰,en,0.6656259298324585,positive,positive,0.5719,positive,0.9735,0.007910734,0.01858922,0.9735
31804,54853,,5,I like this App Course Make Another One Like this for GERMAN.,i like this app course make another one like this for german.,I like this App Course Make Another One Like this for GERMAN.,en,0.9117850065231324,positive,positive,0.6124,positive,0.96887165,0.0034742632,0.02765414,0.96887165
31805,54854,,5,"It's a great application, Hopefully it will be free","it be a great application, hopefully it will be free","It's a great application, Hopefully it will be free",en,0.857097327709198,positive,positive,0.8779,positive,0.98257625,0.0033070974,0.014116642,0.98257625
31807,54856,,5,Beautiful .. GoOOD,beautiful. goood,Beautiful .. GoooOOD,en,0.8438299298286438,positive,positive,0.5994,positive,0.95989746,0.0121484585,0.027954077,0.95989746
31809,54864,,5,This App Vry Helpful and I Love it So Much,this app vry helpful and i love it so much,This App Vry Helpful and I Love it So Much,en,0.9101186394691468,positive,positive,0.7906,positive,0.9836796,0.0068528,0.009467616,0.9836796
31810,54866,,4,IT'an Excellent App,itan excellent app,IT'an Excellent App,en,0.575386643409729,neutral,positive,0.5719,positive,0.9439299,0.010594978,0.045475144,0.9439299
31811,54868,,5,Fantastic Program 💯,fantastic program 💯,Fantastic Program 💯,en,0.6881334781646729,positive,positive,0.5574,positive,0.9806121,0.006151604,0.013236344,0.9806121
31812,54884,,5,LT Programs Great App,lt program great app,LT Programs Great App,en,0.872123122215271,positive,positive,0.6249,positive,0.95467025,0.010674411,0.034655366,0.95467025
31813,54885,,1,With money,with money,With money,en,0.9883213639259338,negative,neutral,0.0,neutral,0.6906448,0.097188435,0.6906448,0.21216674
31814,54887,,4,Very sweet,very sweet,Very sweet,en,0.9840449690818788,neutral,positive,0.5095,positive,0.89721954,0.034212347,0.06856812,0.89721954
31816,54892,,5,Great App ♥,great app ♥,Great App ♥,en,0.8557380437850952,positive,positive,0.6249,positive,0.975921,0.0069762818,0.017102694,0.975921
31817,54894,,4,If this app became free will be more better and usful,if this app become free will be more good and usful,If this app became free will be more better and usful,en,0.9410150647163392,neutral,positive,0.7574,positive,0.8614394,0.010707921,0.12785268,0.8614394
31818,54895,,5,I loved this app when I ask anything or Questions It ANSWer to me,i love this app when i ask anything or question it answer to me,I loved this app when I ask anything or Questions It ANSWer to me,en,0.9142859578132628,positive,positive,0.6369,positive,0.94924253,0.009705764,0.041051697,0.94924253
31819,54897,,1,Any Paid Application for Learning the Language I Consider Vry BAD who don’t you like the American English App? Unfortunately I Deleted Elasa Form My Tell,any paid application for learn the language i consider vry bad who do not t you like the american english app? unfortunately i delete elasa form my tell,Any Paid Application for Learning the Language I Consider Vry BAD who don’t you like the American English App? Unfortunately I Deleted Elasa Form My Tell,en,0.9358128905296326,negative,negative,-0.7912,negative,0.89544755,0.89544755,0.097292714,0.007259782
31820,54898,,5,"Vry Nice, but why did he had to Bother with Money?","vry nice, but why do he have to bother with money?","Vry Nice, but why did he had to Bother with Money?",en,0.989897608757019,positive,negative,-0.296,neutral,0.46569425,0.42016402,0.46569425,0.11414174
31821,54899,,5,Vry Good app for any one to imProve herself,vry good app for any one to improve herself,Vry Good app for any one to imProve herself,en,0.8985467553138733,positive,positive,0.7003,positive,0.89799184,0.012619289,0.089388885,0.89799184
31822,54903,,5,Vry Beautiful,vry beautiful,Vry Beautiful,en,0.5795625448226929,positive,positive,0.5994,positive,0.88087374,0.03493535,0.08419098,0.88087374
31823,54904,,5,"Great, Helpful and Funny Way to Learn Language !!","great, helpful and funny way to learn language!","Great, Helpful and Funny Way to Learn Language !!",en,0.873902440071106,positive,positive,0.8777,positive,0.9767268,0.004317546,0.018955661,0.9767268
31824,54906,,5,The Greatest Application. No Comment,the great application. no comment,The Greatest Application. No Comment,en,0.7307128310203552,positive,positive,0.4404,positive,0.8690026,0.01329534,0.1177021,0.8690026
31825,54910,,5,Please add the Offline Learning Feature,please add the offline learning feature,Please add the Offline Learning Feature,en,0.7849602103233337,positive,neutral,0.2023,neutral,0.65449166,0.01731643,0.65449166,0.32819197
31826,54911,,5,👍 Super Nice 💯,👍 super nice 💯,👍 Super Nice 💯,en,0.5237995386123657,positive,positive,0.7717,positive,0.9768826,0.006937563,0.016179796,0.9768826
31829,54917,,5,It's Amazing App for Learn,it be amazing app for learn,It's Amazing App for Learn,en,0.8641592264175415,positive,positive,0.5859,positive,0.97251093,0.0052142297,0.02227483,0.97251093
31830,54920,,1,We Need Arabic,we need arabic,We Need Arabic,en,0.8857323527336121,negative,neutral,0.0,neutral,0.7256041,0.14791662,0.7256041,0.12647925
31832,54935,,5,The Most Clever English Learning App on Planet Earth,the most clever english learn app on planet earth,The Most Clever English Learning App on Planet Earth,en,0.7489719986915588,positive,positive,0.5095,positive,0.935091,0.010712536,0.054196466,0.935091
31836,54943,,5,JUST PERFCT,just perfct,JUST PERFCT,en,0.8506886959075928,positive,neutral,0.0,neutral,0.6776683,0.1549969,0.6776683,0.16733481
31837,54945,,4,Excel,excel,Excel,en,0.5132102370262146,neutral,positive,0.4588,neutral,0.72213346,0.08970411,0.72213346,0.18816242
31838,54949,,1,Free Choices Are Very Limited,free choice be very limited,Free Choices Are Very Limited,en,0.8889803290367126,negative,neutral,0.2748,neutral,0.7574535,0.16196851,0.7574535,0.080578
31839,54950,,4,Should Be to Translate to Arabic,should be to translate to arabic,Should Be to Translate to Arabic,en,0.7867009043693542,neutral,neutral,0.0,neutral,0.8353856,0.0888686,0.8353856,0.07574579
31840,54952,,5,Vry Nice 💯,vry nice 💯,Vry Nice 💯,en,0.5446435213088989,positive,positive,0.4215,positive,0.94866496,0.011790557,0.039544437,0.94866496
31842,54956,,5,This Application is Excellent 😊,this application be excellent 😊,This Application is Excellent 😊,en,0.8213741779327393,positive,positive,0.5719,positive,0.98404217,0.0042655026,0.011692377,0.98404217
31843,54962,,5,"In My Opinion, Elsa can be your English teacher in the home","in my opinion, elsa can be your english teacher in the home","In My Opinion, Elsa can be your English teacher in the home",en,0.9399621486663818,positive,neutral,0.0,neutral,0.733715,0.025173811,0.733715,0.24111122
31844,54966,,4,Perfect 🤩 🙌,perfect 🤩 🙌,Perfect🤩🙌,en,0.586179256439209,neutral,positive,0.5719,positive,0.97991973,0.0066391565,0.013441105,0.97991973
31845,54967,,2,Khosh is a program and God,khosh be a program and god,Khosh is a program and God,en,0.8687601685523987,negative,neutral,0.2732,positive,0.6902712,0.039363682,0.2703651,0.6902712
31846,54990,,3,It is very good 👍 and usful,it be very good 👍 and usful,It is very good 👍 and usful,en,0.9844403266906738,neutral,positive,0.4927,positive,0.9796418,0.0039672046,0.016391031,0.9796418
31847,54997,,5,It's best apps to learn English,it be best apps to learn english,It's best apps to learn English,en,0.8063690662384033,positive,positive,0.6369,positive,0.7445126,0.033184946,0.22230242,0.7445126
31848,54998,,5,I love you elsa speak,i love you elsa speak,I love you elsa speak,en,0.8152269721031189,positive,positive,0.6369,positive,0.969164,0.0063193515,0.024516646,0.969164
31849,55007,,5,It's Fantastic App But Not Free,it be fantastic app but not free,It's Fantastic App But Not Free,en,0.7328256368637085,positive,negative,-0.3078,neutral,0.38811144,0.24365887,0.38811144,0.36822966
31850,55008,,5,This is very expellent?,this be very expellent?,This is very expellent?,en,0.9760844111442566,positive,neutral,0.0,neutral,0.8321428,0.10359174,0.8321428,0.06426545
31851,55011,,5,This is good 👌,this be good 👌,This is good 👌,en,0.6783764958381653,positive,positive,0.4404,positive,0.97218394,0.0036269773,0.024189055,0.97218394
31852,55012,,5,Beutiful,beutiful,Beutiful,en,0.5249553918838501,positive,neutral,0.0,positive,0.92219335,0.015966669,0.06183997,0.92219335
31856,55024,,5,The Problem:,the problem,The Problem:,en,0.9193532466888428,positive,negative,-0.4019,negative,0.6071562,0.6071562,0.35552204,0.037321765
31857,55025,,5,"It is good, but it Needs Money and Many Arabs Do Not Have engrav Money to Buy all the Resources in the Application.","it be good, but it need money and many arab do not have engrav money to buy all the resource in the application.","It is good, but it Needs Money and Many Arabs Do Not Have engrav Money to Buy all the Resources in the Application.",en,0.9645751118659972,positive,neutral,0.2382,negative,0.52913594,0.52913594,0.42769545,0.043168657
31858,55026,,5,"It is Wonderful and Beneficial, I have been benefiting During the Next Period","it be wonderful and beneficial, i have be benefit during the next period","It is Wonderful and Beneficial, I have been benefiting During the Next Period",en,0.9571614265441896,positive,positive,0.8625,positive,0.97653145,0.004937143,0.01853149,0.97653145
31859,55027,,5,The most powerful type,the most powerful type,The most powerful type,en,0.7988619208335876,positive,positive,0.4754,positive,0.7986406,0.021465985,0.17989343,0.7986406
31860,55038,,5,RealLly Helpful ☺️,reallly helpful ☺,RealLly Helpful ☺️,en,0.5504075288772583,positive,positive,0.4215,positive,0.932892,0.01735481,0.04975312,0.932892
31862,55055,,1,🔴 I hop that the Arabic Language will be added to the interface of the application in orer to make it easier for us to use the application for studnts who are new to learning English,🔴 i hop that the arabic language will be add to the interface of the application in orer to make it easy for u to use the application for studnts who be new to learn english,🔴 I hop that the Arabic Language will be added to the interface of the application in orer to make it easier for us to use the application for studnts who are new to learning English,en,0.8928589820861816,negative,positive,0.4404,positive,0.6525463,0.006558563,0.34089512,0.6525463
31863,55056,,5,This Application is verifylent. I Hope everyone downloads it and takes advantage of it to Improve your English Language skills 🤍 👌🏽,this application be verifylent. i hope everyone download it and take advantage of it to improve your english language skill 🤍 👌,This Application is verifylent. I Hope everyone downloads it and takes advantage of it to Improve your English Language skills 🤍👌🏽,en,0.88052898645401,positive,positive,0.7783,positive,0.96516997,0.0034376634,0.031392403,0.96516997
31864,55064,,1,The Best Learning English App,the best learning english app,The Best Learning English App,en,0.8050616979598999,negative,positive,0.6369,positive,0.97811764,0.0031527427,0.018729625,0.97811764
31865,55068,,5,This App Vry Useful I Like to Recomment You to download this app,this app vry useful i like to recomment you to download this app,This App Vry Useful I Like to Recomment You to download this app,en,0.9030805230140686,positive,positive,0.6597,positive,0.97439617,0.002964771,0.022639038,0.97439617
31866,55069,,5,"Awesome App, Thanks 😄","awesome app, thanks 😄","Awesome App, Thanks 😄",en,0.8077139854431152,positive,positive,0.7906,positive,0.98480093,0.004477565,0.010721492,0.98480093
31867,55070,,5,Thank you so much 😊,thank you so much 😊,Thank you so much 😊,en,0.9653264284133912,positive,positive,0.3612,positive,0.9675705,0.010908887,0.021520644,0.9675705
31868,55071,,5,It helas me alot,it helas me alot,It hélas me alot,en,0.5002782940864563,positive,neutral,0.0,neutral,0.6094611,0.2674292,0.6094611,0.123109706
31869,55072,,5,My Favorite App to Learn English,my favorite app to learn english,My Favorite App to Learn English,en,0.9329838752746582,positive,positive,0.4588,positive,0.9506722,0.004347054,0.044980776,0.9506722
31870,55083,,5,ACTULLY This is the Best Choice for Any One Suffeers from Speaking.,actully this be the best choice for any one suffeers from speaking.,ACTULLY This is the Best Choice for Any One Suffeers from Speaking.,en,0.8415037989616394,positive,positive,0.6369,neutral,0.3161132,0.042047307,0.3161132,0.64183944
31871,55087,,5,Vry Nice App to Improving Speaking Skills,vry nice app to improve speak skill,Vry Nice App to Improving Speaking Skills,en,0.9432154893875122,positive,positive,0.6908,positive,0.928646,0.010453421,0.06090053,0.928646
31872,55088,,5,Is Great Application 🤩 👌🏻,be great application 🤩 👌,Is Great Application 🤩👌🏻,en,0.7601191401481628,positive,positive,0.6249,positive,0.9798402,0.00388779,0.016272053,0.9798402
31874,55090,,5,Vry Good App I Recommended IT,vry good app i recommend it,Vry Good App I Recommended IT,en,0.8085290193557739,positive,positive,0.6597,positive,0.9790556,0.0058124824,0.015131925,0.9790556
31877,55101,,5,Greeat App,greeat app,Greeat App,en,0.6460634469985962,positive,neutral,0.0,neutral,0.48086107,0.41607028,0.48086107,0.103068724
31878,55102,,5,Always The Best,always the best,Always The Best,en,0.8233070969581604,positive,positive,0.6369,positive,0.9587479,0.0096659595,0.031586085,0.9587479
31879,55106,,5,It's very good ☺️ 😊 ☺️ 😊,it be very good ☺ 😊 ☺ 😊,It's very good ☺️😊☺️😊,en,0.9507505297660828,positive,positive,0.4927,positive,0.9832576,0.0028583496,0.013884057,0.9832576
31880,55109,,5,It's a very cool app 😍 😍,it be a very cool app 😍 😍,It's a very cool app😍😍,en,0.973097801208496,positive,positive,0.3804,positive,0.9848968,0.0028317184,0.01227153,0.9848968
31881,55110,,1,to lie,to lie,to lie,en,0.97791987657547,negative,neutral,0.0,neutral,0.60364914,0.30599836,0.60364914,0.09035249
31882,55111,,5,I absolutly loved it.,i absolutly love it.,I absolutly loved it.,en,0.8814724683761597,positive,positive,0.6369,positive,0.97799087,0.0066619916,0.015347134,0.97799087
31883,55113,,2,It needs balance,it need balance,It needs balance,en,0.8780597448348999,negative,neutral,0.0,neutral,0.7334583,0.17535071,0.7334583,0.09119095
31884,55114,,5,to explain,to explain,to explain,en,0.969428300857544,positive,neutral,0.0,neutral,0.73295325,0.17373288,0.73295325,0.09331391
31885,55117,,5,Smpel and Cies,smpel and cies,Smpel and Cies,en,0.8433048129081726,positive,neutral,0.0,neutral,0.8537795,0.042950753,0.8537795,0.103269845
31886,55122,,1,You should tell that the program is not free before downloading,you should tell that the program be not free before download,You should tell that the program is not free before downloading,en,0.9304187297821044,negative,negative,-0.4023,negative,0.57681423,0.57681423,0.4086291,0.014556634
31887,55123,,5,Very excellent 👍🏻 😁 👌🏻,very excellent 👍 😁 👌,Very excellent 👍🏻😁👌🏻,en,0.9661481976509094,positive,positive,0.6115,positive,0.98013467,0.005523551,0.014341834,0.98013467
31888,55125,,5,Vry Nice Profm. I advise you to download it,vry nice profm. i advise you to download it,Vry Nice Profm. I advise you to download it,en,0.861282229423523,positive,positive,0.4215,positive,0.9797245,0.0037056962,0.01656977,0.9797245
31890,55132,,4,"Realy, nice","realy, nice","Realy, nice",en,0.7255265712738037,neutral,positive,0.4215,positive,0.9109877,0.013364728,0.075647555,0.9109877
31891,55137,,5,That's a cool app,that be a cool app,That's a cool app,en,0.9250136017799376,positive,positive,0.3182,positive,0.90816975,0.017088164,0.07474204,0.90816975
31898,55177,,2,Pretty Good App .. ADVISE You to download it .... but every thing Needs Payment,pretty good app. advise you to download it. but every thing need payment,Pretty Good App .. ADVISE You to download it .... but every thing Needs Payment,en,0.9818072319030762,negative,positive,0.4678,positive,0.9346085,0.008080263,0.057311226,0.9346085
31899,55178,,5,It's a great App it helps me to learn English Too Easy,it be a great app it help me to learn english too easy,It's a great App it helps me to learn English Too Easy,en,0.8645287156105042,positive,positive,0.8658,positive,0.98041385,0.0032377082,0.016348505,0.98041385
31900,55179,,3,Good App But Needs Money,good app but need money,Good App But Needs Money,en,0.971265435218811,neutral,neutral,0.2382,positive,0.70482427,0.05932891,0.23584677,0.70482427
31902,55185,,5,Stop,stop,Stop,en,0.6551483273506165,positive,negative,-0.296,neutral,0.44095713,0.3822589,0.44095713,0.17678401
31903,55188,,5,The Best Way to Get a Native English Speaker,the best way to get a native english speaker,The Best Way to Get a Native English Speaker,en,0.8402537703514099,positive,positive,0.6369,positive,0.74047905,0.015482514,0.24403846,0.74047905
31904,55189,,5,Thank you so much 💓,thank you so much 💓,Thank you so much 💓,en,0.9710549712181092,positive,positive,0.3612,positive,0.9532469,0.01876657,0.027986573,0.9532469
31905,55191,,5,"Ilove, t","ilove, t","Ilove, t",en,0.6207965612411499,positive,neutral,0.0,positive,0.7958515,0.03054265,0.1736058,0.7958515
31907,55206,,5,Apply an application,apply an application,Apply an application,en,0.756553053855896,positive,neutral,0.0,neutral,0.7632177,0.08138048,0.7632177,0.15540186
31908,55208,,4,"This app is very useful and intelligenceing. But in Some Countries (Like Mine: Syria), it does not work properly, and requires vpn every time you will to account the Full Features. I hop you fix that probem soon. Thanks!","this app be very useful and intelligenceing. but in some country like mine syria , it do not work properly, and require vpn every time you will to account the full features. i hop you fix that probem soon. thanks!","This app is very useful and intelligenceing. But in Some Countries (Like Mine: Syria), it does not work properly, and requires vpn every time you will to account the Full Features. I hop you fix that probem soon. Thanks!",en,0.917303740978241,neutral,positive,0.8587,negative,0.6587622,0.6587622,0.26037472,0.08086306
31910,55217,,5,It is Frankly One of the Best Applications in Terms of Practicing Speaking Through the Day. I advise everyone to download it,it be frankly one of the best application in term of practice speak through the day. i advise everyone to download it,It is Frankly One of the Best Applications in Terms of Practicing Speaking Through the Day. I advise everyone to download it,en,0.9798450469970704,positive,positive,0.6369,positive,0.9797482,0.004691098,0.015560708,0.9797482
31911,55228,,5,It's so green 😍 😍,it be so green 😍 😍,It's so green😍😍,en,0.6187644004821777,positive,neutral,0.0,positive,0.97835165,0.005632371,0.016015993,0.97835165
31912,55232,,5,Anazing Application 👏,anazing application 👏,Anazing Application 👏,en,0.828886866569519,positive,neutral,0.0,positive,0.9672811,0.009385515,0.02333337,0.9672811
31913,55233,,5,Pretty Pretty Good,pretty pretty good,Pretty Pretty Good,en,0.9415927529335022,positive,positive,0.8519,positive,0.9533673,0.0061088135,0.040523883,0.9533673
31914,55237,,5,Leak,leak,Leak,en,0.6807540059089661,positive,negative,-0.34,neutral,0.71976084,0.13801613,0.71976084,0.142223
31917,55243,,5,Is very well and so beutiful that IMPROVes Your Pronunciation Ability,be very well and so beutiful that improve your pronunciation ability,Is very well and so beutiful that IMPROVes Your Pronunciation Ability,en,0.940058708190918,positive,positive,0.7818,positive,0.9180411,0.007948826,0.07401001,0.9180411
31918,55246,,1,This is the best application,this be the best application,This is the best application,en,0.7527311444282532,negative,positive,0.6369,positive,0.96466464,0.009208906,0.026126405,0.96466464
31920,55250,,5,Great App 😍,great app 😍,Great App😍,en,0.9343432188034058,positive,positive,0.6249,positive,0.98067904,0.0055213636,0.0137996385,0.98067904
31921,55251,,4,Vilify,vilify,Vilify,en,0.8620200753211975,neutral,neutral,0.0,neutral,0.6713963,0.14101538,0.6713963,0.18758833
31922,55252,,5,Good App Thanks,good app thanks,Good App Thanks,en,0.9424644112586976,positive,positive,0.7003,positive,0.953987,0.010398221,0.035614748,0.953987
31924,55274,,5,It is a very cool program and i advise everyone to download it,it be a very cool program and i advise everyone to download it,It is a very cool program and i advise everyone to download it,en,0.9667335152626038,positive,positive,0.3804,positive,0.98682445,0.0027376858,0.010437824,0.98682445
31925,55275,,5,Thank you so much 💓 💓,thank you so much 💓 💓,Thank you so much 💓💓,en,0.9665352702140808,positive,positive,0.3612,positive,0.9692862,0.011047079,0.01966668,0.9692862
31926,55277,,5,Amazing App I See in My Life,amaze app i see in my life,Amazing App I See in My Life,en,0.8649015426635742,positive,positive,0.5423,positive,0.67342794,0.03437492,0.29219717,0.67342794
31928,55285,,5,This is,this be,This is,en,0.5800637602806091,positive,neutral,0.0,neutral,0.60628307,0.09444387,0.60628307,0.29927307
31929,55298,,5,Rigid application,rigid application,Rigid application,en,0.729558527469635,positive,neutral,-0.128,negative,0.8059104,0.8059104,0.16727486,0.026814789
31930,55300,,5,Very loving,very love,Very loving,en,0.9850196242332458,positive,positive,0.6697,positive,0.8270975,0.03636436,0.13653818,0.8270975
31931,55304,,3,Beautiful program,beautiful program,Beautiful program,en,0.8101798892021179,neutral,positive,0.5994,positive,0.9512625,0.013061117,0.03567643,0.9512625
31934,55315,,5,It's nice program,it be nice program,It's nice program,en,0.822318971157074,positive,positive,0.4215,positive,0.8540414,0.011823917,0.13413474,0.8540414
31935,55320,,5,Vry Helpful Coach,vry helpful coach,Vry Helpful Coach,en,0.9001495242118835,positive,positive,0.4215,positive,0.88021356,0.027496198,0.092290245,0.88021356
31940,55337,,1,Wow it's a nice thing I love it so much,wow it be a nice thing i love it so much,Wow it's a nice thing I love it so much,en,0.7536302208900452,negative,positive,0.8957,positive,0.98071206,0.007840311,0.011447569,0.98071206
31941,55340,,5,It is a good app but icanot move to the 3rd lesson,it be a good app but icanot move to the 3rd lesson,It is a good app but icanot move to the 3rd lesson,en,0.9585203528404236,positive,neutral,0.2382,neutral,0.39738467,0.11143199,0.39738467,0.49118334
31942,55342,,5,One of the Best Apps Ever ❤️ ✨,one of the best apps ever ❤ ✨,One of the Best Apps Ever ❤️✨,en,0.8839497566223145,positive,positive,0.6369,positive,0.98595864,0.0039657867,0.010075589,0.98595864
31943,55347,,5,The most wonderful application,the most wonderful application,The most wonderful application,en,0.8287764191627502,positive,positive,0.6115,positive,0.9670203,0.010213259,0.022766441,0.9670203
31945,55352,,5,A Great App I Love it,a great app i love it,A Great App I Love it,en,0.6273090839385986,positive,positive,0.8519,positive,0.98480046,0.0054976987,0.009701827,0.98480046
31947,55359,,5,Particle for Direct Object,particle for direct object,Particle for Direct Object,en,0.6680252552032471,positive,neutral,0.0,neutral,0.8065205,0.060247414,0.8065205,0.13323206
31950,55364,,5,strong,strong,strong,en,0.6037480235099792,positive,positive,0.5106,positive,0.68498003,0.05734819,0.25767177,0.68498003
31951,55367,,5,summit,summit,summit,en,0.7804602384567261,positive,neutral,0.0,neutral,0.717635,0.06991615,0.717635,0.21244885
31952,55368,,5,For it,for it,For it,en,0.9701275825500488,positive,neutral,0.0,neutral,0.6624389,0.15276502,0.6624389,0.184796
31953,55374,,5,The Amazing Things,the amazing thing,The Amazing Things,en,0.5540410280227661,positive,positive,0.5859,positive,0.94792485,0.008855391,0.04321969,0.94792485
31954,55379,,5,It is very good i like it 💕 ✋,it be very good i like it 💕 ✋,It is very good i like it 💕✋,en,0.96815687417984,positive,positive,0.7159,positive,0.9801415,0.0040499624,0.015808525,0.9801415
31955,55384,,5,This is very nice to learn English 👌,this be very nice to learn english 👌,This is very nice to learn English 👌,en,0.96073579788208,positive,positive,0.4754,positive,0.9767144,0.0029373444,0.020348236,0.9767144
31956,55385,,5,Thank it's a Wonderful App,thank it be a wonderful app,Thank it's a Wonderful App,en,0.5069754123687744,positive,positive,0.7351,positive,0.9782412,0.0047949664,0.01696383,0.9782412
31957,55386,,5,That helps me few for the app,that help me few for the app,That helps me few for the app,en,0.995787501335144,positive,positive,0.4019,neutral,0.51405984,0.03340662,0.51405984,0.4525335
31959,55393,,5,Vry Helpful,vry helpful,Vry Helpful,en,0.6243523955345154,positive,positive,0.4215,positive,0.83204895,0.04029209,0.12765889,0.83204895
31962,55417,,5,Best Practices,best practice,Best Practices,en,0.7076791524887085,positive,positive,0.6369,neutral,0.34858552,0.016067054,0.34858552,0.6353474
31963,55418,,5,"I think this app is very helping for who What is to imprise his English skills in short Time, I like it and recomd to install it","i think this app be very help for who what be to imprise his english skill in short time, i like it and recomd to install it","I think this app is very helping for who What is to imprise his English skills in short Time, I like it and recomd to install it",en,0.9871881008148192,positive,positive,0.6697,positive,0.966996,0.0033713016,0.02963276,0.966996
31965,55423,,5,It's was a good,it be be a good,It's was a good,en,0.6185486316680908,positive,positive,0.4404,positive,0.86138576,0.019919435,0.11869476,0.86138576
31967,55426,,5,Best for the Best,best for the best,Best for the Best,en,0.6485331058502197,positive,positive,0.8555,positive,0.91815877,0.008613269,0.07322796,0.91815877
31968,55430,,5,7very good,7very good,7very good,en,0.612920880317688,positive,positive,0.4404,positive,0.9277537,0.013977229,0.058269046,0.9277537
31969,55434,,2,Not,not,Not,en,0.7068339586257935,negative,neutral,0.0,neutral,0.46996593,0.14672457,0.46996593,0.38330945
31970,55435,,5,The Great Thing That Makes You Fluent in English,the great thing that make you fluent in english,The Great Thing That Makes You Fluent in English,en,0.9136871099472046,positive,positive,0.6249,positive,0.9395315,0.0042185155,0.056250025,0.9395315
31972,55439,,5,Fl costume,fl costume,Fl costume,en,0.5289231538772583,positive,neutral,0.0,neutral,0.6719279,0.10429478,0.6719279,0.22377735
31973,55441,,4,"Good, but it is better to have the arabic landage, which will make it is easier for beginners","good, but it be well to have the arabic landage, which will make it be easy for beginner","Good, but it is better to have the arabic landage, which will make it is easier for beginners",en,0.9592432975769044,neutral,positive,0.8151,positive,0.74402905,0.015544607,0.24042639,0.74402905
31975,55452,,5,Thanks a Lot of this apps,thanks a lot of this apps,Thanks a Lot of this apps,en,0.963428795337677,positive,positive,0.4404,positive,0.9521699,0.010116327,0.037713848,0.9521699
31976,55456,,5,Amazing 😍 😍,amaze 😍 😍,Amazing 😍😍,en,0.7920929789543152,positive,positive,0.5423,positive,0.96631616,0.004143232,0.029540656,0.96631616
31977,55457,,5,Vry Good for Englishers,vry good for englishers,Vry Good for Englishers,en,0.5220307111740112,positive,positive,0.4404,positive,0.9022645,0.011279424,0.08645614,0.9022645
31978,55471,,5,Vry Good and Application Verry Good,vry good and application verry good,Vry Good and Application Verry Good,en,0.8824329376220703,positive,positive,0.7003,positive,0.9430413,0.0079756845,0.04898304,0.9430413
31979,55473,,5,Wawa Wawa he did Wowa,wawa wawa he do wowa,Wawa Wawa he did Wowa,en,0.5671066045761108,positive,neutral,0.0,neutral,0.837958,0.06916118,0.837958,0.092880815
31980,55476,,5,coall,coall,cooooooooall,en,0.7791615724563599,positive,neutral,0.0,neutral,0.61686444,0.10107465,0.61686444,0.28206092
31981,55477,,5,A very good,a very good,A very good,en,0.9969088435173036,positive,positive,0.4927,positive,0.8959307,0.01613949,0.08792981,0.8959307
31984,55483,,1,Amazing and Important,amazing and important,Amazing and Important,en,0.9112145304679872,negative,positive,0.6808,positive,0.9595125,0.008673302,0.03181419,0.9595125
31985,55491,,5,Vry Vry Excel And everyone's best using it.🇾🇪🇾🇪 🥰 🥰 🥰 🥰 🥰 😘 ✔️ ✔️️ ✔️,vry vry excel and everyones best use it. 🥰 🥰 🥰 🥰 🥰 😘 ✔ ✔ ✔,Vry Vry Excel And everyone's best using it.🇾🇪🇾🇪🥰🥰🥰🥰🥰😘✔️✔️️✔️,en,0.7451418042182922,positive,positive,0.802,positive,0.98582757,0.002549981,0.01162248,0.98582757
31986,55492,,5,It's a great tool that will make you imProve your listening and speaking,it be a great tool that will make you improve your listening and speaking,It's a great tool that will make you imProve your listening and speaking,en,0.9272306561470032,positive,positive,0.7906,positive,0.96111745,0.0048917467,0.0339908,0.96111745
31988,55504,,5,Jiayeide,jiayeide,Jiayeide,en,0.5494276881217957,positive,neutral,0.0,neutral,0.69737846,0.12881605,0.69737846,0.1738055
31989,55510,,4,Wonderful app 🤩,wonderful app 🤩,Wonderful app 🤩,en,0.5919971466064453,neutral,positive,0.5719,positive,0.97884035,0.006991648,0.014167988,0.97884035
31990,55515,,5,The best app. It's Amazing.,the best app. it be amazing.,The best app. It's Amazing.,en,0.8009244799613953,positive,positive,0.8402,positive,0.9845674,0.005114612,0.010317917,0.9845674
31991,55520,,5,Great Apposition ❤️ ❤️ ❤️ ❤️,great apposition ❤ ❤ ❤ ❤,Great Apposition ❤️❤️❤️❤️,en,0.5982484221458435,positive,positive,0.6249,positive,0.9856904,0.0033754806,0.010934039,0.9856904
31993,55527,,5,This is the best English Speaking App and if not the best it is definitely one of the best.,this be the best english speaking app and if not the best it be definitely one of the best.,This is the best English Speaking App and if not the best it is definitely one of the best.,en,0.8720405101776123,positive,positive,0.946,positive,0.97837275,0.0045950133,0.017032193,0.97837275
31994,55529,,5,My Biggest Wish to You 😘 🥰,my big wish to you 😘 🥰,My Biggest Wish to You 😘🥰,en,0.8892403841018677,positive,positive,0.4019,positive,0.9861929,0.0025033883,0.011303678,0.9861929
31995,55532,,5,It's so good this app is the best app so!,it be so good this app be the best app so!,It's so good this app is the best app so!,en,0.628789484500885,positive,positive,0.8494,positive,0.98687613,0.004677419,0.008446498,0.98687613
31996,55533,,5,"I love it, perfect ♥ ️ ♥ ️","i love it, perfect ♥ ♥","I love it, perfect ♥ ️ ♥ ️",en,0.5336121916770935,positive,positive,0.836,positive,0.98295903,0.005969569,0.011071379,0.98295903
31997,55537,,5,Vry Beneficial Application,vry beneficial application,Vry Beneficial Application,en,0.8065037131309509,positive,positive,0.4404,positive,0.83652973,0.03065417,0.13281615,0.83652973
31998,55541,,5,The best application to learn to pronounce English words correctly. The best app to learn how to speak English Words Correctly.,the best application to learn to pronounce english word correctly. the best app to learn how to speak english word correctly.,The best application to learn to pronounce English words correctly. The best app to learn how to speak English Words Correctly.,en,0.9114632606506348,positive,positive,0.8555,positive,0.8765291,0.0061625782,0.117308356,0.8765291
31999,55542,,5,"This is good course. We are Apprecia your jop, tank you","this be good course. we be apprecia your jop, tank you","This is good course. We are Apprecia your jop, tank you",en,0.7929649949073792,positive,positive,0.4404,positive,0.93120193,0.009276635,0.059521444,0.93120193
32001,55548,,4,That is great App for Listing,that be great app for list,That is great App for Listing,en,0.9265989065170288,neutral,positive,0.6249,positive,0.9302066,0.0076422407,0.062151108,0.9302066
32004,55553,,4,"Satisfied Experience, I Recomment to download this app for every person whom has been to enhance his account and be Able to Speak Correctly. The EFFORT that has been independent by the App Team Very CLEAR, it is work feature and worky of the application, and Four Stars OF of Five Are Due Accessing to My Personal Estimation, Althow thre Is a l","satisfied experience, i recomment to download this app for every person whom have be to enhance his account and be able to speak correctly. the effort that have be independent by the app team very clear, it be work feature and worky of the application, and four star of of five be due access to my personal estimation, althow thre be a l","Satisfied Experience, I Recomment to download this app for every person whom has been to enhance his account and be Able to Speak Correctly. The EFFORT that has been independent by the App Team Very CLEAR, it is work feature and worky of the application, and Four Stars OF of Five Are Due Accessing to My Personal Estimation, Althow thre Is a l",en,0.9744524955749512,neutral,positive,0.6901,positive,0.9090505,0.008781543,0.082167976,0.9090505
32005,55554,,2,It is a black Idea to select only 5 lessons per day.,it be a black idea to select only 5 lesson per day.,It is a black Idea to select only 5 lessons per day.,en,0.8808194994926453,negative,neutral,0.0,neutral,0.7531756,0.20069124,0.7531756,0.04613313
32006,55555,,3,It's good profram ☺️,it be good profram ☺,It's good profram ☺️,en,0.6053432822227478,neutral,positive,0.4404,positive,0.9314376,0.0075335074,0.06102885,0.9314376
32007,55556,,5,Good But Sometimes If You Pronounce Wrong Say Except,good but sometimes if you pronounce wrong say except,Good But Sometimes If You Pronounce Wrong Say Except,en,0.9244778752326964,positive,negative,-0.4939,negative,0.6230067,0.6230067,0.32295233,0.054040976
32008,55563,,5,"It, s good","it, s good","It, s good",en,0.9345813393592834,positive,positive,0.4404,positive,0.9048343,0.009449657,0.08571611,0.9048343
32009,55564,,5,Super Teacher ❤ ✨,super teacher ❤ ✨,Super Teacher ❤✨,en,0.911983609199524,positive,positive,0.5994,positive,0.9853291,0.0035115203,0.011159449,0.9853291
32011,55570,,5,"I RealLY ADMIRED This App ... I Deadly RecommenD Those Who Want to Improving Themes to install this app, and make Daily Practice in Order to Make Improvingment ... Best regards","i really admire this app. i deadly recommend those who want to improve theme to install this app, and make daily practice in order to make improvingment. best regard","I RealLY ADMIRED This App ... I Deadly RecommenD Those Who Want to Improving Themes to install this app, and make Daily Practice in Order to Make Improvingment ... Best regards",en,0.920507311820984,positive,positive,0.923,positive,0.9818388,0.003096811,0.015064346,0.9818388
32012,55577,,5,"Good App for Pronunciation, Highly Recomment","good app for pronunciation, highly recomment","Good App for Pronunciation, Highly Recomment",en,0.9335804581642152,positive,positive,0.4404,positive,0.9716405,0.005125965,0.02323353,0.9716405
32015,55586,,3,"Please add the Arabic Language to the Application, it is different to Deal with it in English for us as learners","please add the arabic language to the application, it be different to deal with it in english for u as learner","Please add the Arabic Language to the Application, it is different to Deal with it in English for us as learners",en,0.9549431204795836,neutral,positive,0.3182,neutral,0.77986664,0.106348425,0.77986664,0.11378493
32016,55587,,5,"This Application is verposeful, I Love Elissa Very Much","this application be verposeful, i love elissa very much","This Application is verposeful, I Love Elissa Very Much",en,0.9188660979270936,positive,positive,0.6369,positive,0.98166305,0.0053863223,0.012950601,0.98166305
32019,55598,,5,The App is Priority,the app be priority,The App is Priority,en,0.6504436135292053,positive,neutral,0.0,neutral,0.7556067,0.08395069,0.7556067,0.16044262
32020,55599,,5,This is Elsa Speaker Make Me Really Good at Special and i'm Really Good at English Download Elsa Speaker,this be elsa speaker make me really good at special and i be really good at english download elsa speaker,This is Elsa Speaker Make Me Really Good at Special and i'm Really Good at English Download Elsa Speaker,en,0.937930703163147,positive,positive,0.8537,positive,0.92844313,0.0043348367,0.06722203,0.92844313
32021,55602,,1,The worst program,the bad program,The worst program,en,0.7802497744560242,negative,negative,-0.5423,negative,0.87951773,0.87951773,0.1051784,0.015303853
32022,55603,,5,Beautiful nice,beautiful nice,Beautiful nice,en,0.7637042999267578,positive,positive,0.7717,positive,0.9275821,0.020595936,0.051821943,0.9275821
32023,55606,,1,It is Excellent Program,it be excellent program,It is Excellent Program,en,0.8022086024284363,negative,positive,0.5719,positive,0.95167774,0.005089486,0.043232817,0.95167774
32025,55620,,5,Ideal application,ideal application,Ideal application,en,0.8935089707374573,positive,positive,0.5267,neutral,0.54896307,0.10226644,0.54896307,0.34877047
32027,55629,,5,surprising,surprising,surprising,en,0.8684651851654053,positive,neutral,0.2732,neutral,0.6438616,0.09299924,0.6438616,0.26313913
32028,55641,,5,Master 😍 😍,master 😍 😍,Master 😍 😍,en,0.8642694354057312,positive,neutral,0.0,positive,0.9657062,0.0032928677,0.0310009,0.9657062
32030,55643,,5,This was so much fun,this be so much fun,This was so much fun,en,0.9158626794815063,positive,positive,0.5542,positive,0.9613735,0.007934353,0.030692147,0.9613735
32033,55666,,5,I like so much 💞,i like so much 💞,I like so much 💞,en,0.9833277463912964,positive,positive,0.3612,positive,0.97914314,0.0058216928,0.015035213,0.97914314
32034,55667,,5,Amazing App Think You Indeed,amaze app think you indeed,Amazing App Think You Indeed,en,0.9797564148902892,positive,positive,0.5423,neutral,0.3811356,0.024162432,0.3811356,0.594702
32035,55669,,5,I'm really a ship,i be really a ship,I'm really a ship,en,0.9890211224555968,positive,neutral,0.0,neutral,0.61961627,0.16844323,0.61961627,0.21194051
32036,55674,,5,academic,academic,academic,en,0.9850326776504515,positive,neutral,0.0,neutral,0.6265196,0.08045318,0.6265196,0.29302722
32037,55678,,5,Funny App,funny app,Funny App,en,0.8043045401573181,positive,positive,0.4404,negative,0.60049003,0.60049003,0.2918475,0.10766246
32038,55687,,5,Good application 💯,good application 💯,Good application 💯,en,0.8577890992164612,positive,positive,0.4404,positive,0.95840716,0.008680809,0.03291207,0.95840716
32039,55689,,5,I think it's a good app.,i think it be a good app.,I think it's a good app.,en,0.9641841650009156,positive,positive,0.4404,positive,0.89298296,0.0073403716,0.09967666,0.89298296
32040,55690,,5,Great Appd Best Paid App.,great appd best pay app.,Great Appd Best Paid App.,en,0.8001385927200317,positive,positive,0.836,positive,0.9851188,0.0036595613,0.0112215625,0.9851188
32041,55692,,2,Vry God to Use to Read,vry god to use to read,Vry Goooood to Use to Read,en,0.9155061841011048,negative,neutral,0.2732,neutral,0.5506539,0.23367037,0.5506539,0.21567577
32043,55707,,4,Vry usful application 💚 💚,vry usful application 💚 💚,Vry usful application 💚💚,en,0.7857725024223328,neutral,neutral,0.0,positive,0.903211,0.010305976,0.086483076,0.903211
32044,55712,,5,Nice 💓 ✌️ 👍,nice 💓 ✌ 👍,Nice 💓✌️👍,en,0.7300891280174255,positive,positive,0.4215,positive,0.9672405,0.008338213,0.024421321,0.9672405
32045,55725,,5,It is profungal,it be profungal,It is profungal,en,0.5222001075744629,positive,neutral,0.0,neutral,0.60075366,0.31934574,0.60075366,0.07990059
32046,55727,,5,It's An Excel,it be an excel,It's An Excel,en,0.5960652232170105,positive,positive,0.4588,neutral,0.68335235,0.15544644,0.68335235,0.1612012
32047,55734,,5,"IT's Really a USFUL App, I Recomment it.","it be really a usful app, i recomment it.","IT's Really a USFUL App, I Recomment it.",en,0.9805764555931092,positive,neutral,0.0,negative,0.55199164,0.55199164,0.34171155,0.106296785
32048,55745,,5,Verry. Good 🙂,verry. good 🙂,Verry. Good🙂,en,0.9135976433753968,positive,positive,0.4404,positive,0.90933675,0.008310548,0.08235264,0.90933675
32049,55746,,5,really it's good,really it be good,really it's good,en,0.9831448197364808,positive,positive,0.4877,positive,0.86387676,0.021304816,0.11481837,0.86387676
32050,55747,,5,I think he's good,i think he be good,I think he's good,en,0.99161297082901,positive,positive,0.4404,positive,0.7550524,0.01479054,0.23015709,0.7550524
32054,55761,,5,Very good 😀 😄,very good 😀 😄,Very good 😀😄,en,0.9898542165756226,positive,positive,0.4927,positive,0.98249316,0.0041503455,0.013356528,0.98249316
32055,55762,,5,Very special.,very special.,Very special.,en,0.9716932773590088,positive,positive,0.4576,positive,0.8298845,0.013792188,0.15632333,0.8298845
32056,55764,,5,It's a nice application to imProve English 💜,it be a nice application to improve english 💜,It's a nice application to imProve English 💜,en,0.8414714336395264,positive,positive,0.6908,positive,0.96446043,0.004936382,0.030603157,0.96446043
32057,55769,,5,That's good 💓,that be good 💓,That's good💓,en,0.957663357257843,positive,positive,0.4404,positive,0.97335887,0.0054139574,0.021227235,0.97335887
32058,55771,,1,With a subscription,with a subscription,With a subscription,en,0.9163912534713744,negative,neutral,0.0,neutral,0.829242,0.06880177,0.829242,0.1019563
32059,55773,,5,Wow Good for you,wow good for you,Wow Good for you,en,0.930150032043457,positive,positive,0.7717,positive,0.9664342,0.010885548,0.022680223,0.9664342
32060,55775,,5,Amazingly,amazingly,Amazingly,en,0.7212936282157898,positive,neutral,0.0,positive,0.94824505,0.008521432,0.043233518,0.94824505
32063,55784,,4,It is the best app i see it.,it be the best app i see it.,It is the best app i see it.,en,0.9313528537750244,neutral,positive,0.6369,positive,0.9776223,0.0065919934,0.015785765,0.9776223
32064,55786,,5,It's so amazing Apps for learning,it be so amazing apps for learn,It's so amazing Apps for learning,en,0.754460334777832,positive,positive,0.7065,positive,0.9673014,0.00850849,0.02419014,0.9673014
32065,55788,,5,Vry Helpful and Amazing,vry helpful and amazing,Vry Helpful and Amazing,en,0.8362268805503845,positive,positive,0.765,positive,0.9631945,0.013415472,0.023390004,0.9631945
32067,55800,,5,They formed sweet,they form sweet,They formed sweet,en,0.9450397491455078,positive,positive,0.4588,positive,0.82459545,0.030418495,0.14498606,0.82459545
32068,55801,,5,Excellent I Love IT,excellent i love it,Excellent I Love IT,en,0.5489868521690369,positive,positive,0.836,positive,0.98408496,0.005237832,0.01067717,0.98408496
32069,55804,,5,The App is Great and Vry Vry Useful,the app be great and vry vry useful,The App is Great and Vry Vry Useful,en,0.7117878794670105,positive,positive,0.7906,positive,0.96922755,0.0071991086,0.023573384,0.96922755
32070,55805,,5,"So good, it really helped me, Thanks!","so good, it really help me, thanks!","So good, it really helped me, Thanks!",en,0.9616690278053284,positive,positive,0.8639,positive,0.986647,0.0047152783,0.008637735,0.986647
32071,55806,,5,Sweet program,sweet program,Sweet program,en,0.6467247605323792,positive,positive,0.4588,positive,0.919445,0.013686428,0.06686855,0.919445
32074,55818,,5,"Nice, I Wish You Have Arabic in it.","nice, i wish you have arabic in it.","Nice, I Wish You Have Arabic in it.",en,0.9862868189811708,positive,positive,0.6705,positive,0.93661785,0.011070815,0.052311327,0.93661785
32075,55819,,4,Useful and educational,useful and educational,Useful and educational,en,0.9348950386047364,neutral,positive,0.4404,positive,0.76424557,0.012873457,0.22288094,0.76424557
32076,55827,,5,Thanks 😊 and I will see you tomorrow 😘,thanks 😊 and i will see you tomorrow 😘,Thanks 😊 and I will see you tomorrow 😘,en,0.944114089012146,positive,positive,0.4404,positive,0.97529364,0.0023343356,0.022371974,0.97529364
32077,55829,,5,😎 😎 😎 Great,😎 😎 😎 great,😎 😎 😎 Great,en,0.5363438725471497,positive,positive,0.6249,positive,0.97937727,0.0029848642,0.017637921,0.97937727
32079,55840,,5,Wow its Wonderful 😍 😍 😍 😍,wow it be wonderful 😍 😍 😍 😍,Wow its Wonderful 😍😍😍😍,en,0.566226065158844,positive,positive,0.8176,positive,0.9865161,0.003746922,0.0097369505,0.9865161
32080,55841,,5,I really like it it is so useful,i really like it it be so useful,I really like it it is so useful,en,0.892625093460083,positive,positive,0.7604,positive,0.9750231,0.0069905324,0.017986357,0.9750231
32081,55846,,5,A very interesting and usful,a very interesting and usful,A very interesting and usful,en,0.9877206087112428,positive,positive,0.4576,positive,0.9349802,0.010036319,0.054983497,0.9349802
32082,55853,,5,Nice Apply,nice apply,Nice Apply,en,0.5146372318267822,positive,positive,0.4215,positive,0.8306882,0.041796397,0.1275155,0.8306882
32083,55856,,5,Thinks for this Opportunity,think for this opportunity,Thinks for this Opportunity,en,0.981597900390625,positive,positive,0.5023,positive,0.82720387,0.010728533,0.16206767,0.82720387
32084,55858,,5,😍 😍 😍 😍 😍 😍 😍,😍 😍 😍 😍 😍 😍 😍,😍😍😍😍😍😍😍,en,0.960274338722229,positive,neutral,0.0,positive,0.97964305,0.002863758,0.017493201,0.97964305
32085,55863,,1,Thanks Elsa 🥺 🖤,thanks elsa 🥺 🖤,Thanks Elsa 🥺🖤,en,0.6709547638893127,negative,positive,0.4404,positive,0.9702259,0.0065455376,0.023228556,0.9702259
32086,55865,,5,Roh,roh,Rooooooh,en,0.7491112351417542,positive,neutral,0.0,neutral,0.6504013,0.13318086,0.6504013,0.21641783
32088,55867,,4,A terrible program,a terrible program,A terrible program,en,0.7535485625267029,neutral,negative,-0.4767,negative,0.8959755,0.8959755,0.08847359,0.01555091
32089,55869,,5,Excellent 👍 🥰,excellent 👍 🥰,Excellent👍🥰,en,0.7598692178726196,positive,positive,0.5719,positive,0.98475164,0.0044393428,0.010809014,0.98475164
32091,55876,,5,Extremely Beautiful,extremely beautiful,Extremely Beautiful,en,0.8705955743789673,positive,positive,0.6361,positive,0.9111077,0.027138466,0.061753783,0.9111077
32093,55883,,5,Something sweet,something sweet,Something sweet,en,0.7284319400787354,positive,positive,0.4588,positive,0.7663321,0.051580656,0.18208723,0.7663321
32094,55893,,5,Wicked,wicked,Wicked,en,0.910307228565216,positive,negative,-0.5267,negative,0.68470544,0.68470544,0.26123306,0.054061446
32095,55894,,5,So Nice I Love it So Much,so nice i love it so much,So Nice I Love it So Much,en,0.8430373072624207,positive,positive,0.8211,positive,0.97606224,0.010347835,0.013589953,0.97606224
32096,55895,,5,It's great profram,it be great profram,It's great profram,en,0.6486200094223022,positive,positive,0.6249,positive,0.92811084,0.0075390358,0.06435018,0.92811084
32097,55896,,5,Good Practicing English Language App,good practice english language app,Good Practicing English Language App,en,0.8259839415550232,positive,positive,0.4404,positive,0.6896055,0.022178952,0.2882156,0.6896055
32098,55897,,5,Vry Good Profm to Learn Language,vry good profm to learn language,Vry Good Profm to Learn Language,en,0.7853015661239624,positive,positive,0.4404,positive,0.8579839,0.016753174,0.12526289,0.8579839
32102,55910,,5,Very rigid,very rigid,Very rigid,en,0.973515808582306,positive,negative,-0.2006,neutral,0.505246,0.4410567,0.505246,0.053697363
32103,55911,,5,Very useful 💖,very useful 💖,Very useful 💖,en,0.952867329120636,positive,positive,0.4927,positive,0.9607678,0.009227792,0.030004373,0.9607678
32104,55912,,5,Yasser allowed,yasser allow,Yasser allowed,en,0.6331000328063965,positive,neutral,0.2263,neutral,0.636852,0.11810917,0.636852,0.24503878
32105,55914,,5,"Perfect, but please make it free","perfect, but please make it free","Perfect, but please make it free",en,0.9393367171287536,positive,positive,0.8674,neutral,0.31315783,0.055797115,0.31315783,0.63104504
32106,55918,,5,Roah,roah,Roooooah,en,0.5501120090484619,positive,neutral,0.0,neutral,0.5436056,0.13194855,0.5436056,0.3244458
32107,55924,,1,Small application,small application,Small application,en,0.903658390045166,negative,neutral,0.0,neutral,0.69004494,0.108257,0.69004494,0.20169805
32108,55928,,5,Pretty Good Useful Application,pretty good useful application,Pretty Good Useful Application,en,0.8176905512809753,positive,positive,0.8402,positive,0.9531165,0.00876742,0.03811607,0.9531165
32109,55930,,2,Parking,parking,Parking,en,0.974511444568634,negative,neutral,0.0,neutral,0.78570056,0.05235887,0.78570056,0.16194053
32110,55932,,5,Raraa,raraa,Raraa,en,0.7255154848098755,positive,neutral,0.0,neutral,0.73846173,0.09796072,0.73846173,0.16357745
32111,55940,,5,Huge,huge,Huge,en,0.9792170524597168,positive,positive,0.3182,positive,0.73884195,0.041560058,0.219598,0.73884195
32113,55944,,1,I'm verd to get full end with elesa i'm very happy,i be verd to get full end with elesa i be very happy,I'm verd to get full end with elesa i'm very happy,en,0.899131178855896,negative,positive,0.6115,positive,0.9759661,0.0041623805,0.01987151,0.9759661
32114,55945,,1,"Good, very well.","good, very well.","Good, very well.",en,0.9967862367630004,negative,positive,0.6478,positive,0.9373847,0.008498078,0.054117233,0.9373847
32115,55952,,5,Yeah Very Nice Prog.,yeah very nice prog.,Yeah Very Nice Prog.,en,0.8880034685134888,positive,positive,0.6478,positive,0.97572803,0.004261152,0.020010855,0.97572803
32116,55954,,4,Good Right Now,good right now,Good Right Now,en,0.6789731383323669,neutral,positive,0.4404,positive,0.94862753,0.0098084165,0.04156403,0.94862753
32117,55955,,3,Thinks Friends,think friend,Thinks Friends,en,0.995673418045044,neutral,positive,0.4939,neutral,0.78476095,0.09151649,0.78476095,0.12372256
32119,55969,,5,Frequently sweet,frequently sweet,Frequently sweet,en,0.919477641582489,positive,positive,0.4588,neutral,0.4788221,0.05043869,0.4788221,0.47073925
32120,55974,,5,Funny Way to Improve Your Speaking Skills,funny way to improve your speaking skill,Funny Way to Improve Your Speaking Skills,en,0.8813067078590393,positive,positive,0.7003,positive,0.68045914,0.04305378,0.27648702,0.68045914
32121,55977,,5,Thanks for your services,thanks for your service,Thanks for your services,en,0.95283180475235,positive,positive,0.4404,positive,0.84138334,0.019620042,0.13899663,0.84138334
32122,55981,,3,Can I us it with any payments or it will stop work after few days of free try?,can i u it with any payment or it will stop work after few day of free try?,Can I us it with any payments or it will stop work after few days of free try?,en,0.982289493083954,neutral,neutral,0.2732,neutral,0.676878,0.2874642,0.676878,0.035657786
32123,55982,,5,"Row, very good","row, very good","Roooooooow, very good",en,0.9943509697914124,positive,positive,0.4927,positive,0.9534884,0.0072360556,0.039275512,0.9534884
32124,55983,,5,It's very good and practicable App it Deserves to download,it be very good and practicable app it deserve to download,It's very good and practicable App it Deserves to download,en,0.9572766423225404,positive,positive,0.4927,positive,0.95258105,0.0064927065,0.040926203,0.95258105
32125,55987,,5,Vry good but it's next Internet,vry good but it be next internet,Vry good but it's next Internet,en,0.7428858280181885,positive,neutral,0.2382,positive,0.85610926,0.022427274,0.12146346,0.85610926
32127,55999,,5,Very much,very much,Very much,en,1.00000262260437,positive,neutral,0.0,neutral,0.5482645,0.18011604,0.5482645,0.27161944
32129,56008,,5,Vry Nice 👌,vry nice 👌,Vry Nice 👌,en,0.5002663731575012,positive,positive,0.4215,positive,0.94017416,0.014165512,0.045660347,0.94017416
32130,56015,,4,This Application is Beutiful Thank You Very .....,this application be beutiful thank you very.,This Application is Beutiful Thank You Very .....,en,0.862828254699707,neutral,positive,0.3612,positive,0.9829919,0.0047344975,0.012273671,0.9829919
32132,56017,,5,Very nice ♥ ️ ♥ ️,very nice ♥ ♥,Very nice ♥ ️ ♥ ️,en,0.9952565431594848,positive,positive,0.4754,positive,0.97550243,0.006093783,0.018403787,0.97550243
32133,56028,,5,Great Application Thanks Very Much to Founders,great application thanks very much to founder,Great Application Thanks Very Much to Founders,en,0.9952977299690248,positive,positive,0.7906,positive,0.9774435,0.008241216,0.014315208,0.9774435
32134,56029,,5,Great App I Hope it Becches Free,great app i hope it becches free,Great App I Hope it Becches Free,en,0.7531262040138245,positive,positive,0.8834,positive,0.9834645,0.0039345496,0.012600961,0.9834645
32137,56035,,5,Wowoowo,wowoowo,Wowoowo,en,0.9081401824951172,positive,neutral,0.0,neutral,0.4517721,0.22924724,0.4517721,0.3189806
32141,56053,,4,So Good Until now,so good until now,So Good Until now,en,0.9363937377929688,neutral,positive,0.4927,positive,0.76535445,0.06973026,0.16491532,0.76535445
32142,56056,,5,power,power,power,en,0.7358572483062744,positive,neutral,0.0,neutral,0.44998482,0.10180425,0.44998482,0.44821087
32143,56058,,5,The Best App to Improving your Language,the best app to improve your language,The Best App to Improving your Language,en,0.850340723991394,positive,positive,0.7964,positive,0.9525273,0.0033885047,0.044084158,0.9525273
32144,56059,,5,It's cool i like it so much,it be cool i like it so much,It's cool i like it so much,en,0.9396493434906006,positive,positive,0.5859,positive,0.9739083,0.0056109014,0.020480799,0.9739083
32145,56060,,5,It is real a great App,it be real a great app,It is real a great App,en,0.7416638731956482,positive,positive,0.6249,positive,0.9563774,0.011229603,0.03239297,0.9563774
32146,56061,,5,Good app for text and Improve Language,good app for text and improve language,Good app for text and Improve Language,en,0.8720037937164307,positive,positive,0.7003,positive,0.8711737,0.008775594,0.12005078,0.8711737
32148,56067,,5,😍 😁 😊,😍 😁 😊,😍😁😊,en,0.6942111849784851,positive,neutral,0.0,positive,0.98547596,0.0026347954,0.011889263,0.98547596
32151,56076,,5,A Great Program,a great program,A Great Program,en,0.8539657592773438,positive,positive,0.6249,positive,0.95205045,0.009707737,0.038241822,0.95205045
32153,56080,,5,"Finally I Get It, Excellent App","finally i get it, excellent app","Finally I Get It, Excellent App",en,0.9286709427833556,positive,positive,0.5719,positive,0.97965527,0.0037764842,0.016568165,0.97965527
32154,56081,,1,I'm in love with this app,i be in love with this app,I'm in love with this app,en,0.927097499370575,negative,positive,0.6369,positive,0.9211696,0.021966197,0.056864243,0.9211696
32155,56086,,5,Elsa is a great application for everyone news to be like a native Speaker. 😘,elsa be a great application for everyone news to be like a native speaker. 😘,Elsa is a great application for everyone news to be like a native Speaker. 😘,en,0.9020079970359802,positive,positive,0.765,positive,0.9177451,0.005273608,0.076981276,0.9177451
32156,56093,,5,It's very good 😊 😊,it be very good 😊 😊,It's very good 😊😊,en,0.9760876297950744,positive,positive,0.4927,positive,0.9840587,0.002919282,0.013022083,0.9840587
32157,56095,,4,This App Really Amazing,this app really amazing,This App Really Amazing,en,0.9705621600151062,neutral,positive,0.624,positive,0.97683233,0.00794095,0.015226702,0.97683233
32159,56114,,5,Vry Interested,vry interested,Vry Interested,en,0.7986175417900085,positive,positive,0.4019,neutral,0.393365,0.03399327,0.393365,0.57264173
32160,56116,,5,It Seems Wonderly But We Need Direct Speech Sessions with Native Speakers to Creat,it seem wonderly but we need direct speech session with native speaker to creat,It Seems Wonderly But We Need Direct Speech Sessions with Native Speakers to Creat,en,0.9698472023010254,positive,neutral,0.0,neutral,0.83105874,0.09832928,0.83105874,0.07061203
32161,56119,,2,"Plz Make it Concentrate on the Human Voice Only Not the Surrounding Noise, I Keep Repracting the Same Phrase A Lot of Times But Because of the Noise the App Keep Making it Wrong 🙂 🙂 🙂","plz make it concentrate on the human voice only not the surround noise, i keep repracting the same phrase a lot of time but because of the noise the app keep make it wrong 🙂 🙂 🙂","Plz Make it Concentrate on the Human Voice Only Not the Surrounding Noise, I Keep Repracting the Same Phrase A Lot of Times But Because of the Noise the App Keep Making it Wrong 🙂🙂🙂",en,0.9207751750946044,negative,negative,-0.6124,negative,0.7146776,0.7146776,0.25882274,0.026499696
32163,56121,,1,Many sweet,many sweet,Many sweet,en,0.9608487486839294,negative,positive,0.4588,positive,0.8645395,0.040901735,0.09455868,0.8645395
32164,56124,,1,It is not clear,it be not clear,It is not clear,en,0.5951735973358154,negative,negative,-0.2924,neutral,0.59198076,0.37457034,0.59198076,0.03344883
32166,56128,,4,Good app? ☺️ ☺️,good app? ☺ ☺,Good app? ☺️☺️,en,0.903279721736908,neutral,positive,0.4404,positive,0.8813984,0.007965809,0.11063576,0.8813984
32168,56136,,5,Really so nice,really so nice,Really so nice,en,0.9837037920951844,positive,positive,0.5222,positive,0.9562203,0.011549297,0.032230373,0.9562203
32170,56146,,5,"I am trying this application now, it is Excellent, I Hop to Complete My Dream.","i be try this application now, it be excellent, i hop to complete my dream.","I am trying this application now, it is Excellent, I Hop to Complete My Dream.",en,0.8358108401298523,positive,positive,0.6908,positive,0.98393285,0.003152877,0.012914337,0.98393285
32171,56149,,5,Thank you very much 💜 ✨,thank you very much 💜 ✨,Thank you very much💜✨,en,0.9968405961990356,positive,positive,0.3612,positive,0.9762709,0.0076598204,0.016069276,0.9762709
32172,56151,,5,Beautiful 😍 😍 😍 😍,beautiful 😍 😍 😍 😍,Beautiful 😍 😍 😍 😍,en,0.8700352311134338,positive,positive,0.5994,positive,0.9842956,0.0042561647,0.011448286,0.9842956
32173,56153,,5,This Application IT's Very Good,this application it be very good,This Application IT's Very Good,en,0.9626819491386414,positive,positive,0.4927,positive,0.97411627,0.004647091,0.021236684,0.97411627
32174,56154,,3,😍 😍 😘 😘 😘,😍 😍 😘 😘 😘,😍😍😘😘😘,en,0.7549679279327393,neutral,neutral,0.0,positive,0.972749,0.002648644,0.0246023,0.972749
32175,56156,,5,More Than Fine,more than fine,More Than Fine,en,0.947990655899048,positive,neutral,0.2682,positive,0.7451572,0.021205455,0.2336373,0.7451572
32176,56168,,4,"Elsa Speak is a Unique App of Whiche People of Various Ages Will Be Able to Improving their English Speaking Skills in A Short Time; In Case their use it regularly. Frankly, i've Tried It Just a Little Since It's Not A Free App, So You Not Ya Make it a Free App! I'm appryciaTe that, Elsa Speak!","elsa speak be a unique app of whiche people of various age will be able to improve their english speaking skill in a short time in case their use it regularly. frankly, i have try it just a little since it be not a free app, so you not ya make it a free app! i be appryciate that, elsa speak!","Elsa Speak is a Unique App of Whiche People of Various Ages Will Be Able to Improving their English Speaking Skills in A Short Time; In Case their use it regularly. Frankly, i've Tried It Just a Little Since It's Not A Free App, So You Not Ya Make it a Free App! I'm appryciaTe that, Elsa Speak!",en,0.9623156189918518,neutral,negative,-0.4745,positive,0.92235565,0.0062726485,0.07137169,0.92235565
32177,56169,,5,It must be translated for Those WhO Do Not Undersand English,it must be translate for those who do not undersand english,It must be translated for Those WhO Do Not Undersand English,en,0.7859674692153931,positive,neutral,0.0,neutral,0.78908753,0.12571226,0.78908753,0.085200235
32179,56184,,5,Golden App,golden app,Golden App,en,0.5815864205360413,positive,neutral,0.0,positive,0.8360888,0.013159657,0.15075159,0.8360888
32182,56193,,4,This app is very good its every to use and learn i love it from the first momentu but I WISH if will lending for free it only a week and he restored a money to complect at Xing the App Thinks to The Creator and the Studio for this Awesome App bye,this app be very good it be every to use and learn i love it from the first momentu but i wish if will lend for free it only a week and he restore a money to complect at xing the app think to the creator and the studio for this awesome app bye,This app is very good its every to use and learn i love it from the first momentu but I WISH if will lending for free it only a week and he restored a money to complect at Xing the App Thinks to The Creator and the Studio for this Awesome App bye,en,0.9353860020637512,neutral,positive,0.9729,positive,0.97647357,0.0049427636,0.018583696,0.97647357
32183,56194,,5,I have been to take learn English in this app that's app perfect to study English or practice landages English,i have be to take learn english in this app that be app perfect to study english or practice landages english,I have been to take learn English in this app that's app perfect to study English or practice landages English,en,0.925808608531952,positive,positive,0.5719,neutral,0.60299635,0.1581775,0.60299635,0.23882622
32184,56197,,5,Fun application,fun application,Fun application,en,0.6969373226165771,positive,positive,0.5106,positive,0.72870404,0.022188596,0.24910732,0.72870404
32185,56203,,4,Vry Excellent Program,vry excellent program,Vry Excellent Program,en,0.7904408574104309,neutral,positive,0.5719,positive,0.9503838,0.011119029,0.038497243,0.9503838
32186,56204,,5,Beautiful App 😍 😍,beautiful app 😍 😍,Beautiful App 😍😍,en,0.8772841095924377,positive,positive,0.5994,positive,0.98307425,0.0055483417,0.011377462,0.98307425
32187,56206,,5,Is very well really,be very well really,Is very well really,en,0.9993327260017396,positive,positive,0.3384,positive,0.7918539,0.020018622,0.18812747,0.7918539
32188,56216,,5,This good app 😍 😍 😍,this good app 😍 😍 😍,This good app😍😍😍,en,0.9474074244499208,positive,positive,0.4404,positive,0.98905396,0.0031856168,0.0077604195,0.98905396
32189,56218,,5,I love it few,i love it few,I love it few,en,0.9861456155776978,positive,positive,0.6369,positive,0.8911952,0.012486652,0.09631818,0.8911952
32190,56219,,5,This is very good profram,this be very good profram,This is very good profram,en,0.9418409466743468,positive,positive,0.4927,positive,0.9691938,0.005120743,0.025685465,0.9691938
32192,56224,,3,So far it's verify i'm enjoying it. But there is an is an athee with the Purchase and Subscribe.,so far it be verify i be enjoy it. but there be an be an athee with the purchase and subscribe.,So far it's verify i'm enjoying it. But there is an is an athee with the Purchase and Subscribe.,en,0.8770495653152466,neutral,neutral,0.2732,positive,0.88324845,0.007465861,0.10928574,0.88324845
32193,56231,,4,Gorgeous Thank You For This Application,gorgeous thank you for this application,Gorgeous Thank You For This Application,en,0.8757630586624146,neutral,positive,0.7579,positive,0.9789028,0.0075001204,0.013597059,0.9789028
32194,56232,,5,It's very good course ❤,it be very good course ❤,It's very good course ❤,en,0.9749149680137634,positive,positive,0.4927,positive,0.9729408,0.004931108,0.022128077,0.9729408
32195,56233,,5,Benin and oh,benin and oh,Bennnin and oh,en,0.8662983179092407,positive,neutral,0.0,neutral,0.7333967,0.022126334,0.7333967,0.24447693
32196,56236,,5,Product,product,Product,en,0.9395068287849426,positive,neutral,0.0,neutral,0.622992,0.15061225,0.622992,0.22639576
32197,56237,,5,Jamyel,jamyel,Jamyel,en,0.6586353778839111,positive,neutral,0.0,neutral,0.76757425,0.09532683,0.76757425,0.13709886
32198,56239,,5,It's great 😍 😍,it be great 😍 😍,It's great😍😍,en,0.8654438257217407,positive,positive,0.6249,positive,0.9856858,0.003057189,0.011257024,0.9856858
32199,56241,,5,I have that learn English in by The Right Way,i have that learn english in by the right way,I have that learn English in by The Right Way,en,0.9832732081413268,positive,neutral,0.0,neutral,0.537049,0.040428955,0.537049,0.42252204
32200,56244,,5,In Fact this is gargantuan program,in fact this be gargantuan program,In Fact this is gargantuan program,en,0.7024093270301819,positive,neutral,0.0,neutral,0.34611678,0.04362455,0.34611678,0.61025864
32201,56245,,5,Thank you for this application,thank you for this application,Thank you for this application,en,0.9021667242050172,positive,positive,0.3612,positive,0.8948836,0.008513465,0.096603,0.8948836
32203,56254,,5,Thinks for Elsa Speak. I hop you download this app it is really great and few again 😇 😊,think for elsa speak. i hop you download this app it be really great and few again 😇 😊,Thinks for Elsa Speak. I hop you download this app it is really great and few again 😇😊,en,0.9754666090011596,positive,positive,0.659,positive,0.978737,0.0032379709,0.018025031,0.978737
32204,56255,,4,Not Sure Yet But I Think 🤔 IT's Gonna Be Awesome,not sure yet but i think 🤔 it be go to be awesome,Not Sure Yet But I Think 🤔 IT's Gonna Be Awesome,en,0.9681838154792786,neutral,positive,0.7326,positive,0.9444504,0.00519747,0.050352212,0.9444504
32205,56256,,5,It's a very good course for practicing English.,it be a very good course for practice english.,It's a very good course for practicing English.,en,0.9374539852142334,positive,positive,0.4927,positive,0.9616602,0.003132653,0.035207197,0.9616602
32206,56257,,5,"Perfect ❤, Advanced and Funny Way to Learning English","perfect ❤, advance and funny way to learn english","Perfect ❤, Advanced and Funny Way to Learning English",en,0.8981069922447205,positive,positive,0.765,positive,0.98166794,0.003818332,0.014513717,0.98166794
32207,56258,,3,I What the Free Programme ❤️,i what the free programme ❤,I What the Free Programme ❤️,en,0.6813544631004333,neutral,positive,0.5106,positive,0.94437265,0.0032451062,0.05238223,0.94437265
32208,56265,,5,A wonderful application,a wonderful application,A wonderful application,en,0.7549896240234375,positive,positive,0.5719,positive,0.9552232,0.014693707,0.030083057,0.9552232
32209,56266,,5,Wonderful excellent,wonderful excellent,Wonderful excellent,en,0.6626429557800293,positive,positive,0.8126,positive,0.9628567,0.009693517,0.027449738,0.9628567
32211,56287,,5,"Actually, it is a usful app for imProving pronunciation","actually, it be a usful app for improve pronunciation","Actually, it is a usful app for imProving pronunciation",en,0.757314145565033,positive,positive,0.4404,neutral,0.6563811,0.0799845,0.6563811,0.26363438
32212,56289,,5,Good This Application is unberevable ITS SO Useful,good this application be unberevable it be so useful,Good This Application is unberevable ITS SO Useful,en,0.5574537515640259,positive,positive,0.7678,positive,0.9596331,0.013944322,0.026422568,0.9596331
32213,56290,,5,It's verful.,it be verful.,It's verful.,en,0.7710697650909424,positive,neutral,0.0,neutral,0.54709387,0.06636836,0.54709387,0.38653773
32215,56294,,5,It is perfect and usful practice,it be perfect and usful practice,It is perfect and usful practice,en,0.8988798260688782,positive,positive,0.5719,positive,0.7617025,0.024726156,0.21357132,0.7617025
32216,56295,,5,Verry Good Education Learning App,verry good education learn app,Verry Good Education Learning App,en,0.8982279896736145,positive,positive,0.4404,positive,0.82179123,0.014140656,0.16406818,0.82179123
32217,56297,,4,Parallel,parallel,Parallel,en,0.7671042084693909,neutral,neutral,0.0,neutral,0.6420969,0.1402205,0.6420969,0.21768263
32219,56300,,5,We are with it is batter,we be with it be batter,We are with it is batter,en,0.840131402015686,positive,neutral,0.0,neutral,0.7613419,0.041876525,0.7613419,0.19678156
32220,56301,,5,Thinks Eisa Speak,think eisa speak,Thinks Eisa Speak,en,0.9978921413421632,positive,neutral,0.0,neutral,0.89757323,0.04792623,0.89757323,0.054500498
32222,56315,,5,Disappoint,disappoint,Disappoint,en,0.8173176646232605,positive,negative,-0.4019,negative,0.7280574,0.7280574,0.23724553,0.034697153
32223,56322,,5,So Pretty,so pretty,So Pretty,en,0.778355598449707,positive,positive,0.5413,positive,0.9131802,0.031633556,0.055186268,0.9131802
32225,56324,,5,Distinctive application.,distinctive application.,Distinctive application.,en,0.7966213226318359,positive,neutral,0.0,neutral,0.8329695,0.08730904,0.8329695,0.07972148
32227,56326,,5,It can help you to speak so correct and flute,it can help you to speak so correct and flute,It can help u to speak so correct and flute,en,0.9845005869865416,positive,positive,0.4019,positive,0.7189295,0.014369357,0.2667011,0.7189295
32228,56331,,4,So terrific,so terrific,So terrific,en,0.519108772277832,neutral,positive,0.5256,positive,0.9239363,0.018015362,0.05804837,0.9239363
32229,56336,,3,Kindly Add Arabic Languages ​​to Display Languages. To explain the new word to Arabic,kindly add arabic language to display languages. to explain the new word to arabic,Kindly Add Arabic Languages ​​to Display Languages. To explain the new word to Arabic,en,0.7852511405944824,neutral,positive,0.4939,neutral,0.8295512,0.021366583,0.8295512,0.1490821
32230,56337,,4,Very nice 🤍,very nice 🤍,Very nice 🤍,en,0.9968196749687196,neutral,positive,0.4754,positive,0.9714675,0.008773322,0.019759204,0.9714675
32231,56338,,3,Need more work :(,need more work,Need more work :(,en,0.9699374437332152,neutral,neutral,0.0,neutral,0.7208223,0.12619416,0.7208223,0.15298358
32232,56339,,5,Vry Good App .. All Thanks ♡,vry good app. all thanks ♡,Vry Good App .. All Thanks ♡,en,0.8395392298698425,positive,positive,0.7003,positive,0.98104745,0.004931776,0.014020821,0.98104745
32233,56341,,3,The App is Great for Learning 😍,the app be great for learn 😍,The App is Great for Learning 😍,en,0.9149957895278932,neutral,positive,0.6249,positive,0.9837842,0.0031035508,0.0131121995,0.9837842
32235,56352,,5,It's a good profram,it be a good profram,It's a good profram,en,0.652533233165741,positive,positive,0.4404,positive,0.7484148,0.029023027,0.22256216,0.7484148
32236,56353,,4,Vry Beneficial,vry beneficial,Vry Beneficial,en,0.6537672877311707,neutral,positive,0.4404,positive,0.7885204,0.035844594,0.17563505,0.7885204
32239,56360,,5,Summer,summer,Summer,en,0.5732195973396301,positive,neutral,0.0,neutral,0.6498082,0.040395923,0.6498082,0.30979583
32242,56372,,5,"It is a very good, beneficial and enjoyable application. But it is not for free. Thank you so much.","it be a very good, beneficial and enjoyable application. but it be not for free. thank you so much.","It is a very good, beneficial and enjoyable application. But it is not for free. Thank you so much.",en,0.9461923241615297,positive,negative,-0.2691,positive,0.9661747,0.0068552396,0.026970038,0.9661747
32243,56373,,5,"Vry cool, it helps to learn easily and Quickly, it's Amazing 😍","vry cool, it help to learn easily and quickly, it be amazing 😍","Vry cool, it helps to learn easily and Quickly, it's Amazing 😍",en,0.952005922794342,positive,positive,0.8807,positive,0.9861006,0.004298597,0.009600829,0.9861006
32244,56376,,5,Amazing. ✨ 🔥 💯 💖 👌,amazing. ✨ 🔥 💯 💖 👌,Amazing. ✨🔥💯💖👌,en,0.7772457599639893,positive,positive,0.5859,positive,0.98155564,0.004959389,0.013484985,0.98155564
32245,56382,,4,Vry Nice and Grateful,vry nice and grateful,Vry Nice and Grateful,en,0.8502820134162903,neutral,positive,0.7003,positive,0.9563388,0.0128262015,0.030835042,0.9563388
32246,56384,,5,Thank you for this profram,thank you for this profram,Thank you for this profram,en,0.8259931802749634,positive,positive,0.3612,positive,0.94637936,0.009564798,0.044055898,0.94637936
32247,56385,,5,Like the way it,like the way it,Like the way it,en,0.8467757701873779,positive,positive,0.3612,neutral,0.6410906,0.07367703,0.6410906,0.2852324
32248,56389,,5,GooOD,goood,GooOOOOOOOOOD,en,0.5362369418144226,positive,neutral,0.0,neutral,0.31020448,0.074171305,0.31020448,0.6156242
32252,56399,,5,Useful good good,useful good good,Useful good good,en,0.6406232118606567,positive,positive,0.8271,neutral,0.3466986,0.055450156,0.3466986,0.5978512
32253,56400,,5,Wonderful software,wonderful software,Wonderful software,en,0.5094499588012695,positive,positive,0.5719,positive,0.94123656,0.01233865,0.046424784,0.94123656
32254,56403,,5,Good app it's more usful,good app it be more usful,Good app it's more usful,en,0.8831438422203064,positive,positive,0.4404,positive,0.92729753,0.012588042,0.06011441,0.92729753
32255,56405,,4,IT Corricts Your Pronounce Right Areal Teacher. Vry Nice,it corricts your pronounce right areal teacher. vry nice,IT Corricts Your Pronounce Right Areal Teacher. Vry Nice,en,0.884530782699585,neutral,positive,0.4215,positive,0.93780494,0.009436525,0.052758526,0.93780494
32256,56406,,5,l really like it 🤗 ❣️,l really like it 🤗 ❣,l really like it 🤗❣️,en,0.9877418875694276,positive,positive,0.4201,positive,0.97882915,0.005192225,0.01597858,0.97882915
32257,56410,,4,Thanks 💕 🕊️,thanks 💕 🕊,Thanks 💕🕊️,en,0.8708533644676208,neutral,positive,0.4404,positive,0.96968573,0.0058558,0.024458487,0.96968573
32258,56415,,5,"I like this, Thank U Vie Much","i like this, thank u vie much","I like this, Thank U Vie Much",en,0.9642871022224426,positive,positive,0.6124,positive,0.97482896,0.0069659343,0.018205082,0.97482896
32259,56416,,5,Work,work,Work,en,0.9466255307197572,positive,neutral,0.0,neutral,0.6364321,0.11743428,0.6364321,0.2461336
32260,56417,,5,Vry good 😊 ☺️,vry good 😊 ☺,Vry good 😊☺️,en,0.5548751354217529,positive,positive,0.4404,positive,0.97369903,0.005508405,0.020792581,0.97369903
32263,56432,,5,It is a very interesting App and verful to practice English.,it be a very interesting app and verful to practice english.,It is a very interesting App and verful to practice English.,en,0.9423415660858154,positive,positive,0.4576,positive,0.96912295,0.0032135602,0.027663488,0.96912295
32264,56438,,4,Wonderful Program 💜 💜 💜 💜,wonderful program 💜 💜 💜 💜,Wonderful Program 💜💜💜💜,en,0.6559953689575195,neutral,positive,0.5719,positive,0.98669285,0.0035350043,0.009772164,0.98669285
32268,56448,,3,"To be honest I am a kid but I love this app. I love English Language So Much. Thinks Elsa Speak 😍 Frankly, I am a child, but I love this app. I love English a lot. Thank you, Esa speaker 😍","to be honest i be a kid but i love this app. i love english language so much. think elsa speak 😍 frankly, i be a child, but i love this app. i love english a lot. thank you, esa speaker 😍","To be honest I am a kid but I love this app. I love English Language So Much. Thinks Elsa Speak😍 Frankly, I am a child, but I love this app. I love English a lot. Thank you, Esa speaker 😍",en,0.8124849200248718,neutral,positive,0.9856,positive,0.9794037,0.00760307,0.012993298,0.9794037
32269,56449,,5,"Amazing App, Deserves More Than 100 Stars.","amaze app, deserve more than 100 stars.","Amazing App, Deserves More Than 100 Stars.",en,0.929318904876709,positive,positive,0.5423,positive,0.94722444,0.005537116,0.047238432,0.94722444
32271,56461,,5,Good 100 ♡ ♡ ♡,good 100 ♡ ♡ ♡,Good 100 ♡♡♡,en,0.5988091230392456,positive,positive,0.4404,positive,0.976185,0.0048798057,0.018935144,0.976185
32272,56465,,5,to receive,to receive,to receive,en,0.9993035793304444,positive,neutral,0.0,neutral,0.5463566,0.031527217,0.5463566,0.4221162
32273,56468,,5,"I like this application real i love it I liked a lot, but I hope that the sound service is free without Inter Net I hope Yes l Wish This application to be free l hop","i like this application real i love it i like a lot, but i hope that the sound service be free without inter net i hope yes l wish this application to be free l hop","I like this application real i love it I liked a lot, but I hope that the sound service is free without Inter Net I hope Yes l Wish This application to be free l hop",en,0.7999037504196167,positive,positive,0.9831,positive,0.9690452,0.004639015,0.026315767,0.9690452
32274,56469,,4,I think it's a good application to enhance a skill of English Language for any person who will to go on lending English.,i think it be a good application to enhance a skill of english language for any person who will to go on lending english.,I think it's a good application to enhance a skill of English Language for any person who will to go on lending English.,en,0.9230543971061708,neutral,positive,0.4404,positive,0.7943854,0.00817828,0.19743629,0.7943854
32275,56475,,1,Why it's not free ??,why it be not free?,Why it's not free ??,en,0.789574384689331,negative,negative,-0.4023,neutral,0.617713,0.3588259,0.617713,0.02346118
32276,56481,,5,Vry Cool Application I Liked Very Much The Magnificance of WOW,vry cool application i like very much the magnificance of wow,Vry Cool Application I Liked Very Much The Magnificance of WOW,en,0.958073914051056,positive,positive,0.8225,positive,0.98052776,0.005613411,0.0138588,0.98052776
32277,56482,,5,I think it's lovely,i think it be lovely,I think it's lovely,en,0.9717223644256592,positive,positive,0.5859,positive,0.92289096,0.011913377,0.06519568,0.92289096
32278,56483,,5,It's cool & perfect,it be cool & perfect,It's cool & perfect,en,0.5133931636810303,positive,positive,0.7184,positive,0.8544211,0.021861486,0.12371744,0.8544211
32282,56500,,5,Many of me,many of me,Many of me,en,0.9979891180992126,positive,neutral,0.0,neutral,0.6576449,0.07840524,0.6576449,0.26394987
32283,56502,,4,It's good but it would be better if the paid part was free,it be good but it would be good if the paid part be free,It's good but it would be better if the paid part was free,en,0.9564223289489746,neutral,positive,0.882,positive,0.71343184,0.026056878,0.2605113,0.71343184
32285,56504,,5,"It's good, who will have practice his Speaking, and Improve his Accent.","it be good, who will have practice his speaking, and improve his accent.","It's good, who will have practice his Speaking, and Improve his Accent.",en,0.9978846907615662,positive,positive,0.7003,positive,0.79669917,0.009887291,0.19341359,0.79669917
32286,56505,,5,Wow its Amazing Magnific,wow it be amazing magnific,Wow its Amazing Magnific,en,0.5585600733757019,positive,positive,0.8979,positive,0.96868515,0.008533579,0.02278133,0.96868515
32287,56511,,5,Smoothing,smooth,Smoothing,en,0.7129510045051575,positive,neutral,0.0,neutral,0.3305818,0.061998017,0.3305818,0.60742015
32288,56515,,5,V Good App I Recomment IT 😍,v good app i recomment it 😍,V Good App I Recomment IT😍,en,0.8250981569290161,positive,positive,0.4404,positive,0.98514706,0.004982952,0.009869992,0.98514706
32291,56520,,5,Good 🥰 🥰,good 🥰 🥰,Good🥰🥰,en,0.776827335357666,positive,positive,0.4404,positive,0.9836586,0.0042014397,0.012139942,0.9836586
32292,56521,,5,So nice few,so nice few,So nice few,en,0.9973672032356262,positive,positive,0.4754,positive,0.9571882,0.009864859,0.032946967,0.9571882
32293,56523,,5,👍 Very excellent,👍 very excellent,👍 Very excellent,en,0.9837112426757812,positive,positive,0.6115,positive,0.96270776,0.011029212,0.026263047,0.96270776
32295,56530,,5,"This App is very awsome, it evaluats American Accent. I have received anneone to download it on this defic. Thanks Elsa Speak","this app be very awsome, it evaluats american accent. i have receive anneone to download it on this defic. thanks elsa speak","This App is very awsome, it evaluats American Accent. I have received anneone to download it on this defic. Thanks Elsa Speak",en,0.941089928150177,positive,positive,0.4404,positive,0.9669507,0.005083779,0.027965494,0.9669507
32296,56534,,5,Ty So Much for Helping Meh Learn Dis,ty so much for help meh learn dis,Ty So Much for Helping Meh Learn Dis,en,0.9208332300186156,positive,positive,0.6444,positive,0.90014386,0.018048301,0.08180786,0.90014386
32297,56535,,3,You should add translation,you should add translation,You should add translation,en,0.8615017533302307,neutral,neutral,0.0,neutral,0.84293175,0.076602675,0.84293175,0.08046558
32299,56539,,5,So usufful App,so usufful app,So usufful App,en,0.836764395236969,positive,neutral,0.0,neutral,0.78318745,0.088912,0.78318745,0.12790047
32300,56540,,5,Yes very beautiful,yes very beautiful,Yes very beautiful,en,0.9574641585350036,positive,positive,0.7841,positive,0.9716243,0.008401589,0.019974088,0.9716243
32301,56547,,5,Great Really Great,great really great,Great Really Great,en,0.9845157265663148,positive,positive,0.8481,positive,0.9621208,0.006896246,0.03098299,0.9621208
32302,56550,,5,It's usful App,it be usful app,It's usful App,en,0.8517753481864929,positive,neutral,0.0,neutral,0.6289869,0.30220684,0.6289869,0.06880625
32303,56552,,5,I like this proframme,i like this proframme,I like this proframme,en,0.6672878861427307,positive,positive,0.3612,positive,0.95345426,0.005439596,0.041106097,0.95345426
32304,56555,,5,A Grit Application,a grit application,A Grit Application,en,0.8038870692253113,positive,neutral,0.0,neutral,0.76641864,0.12210012,0.76641864,0.111481234
32305,56557,,5,I love it ❤️ ❤️ So Much,i love it ❤ ❤ so much,I love it ❤️ ❤️ Soooo Much,en,0.8402919173240662,positive,positive,0.6369,positive,0.98482555,0.004803979,0.010370451,0.98482555
32306,56558,,2,Good and sweet. But I Hope it's free forever. IT Deserves Five Stars and Iso Work Pub where. Thank you very much for your great espor,good and sweet. but i hope it be free forever. it deserve five star and iso work pub where. thank you very much for your great espor,Good and sweet. But I Hope it's free forever. IT Deserves Five Stars and Iso Work Pub where. Thank you very much for your great espor,en,0.9283104538917542,negative,positive,0.9688,positive,0.9770725,0.005204278,0.017723197,0.9770725
32307,56563,,5,~ Litely <-> Awesome ~,litely <-> awesome,~ Litellly <-> Awesome ~,en,0.8793123364448547,positive,positive,0.6249,positive,0.8848737,0.01855839,0.09656791,0.8848737
32308,56564,,5,Good 😍 😍 🙈,good 😍 😍 🙈,Good 😍😍🙈,en,0.9223544001579284,positive,positive,0.4404,positive,0.9832139,0.0031806598,0.0136054875,0.9832139
32309,56565,,5,Expand,expand,Expand,en,0.5205411911010742,positive,positive,0.3182,neutral,0.7238138,0.12093254,0.7238138,0.15525368
32310,56566,,5,Woow I like it 🤭 🍒 🍒.,woow i like it 🤭 🍒 🍒.,Woow I like it 🤭🍒🍒.,en,0.6931446194648743,positive,positive,0.3612,positive,0.98082167,0.0027666108,0.016411696,0.98082167
32311,56569,,5,Brilliant Program 💛,brilliant program 💛,Brilliant Program💛,en,0.5135442018508911,positive,positive,0.5859,positive,0.9792047,0.005701854,0.0150933815,0.9792047
32312,56578,,5,Prefection,prefection,Prefection,en,0.5540716052055359,positive,neutral,0.0,neutral,0.6602503,0.06363225,0.6602503,0.2761175
32313,56580,,1,Ear,ear,Ear,en,0.8127050399780273,negative,neutral,0.0,neutral,0.65039897,0.1101637,0.65039897,0.23943733
32314,56584,,5,Really Good 🥰,really good 🥰,Really Good 🥰,en,0.9954030513763428,positive,positive,0.4927,positive,0.9829664,0.0049561295,0.012077416,0.9829664
32315,56587,,5,Thinks Alot,think alot,Thinks Alot,en,0.9974543452262878,positive,neutral,0.0,neutral,0.7221766,0.1997934,0.7221766,0.078029945
32316,56590,,5,Interesting Application,interesting application,Interesting Application,en,0.901496410369873,positive,positive,0.4019,positive,0.69643784,0.03980547,0.2637567,0.69643784
32317,56596,,5,Wonderful thanks,wonderful thanks,Wonderful thanks,en,0.7001619338989258,positive,positive,0.765,positive,0.97019506,0.006037184,0.023767728,0.97019506
32318,56604,,5,That's fantastic,that be fantastic,That's fantastic,en,0.8556439876556396,positive,positive,0.5574,positive,0.96297413,0.009447421,0.027578508,0.96297413
32321,56621,,5,💖 💖 💖 😍 😍,💖 💖 💖 😍 😍,💖💖💖😍😍,en,0.7215408086776733,positive,neutral,0.0,positive,0.97536486,0.0026850356,0.02195004,0.97536486
32322,56623,,5,Wonderful 😍 😍 😍,wonderful 😍 😍 😍,Wonderful 😍😍😍,en,0.5829646587371826,positive,positive,0.5719,positive,0.9853521,0.0030396788,0.011608225,0.9853521
32324,56633,,5,Amazing I advice you to try it,amaze i advice you to try it,Amazing I advice you to try it,en,0.959716796875,positive,positive,0.5423,positive,0.8797619,0.0062184995,0.11401963,0.8797619
32325,56635,,5,Anazing App !!,anazing app!,Anazing App !!,en,0.7335943579673767,positive,neutral,0.0,positive,0.98057425,0.004597647,0.014828103,0.98057425
32327,56641,,5,Great App The Pest Pronunciation App I USE,great app the pest pronunciation app i use,Great App The Pest Pronunciation App I USE,en,0.6078954935073853,positive,positive,0.6249,positive,0.9639982,0.0057859193,0.030215878,0.9639982
32328,56642,,5,Good 😍 🥰,good 😍 🥰,Good 😍🥰,en,0.8977734446525574,positive,positive,0.4404,positive,0.9856451,0.004035685,0.010319202,0.9856451
32329,56643,,5,AWesome App ❤,awesome app ❤,AWesome App ❤,en,0.5701022148132324,positive,positive,0.6249,positive,0.97912264,0.005620881,0.015256401,0.97912264
32331,56654,,5,Please Give Me 1 $ Google Play .......... I love you man,please give me 1 $ google play. i love you man,Please Give Me 1 $ Google Play .......... I love you man,en,0.6535701155662537,positive,positive,0.836,positive,0.9547317,0.008504933,0.036763385,0.9547317
32332,56665,,5,"Perfect, thank you","perfect, thank you","Perfect, thank you",en,0.9067363142967224,positive,positive,0.7351,positive,0.9719987,0.008512184,0.019489102,0.9719987
32335,56680,,5,I'm Excited for this App! So Far I Really Like It. Thank you for your hard work ❤,i be excite for this app! so far i really like it. thank you for your hard work ❤,I'm Excited for this App! So Far I Really Like It. Thank you for your hard work ❤,en,0.9467382431030272,positive,positive,0.8322,positive,0.9896018,0.002648933,0.007749305,0.9896018
32336,56681,,5,Great App everyone Should Use It ❤️ 😍,great app everyone should use it ❤ 😍,Great App everyone Should Use It ❤️😍,en,0.9471656084060668,positive,positive,0.6249,positive,0.98841953,0.0033244444,0.008256029,0.98841953
32337,56687,,5,Its An Excellent Program.,it be an excellent program.,Its An Excellent Program.,en,0.6505147814750671,positive,positive,0.5719,positive,0.97285515,0.003684581,0.023460284,0.97285515
32341,56705,,5,This is a program,this be a program,This is a program,en,0.7901203632354736,positive,neutral,0.0,neutral,0.7630271,0.08285692,0.7630271,0.15411599
32344,56714,,5,Boil,boil,Boil,en,0.9849202036857604,positive,neutral,0.0,neutral,0.7173116,0.088854134,0.7173116,0.19383419
32348,56735,,5,This App is Wonderful,this app be wonderful,This App is Wonderful,en,0.5981013774871826,positive,positive,0.5719,positive,0.97122926,0.0071655526,0.021605203,0.97122926
32349,56749,,5,Vry Good!,vry good!,Vry Good!,en,0.7383188009262085,positive,positive,0.4926,positive,0.9622582,0.0060084574,0.0317333,0.9622582
32351,56774,,5,Ideal program,ideal program,Ideal program,en,0.8817535042762756,positive,positive,0.5267,neutral,0.3704589,0.026875809,0.3704589,0.6026653
32352,56782,,5,second,second,second,en,0.9063843488693236,positive,neutral,0.0,neutral,0.5871798,0.104458615,0.5871798,0.30836153
32354,56788,,5,Gene,gene,Gene,en,0.6486292481422424,positive,neutral,0.0,neutral,0.7093292,0.12311074,0.7093292,0.16756
32355,56795,,5,📑,📑,📑,en,0.902145266532898,positive,neutral,0.0,neutral,0.7631774,0.050727304,0.7631774,0.18609525
32357,56797,,5,"Vry good app for pronounce, but you need to make a part of your app to show how to pronounce correctly by Short Videos","vry good app for pronounce, but you need to make a part of your app to show how to pronounce correctly by short video","Vry good app for pronounce, but you need to make a part of your app to show how to pronounce correctly by Short Videos",en,0.967666745185852,positive,neutral,0.2382,neutral,0.3567528,0.024441043,0.3567528,0.6188062
32359,56805,,5,Beautiful education,beautiful education,Beautiful education,en,0.8888049721717834,positive,positive,0.5994,positive,0.9558566,0.012173643,0.031969707,0.9558566
32360,56814,,5,Jamil,jamil,Jamil,en,0.508137047290802,positive,neutral,0.0,neutral,0.7047341,0.16084345,0.7047341,0.13442238
32361,56827,,5,Anteresting App. I love it.,anteresting app. i love it.,Anteresting App. I love it.,en,0.8161352276802063,positive,positive,0.6369,positive,0.9848164,0.005758279,0.009425348,0.9848164
32362,56828,,5,Good App Think You 🧠,good app think you 🧠,Good App Think You 🧠,en,0.9911145567893982,positive,positive,0.4404,positive,0.9458062,0.0066442285,0.047549576,0.9458062
32363,56830,,5,I'm verded,i be verded,I'm verded,en,0.725391685962677,positive,neutral,0.0,neutral,0.6861794,0.19711052,0.6861794,0.11671013
32365,56834,,5,Tissue,tissue,Tissue,en,0.994478404521942,positive,neutral,0.0,neutral,0.7680473,0.106114894,0.7680473,0.12583779
32366,56835,,5,Firm,firm,Firm,en,0.9757022857666016,positive,neutral,0.0,neutral,0.63415986,0.070148066,0.63415986,0.29569212
32368,56855,,5,It's verry good.,it be verry good.,It's verry good.,en,0.7982041835784912,positive,positive,0.4404,positive,0.9367145,0.009222721,0.0540628,0.9367145
32369,56856,,5,Thank you Google 😘,thank you google 😘,Thank you Google😘,en,0.5986396670341492,positive,positive,0.3612,positive,0.97142875,0.004494958,0.02407632,0.97142875
32370,56857,,4,for me,for me,for me,en,0.9050704836845398,neutral,neutral,0.0,neutral,0.65722317,0.07705802,0.65722317,0.26571882
32372,56861,,5,😍 😍 😍 😍 😍 😍,😍 😍 😍 😍 😍 😍,😍😍😍😍😍😍,en,0.9592107534408568,positive,neutral,0.0,positive,0.97940093,0.002860152,0.017738981,0.97940093
32373,56863,,5,"Sweet, excellent","sweet, excellent","Sweet, excellent",en,0.9244045615196228,positive,positive,0.7717,positive,0.9639941,0.009315297,0.02669067,0.9639941
32374,56870,,5,Goog and Very Nice,goog and very nice,Goog and Very Nice,en,0.9915427565574646,positive,positive,0.4754,positive,0.958229,0.00712806,0.034642886,0.958229
32375,56874,,5,Compassionate,compassionate,Compassionate,en,0.6999618411064148,positive,positive,0.4939,neutral,0.46821484,0.103484645,0.46821484,0.42830053
32376,56875,,5,all,all,all,en,0.6243471503257751,positive,neutral,0.0,neutral,0.5332539,0.13672613,0.5332539,0.33001992
32377,56881,,5,New application,new application,New application,en,0.8481051325798035,positive,neutral,0.0,neutral,0.7468892,0.092733905,0.7468892,0.160377
32379,56903,,5,Its helping and easy to us,it be help and easy to u,Its helping and easy to us,en,0.9239291548728944,positive,positive,0.6808,positive,0.76273465,0.028252298,0.2090131,0.76273465
32382,56910,,5,Salafaqqat three,salafaqqat three,Salafaqqat three,en,0.9085083603858948,positive,neutral,0.0,neutral,0.6724211,0.12539004,0.6724211,0.20218882
32383,56912,,5,It Deserves,it deserve,It Deserves,en,0.7263853549957275,positive,neutral,0.0,neutral,0.5483276,0.09834022,0.5483276,0.3533321
32389,56940,,5,This App is Super 😍,this app be super 😍,This App is Super 😍,en,0.7363120913505554,positive,positive,0.5994,positive,0.9763105,0.0053277295,0.018361762,0.9763105
32391,56943,,5,Good Aps for Pronunciation,good aps for pronunciation,Good Aps for Pronunciation,en,0.8080407381057739,positive,positive,0.4404,positive,0.7120877,0.028719118,0.25919324,0.7120877
32395,56968,,5,A Wonderful Program,a wonderful program,A Wonderful Program,en,0.7027096152305603,positive,positive,0.5719,positive,0.95586365,0.012512855,0.031623438,0.95586365
32398,56974,,5,The Best App Ever. I apprycital this App Vry Much.,the best app ever. i apprycital this app vry much.,The Best App Ever. I apprycital this App Vry Much.,en,0.8334730267524719,positive,positive,0.6369,positive,0.98378825,0.006765844,0.009445925,0.98378825
32399,56982,,5,Thank you Elsa to learn English,thank you elsa to learn english,Thank you Elsa to learn English,en,0.8351917862892151,positive,positive,0.3612,positive,0.9302978,0.006317623,0.063384555,0.9302978
32400,56986,,5,how much,how much,how much,en,0.9990103840827942,positive,neutral,0.0,neutral,0.6767702,0.13724545,0.6767702,0.1859843
32401,56987,,5,new,new,new,en,0.6339120864868164,positive,neutral,0.0,neutral,0.58960056,0.09633844,0.58960056,0.31406105
32402,56997,,5,Such and Amazing App.,such and amazing app.,Such and Amazing App.,en,0.9592078328132628,positive,positive,0.5859,positive,0.97959936,0.005762973,0.014637715,0.97959936
32403,57009,,5,Strong App,strong app,Strong App,en,0.7942951917648315,positive,positive,0.5106,positive,0.88942975,0.015330215,0.095240004,0.88942975
32405,57011,,4,Anteresting profram and usful in Addition to keep upback,anteresting profram and usful in addition to keep upback,Anteresting profram and usful in Addition to keep upback,en,0.9605798125267028,neutral,neutral,0.0,neutral,0.7269818,0.021661911,0.7269818,0.25135627
32406,57013,,5,IT dosn't open. It downloads all time. I think this profilem What Patience. Now it open with me and working well 😊,it dosnt open. it download all time. i think this profilem what patience. now it open with me and work well 😊,IT dosn't open. It downloads all time. I think this profilem What Patience. Now it open with me and working well 😊,en,0.948750376701355,positive,neutral,0.2732,neutral,0.4471608,0.072186016,0.4471608,0.48065323
32407,57017,,5,"I tried it again and I Found it Great, Thanks A LOT.","i try it again and i find it great, thanks a lot.","I tried it again and I Found it Great, Thanks A LOT.",en,0.9543535113334656,positive,positive,0.7906,positive,0.9838705,0.002614666,0.01351479,0.9838705
32408,57018,,5,Vry Beautiful That's Great I Have Many Words and I Can Speak now,vry beautiful that be great i have many word and i can speak now,Vry Beautiful That's Great I Have Many Words and I Can Speak now,en,0.9819130301475524,positive,positive,0.8402,positive,0.98230064,0.0056317667,0.012067603,0.98230064
32409,57019,,5,It's verry good.i like this app,it be verry good. i like this app,It's verry good.i like this app,en,0.8818976879119873,positive,positive,0.6597,positive,0.98094475,0.004831956,0.014223269,0.98094475
32410,57020,,5,Verry Good Aporation Especially in Pronunciation,verry good aporation especially in pronunciation,Verry Good Aporation Especially in Pronunciation,en,0.8490842580795288,positive,positive,0.4404,positive,0.86439604,0.016655736,0.11894829,0.86439604
32411,57022,,5,It is really perfect.,it be really perfect.,It is really perfect.,en,0.9778094291687012,positive,positive,0.6115,positive,0.9354895,0.014633202,0.04987731,0.9354895
32412,57024,,5,"Excellent, Just Something Else","excellent, just something else","Excellent, Just Something Else",en,0.8421227335929871,positive,positive,0.5719,positive,0.9648648,0.009327777,0.025807375,0.9648648
32413,57026,,5,Where you get in the app and do the setting then you do,where you get in the app and do the setting then you do,Where you get in the app and do the setting then you do,en,0.9113075137138368,positive,neutral,0.0,neutral,0.9168623,0.031180318,0.9168623,0.05195731
32414,57027,,5,It is very amazing but unfortunately it dosn't support Arabic 😢,it be very amazing but unfortunately it dosnt support arabic 😢,It is very amazing but unfortunately it dosn't support Arabic 😢,en,0.9392967820167542,positive,positive,0.382,negative,0.6762124,0.6762124,0.23003028,0.093757324
32415,57029,,5,"I'm from iraq but I could't pay off at Becuse I have won't any an account of ,,, if you will to help you. IT'll Be Easy for Us to Pay It .... I think that your application is the best i've been Knowing","i be from iraq but i couldt pay off at becuse i have will not any an account of, if you will to help you. it will be easy for u to pay it. i think that your application be the best i have be know","I'm from iraq but I could't pay off at Becuse I have won't any an account of ,,, if you will to help you. IT'll Be Easy for Us to Pay It .... I think that your application is the best i've been Knowing",en,0.9750505089759828,positive,positive,0.9186,neutral,0.48205215,0.24316148,0.48205215,0.27478632
32416,57035,,1,I Hope in Next upate there's will be arabic light I was wailing for Arabic light in this account in almost 2 years which is take so long hop you supported as soon as you can and I Give You 5 Stars Thinks You,i hope in next upate there be will be arabic light i be wail for arabic light in this account in almost 2 year which be take so long hop you support as soon as you can and i give you 5 star think you,I Hope in Next upate there's will be arabic light I was wailing for Arabic light in this account in almost 2 years which is take so long hop u supported as soon as u can and I Give You 5 Stars Thinks You,en,0.9667665362358092,negative,positive,0.6808,positive,0.91089857,0.014216389,0.07488502,0.91089857
32417,57036,,5,"RealLY, it's verify Elsa Speak 💖","really, it be verify elsa speak 💖","RealLY, it's verify Elsa Speak💖",en,0.8547921180725098,positive,neutral,0.0,positive,0.90728647,0.0075028837,0.0852107,0.90728647
32418,57038,,5,GOD ILOVE This Application,god ilove this application,GOOOOOD ILOVE This Application,en,0.766178548336029,positive,neutral,0.2732,positive,0.9543926,0.017330777,0.028276598,0.9543926
32419,57041,,5,Amazing & verful App,amaze & verful app,Amazing & verful App,en,0.5245359539985657,positive,positive,0.5423,positive,0.88605064,0.0206972,0.09325221,0.88605064
32420,57046,,1,I can winrstand anything,i can winrstand anything,I can winrstand anything,en,0.9424172043800354,negative,neutral,0.0,positive,0.6545147,0.020211918,0.3252734,0.6545147
32421,57047,,3,Is it available in british account?,be it available in british account?,Is it available in british account?,en,0.8048292994499207,neutral,neutral,0.0,neutral,0.9304966,0.013085752,0.9304966,0.05641764
32422,57049,,5,It Really Help Me Thanks Elsa,it really help me thanks elsa,It Really Help Me Thanks Elsa,en,0.953313410282135,positive,positive,0.7316,positive,0.96834195,0.008114391,0.023543643,0.96834195
32423,57050,,5,Woow Very Good,woow very good,Woow Very Good,en,0.9929944276809692,positive,positive,0.4927,positive,0.97702825,0.0070609907,0.015910754,0.97702825
32424,57052,,5,The Most Useful App i has ever Seen,the most useful app i have ever see,The Most Useful App i has ever Seen,en,0.9520812034606934,positive,positive,0.4927,positive,0.9783075,0.004186869,0.017505668,0.9783075
32425,57055,,5,"I liked the program and methods in the education way, but I have a simple problem. I have some problems in the way of using it","i like the program and method in the education way, but i have a simple problem. i have some problem in the way of use it","I liked the program and methods in the education way, but I have a simple problem. I have some problems in the way of using it",en,0.9671154022216796,positive,negative,-0.7469,negative,0.5992997,0.5992997,0.36053646,0.04016383
32426,57056,,4,I recommend trying it,i recommend try it,I recommend trying it,en,0.8742367029190063,neutral,positive,0.3612,positive,0.85558945,0.009014527,0.135396,0.85558945
32427,57057,,1,"A stupid program that I am pronouncing the word is correct, and it is its work wrong","a stupid program that i be pronounce the word be correct, and it be it be work wrong","A stupid program that I am pronouncing the word is correct, and it is its work wrong",en,0.921481430530548,negative,negative,-0.7579,negative,0.8870147,0.8870147,0.10199494,0.010990362
32428,57058,,1,Why it does not work,why it do not work,Why it does not work,en,0.8670756220817566,negative,neutral,0.0,negative,0.73855984,0.73855984,0.24104446,0.020395676
32429,57059,,5,"Before I descended the Apalchen and said my opinion, the advertisement is enthusiastically and represents me and represents the reality in which I am in it and I have a problem in pronouncing if I traveled countries and they will speak in English and when I would like to ask for a need in English, I do not know I pronounce it.","before i descend the apalchen and say my opinion, the advertisement be enthusiastically and represent me and represent the reality in which i be in it and i have a problem in pronounce if i travel country and they will speak in english and when i would like to ask for a need in english, i do not know i pronounce it.","Before I descended the Apalchen and said my opinion, the advertisement is enthusiastically and represents me and represents the reality in which I am in it and I have a problem in pronouncing if I traveled countries and they will speak in English and when I would like to ask for a need in English, I do not know I pronounce it.",en,0.9545490741729736,positive,positive,0.5267,neutral,0.5987901,0.35475048,0.5987901,0.046459384
32430,57060,,1,"A failed programmer on a specific approach and what we know the verbal errors, I mean, can you say to you, and the program gives you right","a failed programmer on a specific approach and what we know the verbal errors, i mean, can you say to you, and the program give you right","A failed programmer on a specific approach and what we know the verbal errors, I mean, can you say to you, and the program gives you right",en,0.9244097471237184,negative,negative,-0.6908,negative,0.8206212,0.8206212,0.16661257,0.012766257
32431,57062,,5,One of the Great Apps I Have Tried 😊,one of the great apps i have try 😊,One of the Great Apps I Have Tried 😊,en,0.9719917178153992,positive,positive,0.6249,positive,0.98407596,0.0034536573,0.012470388,0.98407596
32432,57066,,5,Very sweet 😍 😍 😍 😍 🙊 🙈,very sweet 😍 😍 😍 😍 🙊 🙈,Very sweet 😍😍😍😍🙊🙈,en,0.9609156250953674,positive,positive,0.5095,positive,0.9789838,0.0048936233,0.01612249,0.9789838
32433,57068,,5,This App Helps Me Speak Clearly .. Its Amazing,this app help me speak clearly. it be amaze,This App Helps Me Speak Clearly .. Its Amazing,en,0.9616088271141052,positive,positive,0.836,positive,0.96693087,0.0042827656,0.028786333,0.96693087
32434,57070,,5,I love this program and I make,i love this program and i make,I love this program and I make,en,0.817469596862793,positive,positive,0.6369,positive,0.98124456,0.0058536576,0.012901796,0.98124456
32435,57071,,5,"Actually the progress that every day we connect it to the one who is fascinated by 😃 Come, let us preach, with some 🙈 in it, on the Android, its name is Elsa Speak 😃 This is the Parkon, this will speak to you. Uh, by God, you are surprised, as well as it measures you, you are the degree of your pronunciation close to the NATIVE. Ok, let us complete the dazzle and see this way, will you make the Speaking in a mythical way? 1- You are the first when you go down to the Aplocation, it says you choose your mother tongue that is in our Arabic lineage, so that it can distinguish you, and you are speaking to Angesh and appreciates you.","actually the progress that every day we connect it to the one who be fascinate by 😃 come, let u preach, with some 🙈 in it, on the android, it be name be elsa speak 😃 this be the parkon, this will speak to you. uh, by god, you be surprised, as well as it measure you, you be the degree of your pronunciation close to the native. ok, let u complete the dazzle and see this way, will you make the speaking in a mythical way? 1- you be the first when you go down to the aplocation, it say you choose your mother tongue that be in our arabic lineage, so that it can distinguish you, and you be speak to angesh and appreciate you.","Actually the progress that every day we connect it to the one who is fascinated by 😃 Come, let us preach, with some 🙈 in it, on the Android, its name is Elsa Speak 😃 This is the Parkon, this will speak to you. Uh, by God, you are surprised, as well as it measures you, you are the degree of your pronunciation close to the NATIVE. Ok, let us complete the dazzle and see this way, will you make the Speaking in a mythical way?  1- You are the first when you go down to the Aplocation, it says you choose your mother tongue that is in our Arabic lineage, so that it can distinguish you, and you are speaking to Angesh and appreciates you.",en,0.959991455078125,positive,positive,0.9349,positive,0.7512763,0.009993273,0.23873037,0.7512763
32436,57072,,5,The program is great. I Gave 5 Stars Not One !!,the program be great. i give 5 star not one!,The program is great. I Gave 5 Stars Not One !!,en,0.7349141836166382,positive,positive,0.6588,positive,0.9696186,0.00755796,0.022823438,0.9696186
32437,57073,,5,"Can you explain a simple explanation of how the application works, brothers, if you were kind?","can you explain a simple explanation of how the application works, brothers, if you be kind?","Can you explain a simple explanation of how the application works, brothers, if you were kind?",en,0.8142562508583069,positive,positive,0.5267,neutral,0.8506371,0.075342864,0.8506371,0.074020065
32438,57074,,5,The best program I got so far in pronunciation education. I hope that everyone can benefit from it,the best program i get so far in pronunciation education. i hope that everyone can benefit from it,The best program I got so far in pronunciation education. I hope that everyone can benefit from it,en,0.9333900809288024,positive,positive,0.8779,positive,0.98429745,0.0029662435,0.012736321,0.98429745
32439,57075,,5,It's an application that make you anyone you will with high quality for learning and make it Much even and will help you so mush.,it be an application that make you anyone you will with high quality for learn and make it much even and will help you so mush.,It's an application that make you anyone you will with high quality for learning and make it Much even and will help you so mush.,en,0.982462465763092,positive,positive,0.4019,positive,0.9291199,0.007643941,0.06323622,0.9291199
32440,57076,,5,I think you helped many people attends the world few years for your levels.,i think you help many people attend the world few year for your levels.,I think you helped many people attends the world few years for your levels.,en,0.9934155344963074,positive,positive,0.4019,positive,0.83277893,0.009141634,0.15807942,0.83277893
32441,57077,,4,Good pronunciation site,good pronunciation site,Good pronunciation site,en,0.604178249835968,neutral,positive,0.4404,positive,0.76284724,0.030826284,0.20632643,0.76284724
32442,57079,,5,Very cool I recommend it,very cool i recommend it,Very cool I recommend it,en,0.949682354927063,positive,positive,0.6566,positive,0.9814399,0.0056530256,0.012907096,0.9814399
32443,57080,,5,It is an expellent App. 👍THnks a LOT 🌼,it be an expellent app. 👍thnks a lot 🌼,It is an expellent App. 👍THnks a LOT 🌼,en,0.7473439574241638,positive,neutral,0.0,positive,0.9367532,0.0061407527,0.057106085,0.9367532
32444,57082,,1,His blood is light,his blood be light,His blood is light,en,0.9962837100028992,negative,neutral,0.0,neutral,0.41907692,0.035793584,0.41907692,0.5451295
32445,57084,,5,"One of the Best Apps, Thanks Very Much 😘 😘 😘","one of the best apps, thanks very much 😘 😘 😘","One of the Best Apps, Thanks Very Much 😘😘😘",en,0.9885375499725342,positive,positive,0.7964,positive,0.9892042,0.003039184,0.007756648,0.9892042
32446,57085,,5,This App Allow You to Improve My Speaking and Correct My Mistake,this app allow you to improve my speaking and correct my mistake,This App Allow You to Improve My Speaking and Correct My Mistake,en,0.9358744621276855,positive,positive,0.34,neutral,0.6624992,0.088900864,0.6624992,0.24859999
32448,57096,,5,You can learn vech and it easy,you can learn vech and it easy,You can learn vech and it easy,en,0.9368926286697388,positive,positive,0.4404,positive,0.68384266,0.017815825,0.29834154,0.68384266
32450,57098,,5,"It is amazing, I like it","it be amazing, i like it","It is amazing, I like it",en,0.8575018644332886,positive,positive,0.743,positive,0.9769743,0.0045954543,0.018430235,0.9769743
32452,57101,,5,RealLY IMPROVE Me In English,really improve me in english,RealLY IMPROVE Me In English,en,0.9543304443359376,positive,positive,0.4927,positive,0.91167194,0.010362822,0.0779652,0.91167194
32453,57102,,5,Vry Nice I like it,vry nice i like it,Vry Nice I like it,en,0.8449735045433044,positive,positive,0.6486,positive,0.95457995,0.008915551,0.036504496,0.95457995
32454,57105,,5,Thanks so much for this valuable program,thanks so much for this valuable program,Thanks so much for this valuable program,en,0.9633182883262634,positive,positive,0.7597,positive,0.9740658,0.008379125,0.01755506,0.9740658
32456,57109,,5,Great and Interesting Way,great and interesting way,Great and Interesting Way,en,0.9026027321815492,positive,positive,0.7783,positive,0.942329,0.009762745,0.047908224,0.942329
32457,57113,,5,An amazing,an amazing,An amazing,en,0.6727940440177917,positive,positive,0.5859,positive,0.88531214,0.0253789,0.08930893,0.88531214
32458,57124,,5,Wonderful App is very sweet,wonderful app be very sweet,Wonderful App is very sweet,en,0.8485080599784851,positive,positive,0.7902,positive,0.96353245,0.01185208,0.024615511,0.96353245
32459,57125,,5,Excellent amazing,excellent amazing,Excellent amazing,en,0.7507782578468323,positive,positive,0.8176,positive,0.9741304,0.0061862064,0.019683382,0.9741304
32460,57127,,5,Vry Good ... N8CE,vry good. n8ce,Vry Good ... N8CE,en,0.7271735072135925,positive,positive,0.4404,positive,0.9466319,0.007737244,0.045630895,0.9466319
32463,57132,,5,"Nice program, thank you","nice program, thank you","Nice program, thank you",en,0.8398814797401428,positive,positive,0.6486,positive,0.9758302,0.0064578843,0.017711977,0.9758302
32464,57133,,5,IT Helps Me to Improve My English Language.,it help me to improve my english language.,IT Helps Me to Improve My English Language.,en,0.8175867795944214,positive,positive,0.6808,positive,0.868923,0.0055046557,0.1255723,0.868923
32465,57135,,5,"The program is very good, easy to speak","the program be very good, easy to speak","The program is very good, easy to speak",en,0.9798910617828368,positive,positive,0.7485,positive,0.9661758,0.0053046676,0.02851955,0.9661758
32466,57136,,5,"Beautiful, easy and help in the correct pronunciation","beautiful, easy and help in the correct pronunciation","Beautiful, easy and help in the correct pronunciation",en,0.8384483456611633,positive,positive,0.8591,positive,0.9629164,0.005453386,0.031630263,0.9629164
32467,57137,,1,Elsa Cououlth Hear You Well Enough,elsa cououlth hear you well enough,Elsa Cououlth Hear You Well Enough,en,0.9619144797325134,negative,neutral,0.2732,neutral,0.72630477,0.09520751,0.72630477,0.17848775
32468,57138,,5,"Excellent program, please install it","excellent program, please install it","Excellent program, please install it",en,0.8281382322311401,positive,positive,0.7184,positive,0.98223245,0.003097072,0.014670491,0.98223245
32469,57139,,5,Helpful .. Thank You So Much 😊,helpful. thank you so much 😊,Helpful .. Thank You So Much 😊,en,0.9756460785865784,positive,positive,0.6486,positive,0.9702814,0.0092152385,0.020503327,0.9702814
32470,57140,,4,Vry Good App 👍,vry good app 👍,Vry Good App 👍,en,0.7548587322235107,neutral,positive,0.4404,positive,0.9615625,0.009049404,0.029388098,0.9615625
32471,57141,,5,It is the best app i had just seen,it be the best app i have just see,It is the best app i had just seen,en,0.9512237310409546,positive,positive,0.6369,positive,0.973438,0.009069352,0.017492648,0.973438
32472,57142,,5,Amazing! 😀,amazing! 😀,Amazing! 😀,en,0.8107675909996033,positive,positive,0.6239,positive,0.97247225,0.007831076,0.019696664,0.97247225
32473,57145,,2,"The application is good, but it focuses on pronouncing certain letters in the word and the rest of the letters ignores its pronunciation, whether your pronunciation is correct or wrong ... The idea is great, but the application needs more ....","the application be good, but it focus on pronounce certain letter in the word and the rest of the letter ignore it be pronunciation, whether your pronunciation be correct or wrong. the idea be great, but the application need more.","The application is good, but it focuses on pronouncing certain letters in the word and the rest of the letters ignores its pronunciation, whether your pronunciation is correct or wrong ... The idea is great, but the application needs more ....",en,0.8656814694404602,negative,positive,0.431,neutral,0.5118374,0.10359795,0.5118374,0.38456458
32474,57146,,5,The coolest program you can learn with the Accent is amazing,the cool program you can learn with the accent be amaze,The coolest program you can learn with the Accent is amazing,en,0.9051685333251952,positive,positive,0.7003,positive,0.9216967,0.006909272,0.07139396,0.9216967
32475,57147,,5,"It is an APL, it real helly helps us to be very good in English Like Nature People","it be an apl, it real helly help u to be very good in english like nature people","It is an APPPL, it real helly helps us to be very good in English Like Nature People",en,0.8981064558029175,positive,positive,0.8122,positive,0.8097706,0.021457547,0.16877185,0.8097706
32476,57148,,5,Its Great App .. I Love it,it be great app. i love it,Its Great App .. I Love it,en,0.550060510635376,positive,positive,0.8519,positive,0.9843407,0.004956673,0.010702596,0.9843407
32477,57149,,5,It's a great profram,it be a great profram,It's a great profram,en,0.6464211940765381,positive,positive,0.6249,positive,0.9478516,0.009167738,0.04298068,0.9478516
32478,57152,,5,A veryod program,a veryod program,A veryyyyyyyyyyooooooood program,en,0.8198236227035522,positive,neutral,0.0,positive,0.6813167,0.04036989,0.2783134,0.6813167
32479,57153,,5,Good Job Thanks,good job thanks,Good Job Thanks,en,0.9673806428909302,positive,positive,0.7003,positive,0.9571133,0.0072912355,0.035595525,0.9571133
32480,57154,,5,I Wish Increase the Exercises,i wish increase the exercise,I Wish Increase the Exercises,en,0.7769660353660583,positive,positive,0.6124,neutral,0.61870426,0.13855903,0.61870426,0.24273667
32482,57160,,4,What a good course?,what a good course?,What a good course?,en,0.943342626094818,neutral,positive,0.4404,positive,0.87907946,0.0061011044,0.1148194,0.87907946
32483,57161,,5,"A program more than wonderful, but it would be better if the words and sentences are accompanied by translation","a program more than wonderful, but it would be good if the word and sentence be accompany by translation","A program more than wonderful, but it would be better if the words and sentences are accompanied by translation",en,0.9715349674224854,positive,positive,0.7776,positive,0.7477147,0.03111356,0.22117174,0.7477147
32484,57170,,5,"🍰applications 📱 🍰applications 🎁 ELSA SPEAK: is one of the most wonderful English learning applications ever, helps to improve pronunciation and gain the correct speech tone while correcting errors and practicing the conversation. It depends on the student listens to his sentence in the conversation and then records the next sentence with his voice, with a focus on a specific word in the sentence, then the application corrects the pronunciation until the student, like the original speakers, utter his language. 📌 The app is available in Apple Store for iPhone and iPad and in Play Store for Android 💡 * The application link for iPhone and iPad * Elsa Speak -","🍰applications 📱 🍰applications 🎁 elsa speak be one of the most wonderful english learning application ever, help to improve pronunciation and gain the correct speech tone while correct error and practice the conversation. it depend on the student listen to his sentence in the conversation and then record the next sentence with his voice, with a focus on a specific word in the sentence, then the application correct the pronunciation until the student, like the original speakers, utter his language. 📌 the app be available in apple store for iphone and ipad and in play store for android 💡 the application link for iphone and ipad elsa speak -","🍰#applications📱 🍰#applications 🎁 ELSA SPEAK: is one of the most wonderful English learning applications ever, helps to improve pronunciation and gain the correct speech tone while correcting errors and practicing the conversation. It depends on the student listens to his sentence in the conversation and then records the next sentence with his voice, with a focus on a specific word in the sentence, then the application corrects the pronunciation until the student, like the original speakers, utter his language.  📌 The app is available in Apple Store for iPhone and iPad and in Play Store for Android 💡 * The application link for iPhone and iPad * Elsa Speak -",en,0.9333471655845642,positive,positive,0.9545,positive,0.93920815,0.0021084363,0.05868344,0.93920815
32485,57171,,5,"VISITIT The Following Link to A. I Love You Too Baby! I Love You Too Baby! I Love You Too Baby Girl! I in my life, the following week of June, but the following link on a page here all about you? I love the Things that are Important to the Success of Your Business to Be a Bit Late to Dray and the Things I Need to Be Able and UTITIES, but I Love it! I'm so proud of your owe home and utiles, but the following a good time in my Opinion on a good night and thank you","visitit the following link to a. i love you too baby! i love you too baby! i love you too baby girl! i in my life, the follow week of june, but the following link on a page here all about you? i love the thing that be important to the success of your business to be a bit late to dray and the thing i need to be able and utities, but i love it! i be so proud of your owe home and utiles, but the follow a good time in my opinion on a good night and thank you","VISITIT The Following Link to A. I Love You Too Baby! I Love You Too Baby! I Love You Too Baby Girl! I in my life, the following week of June, but the following link on a page here all about you? I love the Things that are Important to the Success of Your Business to Be a Bit Late to Dray and the Things I Need to Be Able and UTITIES, but I Love it! I'm so proud of your owe home and utiles, but the following a good time in my Opinion on a good night and thank you",en,0.9096100926399232,positive,positive,0.9933,positive,0.9655975,0.005289494,0.029113026,0.9655975
32486,57172,,3,It is good app. I & My Children Liked it. We Hope to be Make Class to Add My Children Everyone Secretated from Anotter,it be good app. i & my child like it. we hope to be make class to add my child everyone secretated from anotter,It is good app. I & My Children Liked it. We Hope to be Make Class to Add My Children Everyone Secretated from Anotter,en,0.9430566430091858,neutral,positive,0.8074,positive,0.94357,0.0046130526,0.051816937,0.94357
32487,57173,,5,"It is the best application to learn English in the whole world, and everyone cursed by downloading it and remembering everyone who contributed and helped make this very wonderful application, thank you all","it be the best application to learn english in the whole world, and everyone curse by download it and remember everyone who contribute and help make this very wonderful application, thank you all","It is the best application to learn English in the whole world, and everyone cursed by downloading it and remembering everyone who contributed and helped make this very wonderful application, thank you all",en,0.9338515996932985,positive,positive,0.8795,positive,0.98523444,0.003739307,0.011026254,0.98523444
32488,57174,,5,"They are fraudulents, do not pay any fees to subscribe simply that you will lose the subscription If you change your phone and that the services of their subscribers are like a pennator, they will not respond to me Emiles in addition to it is a very bad application","they be fraudulents, do not pay any fee to subscribe simply that you will lose the subscription if you change your phone and that the service of their subscriber be like a pennator, they will not respond to me emile in addition to it be a very bad application","They are fraudulents, do not pay any fees to subscribe simply that you will lose the subscription 
If you change your phone and that the services of their subscribers are like a pennator, they will not respond to me 
Emiles in addition to it is a very bad application",en,0.9484506249427797,positive,negative,-0.5715,negative,0.92538404,0.92538404,0.06867978,0.0059362827
32489,57175,,1,"After the Popularity of the Application, they set exaggeated pricines for the packags. I advise everyone to look for alternatives","after the popularity of the application, they set exaggeated pricines for the packags. i advise everyone to look for alternative","After the Popularity of the Application, they set exaggeated pricines for the packags. I advise everyone to look for alternatives",en,0.9462310671806335,negative,positive,0.4767,negative,0.6216443,0.6216443,0.36235267,0.016002992
32490,57176,,5,"My beloved, if someone can know an application, I will give an entire English disk, God bless you from the beginning of the first letter in the English to the end of the immediate translation","my beloved, if someone can know an application, i will give an entire english disk, god bless you from the beginning of the first letter in the english to the end of the immediate translation","My beloved, if someone can know an application, I will give an entire English disk, God bless you from the beginning of the first letter in the English to the end of the immediate translation",en,0.8824424743652344,positive,positive,0.802,positive,0.96075803,0.00689979,0.03234218,0.96075803
32491,57177,,5,Hi Elsa Speak the Words Won't Give You All I Want But I Shulad Tell This I RealY AppreCIATE Your EFFORT and I Like this Vry Much and This App Made My Day and Editionay I us your app BECUUSE IT Makes Me Better and Think You A Million,hi elsa speak the word will not give you all i want but i shulad tell this i realy appreciate your effort and i like this vry much and this app make my day and editionay i u your app becuuse it make me good and think you a million,Hi Elsa Speak the Words Won't Give You All I Want But I Shulad Tell This I RealY AppreCIATE Your EFFORT and I Like this Vry Much and This App Made My Day and Editionay I us your app BECUUSE IT Makes Me Better and Think You A Million,en,0.948849618434906,positive,positive,0.8957,positive,0.9624504,0.0099013,0.027648302,0.9624504
32492,57178,,5,"In a madness after this application, I mastered the English language, thank you very much for your efforts 😍 😍 😍 😍","in a madness after this application, i master the english language, thank you very much for your effort 😍 😍 😍 😍","In a madness after this application, I mastered the English language, thank you very much for your efforts 😍😍😍😍",en,0.9595935344696044,positive,neutral,-0.1027,positive,0.985509,0.0027424672,0.01174862,0.985509
32493,57179,,5,"The application is wonderful and it is worth five stars, as it helps to learn","the application be wonderful and it be worth five stars, as it help to learn","The application is wonderful and it is worth five stars, as it helps to learn",en,0.9670138359069824,positive,positive,0.8074,positive,0.9774469,0.00506894,0.017484149,0.9774469
32494,57180,,5,"Very wonderful, I advise everyone to Ho Deljoo","very wonderful, i advise everyone to ho deljoo","Very wonderful, I advise everyone to Ho Deljoo",en,0.8940233588218689,positive,positive,0.6115,positive,0.9864769,0.0042878557,0.009235234,0.9864769
32495,57181,,1,Please super,please super,Please super,en,0.784521758556366,negative,positive,0.7351,positive,0.77602375,0.02379909,0.20017713,0.77602375
32496,57182,,4,Its An usful and helpful App I Wish I can use the paid version after a While,it be an usful and helpful app i wish i can use the paid version after a while,Its An usful and helpful App I Wish I can use the paid version after a While,en,0.8920168876647949,neutral,positive,0.6705,positive,0.9009694,0.011032244,0.087998345,0.9009694
32497,57183,,5,"We learn to need instead of emptiness for me, we are in it","we learn to need instead of emptiness for me, we be in it","We learn to need instead of emptiness for me, we are in it",en,0.9584293961524964,positive,negative,-0.4404,neutral,0.59560466,0.09028106,0.59560466,0.31411427
32498,57184,,5,"Is One of the Best Applications Who Teach You The Right Pronucction, I WISH We Found More Apps in the Future in EnGLISH Skills","be one of the best application who teach you the right pronucction, i wish we find more apps in the future in english skill","Is One of the Best Applications Who Teach You The Right Pronucction, I WISH We Found More Apps in the Future in EnGLISH Skills",en,0.8492687940597534,positive,positive,0.7845,positive,0.9322375,0.006746942,0.061015543,0.9322375
32499,57185,,5,It corrects the errors of your dialect and I like the program I liked,it correct the error of your dialect and i like the program i like,It corrects the errors of your dialect and I like the program I liked,en,0.9060791730880736,positive,positive,0.3182,positive,0.8046151,0.01601374,0.17937121,0.8046151
32500,57186,,3,"This application is more than Wonderful, ThaNK You for Supporting This","this application be more than wonderful, thank you for support this","This application is more than Wonderful, ThaNK You for Supporting This",en,0.9260207414627076,neutral,positive,0.857,positive,0.98514473,0.005493105,0.009362105,0.98514473
32501,57187,,2,Everything I carry fails,everything i carry fails,Everything I carry fails,en,0.7726542353630066,negative,negative,-0.4215,negative,0.8138041,0.8138041,0.15431742,0.0318785
32502,57188,,5,"Awesome, Wonderful, Amazing, Great Fantastic, Excellent 😀 👍 👏 👌 🙌 😊 👍 👍 👏 👌 App","awesome, wonderful, amazing, great fantastic, excellent 😀 👍 👏 👌 🙌 😊 👍 👍 👏 👌 app","Awesome, Wonderful, Amazing, Great Fantastic, Excellent 😀 👍 👏 👌 🙌 😊 👍 👍 👏 👌 App",en,0.6904075145721436,positive,positive,0.975,positive,0.98800707,0.0026757123,0.0093171485,0.98800707
32503,57189,,5,The Apps is very good review and if U Want to Improve your English Language Is Most Download Elsa Speak,the apps be very good review and if u want to improve your english language be most download elsa speak,The Apps is very good review and if U Want to Improve your English Language Is Most Download Elsa Speak,en,0.9156676530838012,positive,positive,0.7501,positive,0.9186743,0.007156669,0.07416908,0.9186743
32504,57190,,1,I checked it for one sex,i check it for one sex,I checked it for one sex,en,0.5685054063796997,negative,neutral,0.0,neutral,0.8605916,0.08182776,0.8605916,0.057580683
32506,57192,,1,It is not satisfied with entry from Facebook or mile,it be not satisfy with entry from facebook or mile,It is not satisfied with entry from Facebook or mile,en,0.8254073858261108,negative,negative,-0.357,neutral,0.6534446,0.2986821,0.6534446,0.047873337
32507,57193,,5,It's very good 😊 👍 Thanks for your help,it be very good 😊 👍 thanks for your help,It's very good 😊👍 Thanks for your help,en,0.9697434902191162,positive,positive,0.8431,positive,0.9852026,0.0029052347,0.011892206,0.9852026
32508,57194,,4,The most beautiful program for now,the most beautiful program for now,The most beautiful program for now,en,0.8970053195953369,neutral,positive,0.6361,positive,0.977576,0.0053526857,0.017071337,0.977576
32509,57195,,5,"It's an amazing App, Thank You Very Much","it be an amazing app, thank you very much","It's an amazing App, Thank You Very Much",en,0.9762219190597534,positive,positive,0.743,positive,0.984148,0.005519617,0.010332394,0.984148
32510,57196,,2,"But it is the American, not British, not British","but it be the american, not british, not british","But it is the American, not British, not British",en,0.7705479264259338,negative,neutral,0.0,neutral,0.6110678,0.36454484,0.6110678,0.024387335
32512,57198,,1,Wowoo and hands sweet,wowoo and hand sweet,Wowoo and hands sweet,en,0.7360988855361938,negative,positive,0.7351,positive,0.88662046,0.02841786,0.08496166,0.88662046
32513,57199,,5,Thank you for this Wonderful Application that Made Me Learn Korean 😭 😭 ❤,thank you for this wonderful application that make me learn korean 😭 😭 ❤,Thank you for this Wonderful Application that Made Me Learn Korean 😭😭❤,en,0.8667241930961609,positive,positive,0.783,positive,0.98444843,0.0040404107,0.011511118,0.98444843
32514,57200,,5,A terrible application that lacks the addition of the Arabic language,a terrible application that lack the addition of the arabic language,A terrible application that lacks the addition of the Arabic language,en,0.927652895450592,positive,negative,-0.6597,negative,0.921386,0.921386,0.070430644,0.008183347
32515,57201,,5,"There are people who only know the previous release, and this is evidence of their ignorance","there be people who only know the previous release, and this be evidence of their ignorance","There are people who only know the previous release, and this is evidence of their ignorance",en,0.9772971868515016,positive,negative,-0.3612,negative,0.78645444,0.78645444,0.2027022,0.010843346
32517,57203,,5,This program is very beautiful and useful,this program be very beautiful and useful,This program is very beautiful and useful,en,0.9230476021766664,positive,positive,0.8104,positive,0.9827414,0.004383969,0.012874611,0.9827414
32518,57204,,5,"I, m not triach but it, s Look like good","i, m not triach but it, s look like good","I, m not triach but it, s Look like good",en,0.9283065795898438,positive,positive,0.7964,positive,0.8228922,0.017545616,0.15956225,0.8228922
32519,57205,,5,A very special and easy to use application,a very special and easy to use application,A very special and easy to use application,en,0.9547848701477052,positive,positive,0.7316,positive,0.9437897,0.005141592,0.051068645,0.9437897
32520,57206,,4,I wish it. Free and useful,i wish it. free and useful,I wish it. Free and useful,en,0.7775884866714478,neutral,positive,0.836,positive,0.7030553,0.023130506,0.2738142,0.7030553
32521,57209,,5,It is clear that it is sweet,it be clear that it be sweet,It is clear that it is sweet,en,0.7707645893096924,positive,positive,0.6808,positive,0.7686256,0.018305335,0.21306902,0.7686256
32522,57210,,5,Wonderful I recommend downloading it,wonderful i recommend download it,Wonderful I recommend downloading it,en,0.7054991126060486,positive,positive,0.7351,positive,0.981729,0.003516053,0.014755006,0.981729
32524,57214,,1,"Bad Interface, and Too Expective","bad interface, and too expective","Bad Interface, and Too Expective",en,0.926217794418335,negative,negative,-0.5423,negative,0.86463654,0.86463654,0.12097345,0.014389954
32525,57215,,5,Vry Good I Like It So Much Youk You,vry good i like it so much youk you,Vry Good I Like It So Much Youk You,en,0.9608711004257202,positive,positive,0.6597,positive,0.9835908,0.005621476,0.010787785,0.9835908
32526,57216,,5,-The most wonderful application,-the most wonderful application,-The most wonderful application,en,0.8015894293785095,positive,positive,0.6115,positive,0.9708129,0.0076618204,0.021525312,0.9708129
32527,57217,,5,"Verry, verry Bad Program, Not Vry Beautiful 😣 😫","verry, verry bad program, not vry beautiful 😣 😫","Verry, verry Bad Program, Not Vry Beautiful 😣😫",en,0.5935691595077515,positive,negative,-0.7681,negative,0.9375274,0.9375274,0.054359004,0.008113545
32528,57220,,4,It looks great,it look great,It looks great,en,0.9358634948730468,neutral,positive,0.6249,positive,0.9574454,0.00838719,0.034167394,0.9574454
32529,57221,,3,Subscribe to my YouTube channel,subscribe to my youtube channel,Subscribe to my YouTube channel,en,0.7121219635009766,neutral,neutral,0.0,neutral,0.6996546,0.011569606,0.6996546,0.2887758
32530,57223,,1,Menh's application,menhs application,Menh's application,en,0.697799563407898,negative,neutral,0.0,neutral,0.7257922,0.0703102,0.7257922,0.20389754
32531,57224,,2,Complex,complex,Complex,en,0.7635536789894104,negative,neutral,0.0,neutral,0.6413343,0.115400195,0.6413343,0.24326551
32532,57241,,4,Beautiful ✨ ✨,beautiful ✨ ✨,Beautiful ✨✨,en,0.6677624583244324,neutral,positive,0.5994,positive,0.9750568,0.0050891475,0.01985403,0.9750568
32533,57242,,5,Excellent and very good,excellent and very good,Excellent and very good,en,0.9900645613670348,positive,positive,0.7841,positive,0.9814129,0.0037776227,0.014809511,0.9814129
32534,57262,,5,Beautiful well,beautiful well,Beautiful well,en,0.9403953552246094,positive,positive,0.7184,positive,0.91679966,0.025107533,0.058092758,0.91679966
32535,57263,,5,Wonderful expatriate,wonderful expatriate,Wonderful expatriate,en,0.7861303091049194,positive,positive,0.5719,positive,0.80367595,0.013241305,0.18308277,0.80367595
32536,57271,,5,Very high,very high,Very high,en,0.9976298809051514,positive,neutral,0.0,neutral,0.6744177,0.08923736,0.6744177,0.23634498
32537,57277,,5,Ra'a application,raa application,Ra'a application,en,0.8780737519264221,positive,neutral,0.0,neutral,0.7484302,0.11517574,0.7484302,0.13639405
32538,57279,,5,Amazing App. It's Helpful,amaze app. it be helpful,Amazing App. It's Helpful,en,0.7103883028030396,positive,positive,0.743,positive,0.8786177,0.006768181,0.114614144,0.8786177
32539,57280,,4,Ruhaib application,ruhaib application,Ruhaib application,en,0.7449928522109985,neutral,neutral,0.0,neutral,0.7313518,0.11595082,0.7313518,0.15269746
32543,57340,,5,Mantle,mantle,Mantle,en,0.7908263206481934,positive,neutral,0.0,neutral,0.70847374,0.08855876,0.70847374,0.20296752
32544,57342,,5,"It, s Wordful app for free","it, s wordful app for free","It, s Wordful app for free",en,0.8646488189697266,positive,positive,0.5106,neutral,0.6972372,0.026759133,0.6972372,0.27600363
32545,57343,,5,"Very sweet .. ,,,,,,,,,,,,,,,,,,,,,,,,,,,,,,,","very sweet. ,","Very sweet .. ,,,,,,,,,,,,,,,,,,,,,,,,,,,,,,,",en,0.985609233379364,positive,positive,0.5095,positive,0.95465285,0.011473227,0.033873957,0.95465285
32546,57344,,5,"Vry Good App, Install It","vry good app, install it","Vry Good App, Install It",en,0.7689223885536194,positive,positive,0.4404,positive,0.9784742,0.003905516,0.017620314,0.9784742
32547,57350,,5,I'm Sure that I will speak English Well,i be sure that i will speak english well,I'm Sure that I will speak English Well,en,0.9822277426719666,positive,positive,0.5267,positive,0.7939268,0.009786101,0.19628718,0.7939268
32548,57351,,5,Nice App I Really Have Fun with it,nice app i really have fun with it,Nice App I Really Have Fun with it,en,0.9938941597938538,positive,positive,0.749,positive,0.98065925,0.005999874,0.013340927,0.98065925
32549,57352,,5,The Best App for Learning English Pronunciation Ever,the best app for learn english pronunciation ever,The Best App for Learning English Pronunciation Ever,en,0.8214629888534546,positive,positive,0.6369,positive,0.97184765,0.0041676527,0.023984669,0.97184765
32550,57353,,1,Failed application,fail application,Failed application,en,0.831386923789978,negative,negative,-0.5423,negative,0.7704816,0.7704816,0.19718139,0.032337036
32552,57355,,5,Meaning,meaning,Meaning,en,0.99609637260437,positive,neutral,0.0,neutral,0.680595,0.15155986,0.680595,0.16784517
32554,57357,,5,It's verry good. It's verry good.,it be verry good. it be verry good.,It's verry good. It's verry good.,en,0.8033365607261658,positive,positive,0.7003,positive,0.976355,0.0043178727,0.019327104,0.976355
32557,57360,,1,failure,failure,failure,en,0.7834138870239258,negative,negative,-0.5106,negative,0.47647223,0.47647223,0.40262222,0.1209055
32558,57361,,4,Vry Good 🙂,vry good 🙂,Vry Good 🙂,en,0.566196084022522,neutral,positive,0.4404,positive,0.93671083,0.012250146,0.05103903,0.93671083
32562,57365,,1,Vry Bad application,vry bad application,Vry Bad application,en,0.747671902179718,negative,negative,-0.5423,negative,0.8330056,0.8330056,0.14501038,0.021983935
32563,57366,,1,Please Add Arabic,please add arabic,Please Add Arabic,en,0.536935031414032,negative,positive,0.3182,neutral,0.6705561,0.056916166,0.6705561,0.2725277
32564,57367,,5,Right. He,right. he,Right. He,en,0.9972867369651794,positive,neutral,0.0,neutral,0.7872281,0.037302665,0.7872281,0.17546925
32566,57369,,5,Vry Good App.,vry good app.,Vry Good App.,en,0.7436712980270386,positive,positive,0.4404,positive,0.968661,0.006638755,0.024700247,0.968661
32567,57372,,5,You are so Great.,you be so great.,You are so Great.,en,0.5511040091514587,positive,positive,0.7384,positive,0.9657328,0.009461586,0.024805663,0.9657328
32569,57377,,5,It's beautull verry good,it be beautull verry good,It's beautull verry good,en,0.6541697978973389,positive,positive,0.4404,positive,0.9652241,0.008248979,0.026526937,0.9652241
32570,57378,,5,Good verry good i blift of it,good verry good i blift of it,Good verry good i blift of it,en,0.812472403049469,positive,positive,0.7003,positive,0.9776088,0.006766707,0.015624497,0.9776088
32571,57379,,1,Bad.,bad.,Bad.,en,0.7364246249198914,negative,negative,-0.5423,negative,0.67662996,0.67662996,0.28024733,0.04312268
32572,57380,,5,Exlent to Improve your Accent,exlent to improve your accent,Exlent to Improve your Accent,en,0.8217703104019165,positive,positive,0.4404,neutral,0.69072807,0.033036713,0.69072807,0.2762352
32573,57381,,5,This app is very cool and nice,this app be very cool and nice,This app is very cool and nice,en,0.973928153514862,positive,positive,0.6865,positive,0.97373194,0.004611528,0.021656528,0.97373194
32574,57382,,5,A very good app Thanx,a very good app thanx,A very good app Thanx,en,0.9753322005271912,positive,positive,0.4927,positive,0.9749181,0.0061494494,0.0189324,0.9749181
32575,57383,,5,Horrible App !!!!,horrible app!,Horrible App !!!!,en,0.6877328157424927,positive,negative,-0.5848,negative,0.92914313,0.92914313,0.05708577,0.013771155
32576,57384,,5,Excellent Programme But it is Expective,excellent programme but it be expective,Excellent Programme But it is Expective,en,0.8962341547012329,positive,positive,0.3291,positive,0.9451961,0.011740123,0.04306374,0.9451961
32577,57385,,5,I will like to add the turkish landage,i will like to add the turkish landage,I will like to add the turkish landage,en,0.8215075731277466,positive,positive,0.3612,neutral,0.87303305,0.018911108,0.87303305,0.10805578
32578,57386,,5,It is very useful and thanks for this application,it be very useful and thanks for this application,It is very useful and thanks for this application,en,0.9544461965560912,positive,positive,0.7474,positive,0.97189575,0.004625221,0.023479009,0.97189575
32579,57387,,3,Thank you you,thank you you,Thank you you,en,0.8888221979141235,neutral,positive,0.3612,positive,0.9198858,0.011570513,0.06854373,0.9198858
32581,57389,,5,Good ✨ 👍,good ✨ 👍,Good ✨👍,en,0.6993377208709717,positive,positive,0.4404,positive,0.9658878,0.006663484,0.02744867,0.9658878
32584,57396,,1,Transfer games,transfer game,Transfer games,en,0.9194206595420836,negative,neutral,0.0,neutral,0.8277832,0.051047172,0.8277832,0.12116962
32586,57405,,5,Just Wonderful ❤,just wonderful ❤,Just Wonderful ❤,en,0.6220141053199768,positive,positive,0.5719,positive,0.96375066,0.013112269,0.023137122,0.96375066
32590,57414,,1,people,people,people,en,0.9901551008224488,negative,neutral,0.0,neutral,0.64168656,0.22587398,0.64168656,0.13243945
32591,57415,,1,CC C.,cc c.,CC C.,en,0.5261238217353821,negative,neutral,0.0,neutral,0.8257948,0.06057992,0.8257948,0.113625325
32592,57420,,5,Excellent ✌,excellent ✌,Excellent ✌,en,0.8059705495834351,positive,positive,0.5719,positive,0.95996124,0.00884416,0.031194573,0.95996124
32594,57423,,2,Shouting,shout,Shouting,en,0.5050269961357117,negative,neutral,0.0,neutral,0.6366712,0.10972706,0.6366712,0.2536017
32595,57426,,5,Nice and Good App,nice and good app,Nice and Good App,en,0.968953251838684,positive,positive,0.6908,positive,0.94595885,0.01207311,0.041968055,0.94595885
32596,57427,,5,I Wanna See Ur,i want to see ur,I Wanna See Ur,en,0.9599875211715698,positive,neutral,0.0772,neutral,0.5894285,0.027414197,0.5894285,0.38315737
32597,57428,,5,Wow woo wowo,wow woo wowo,Wow woo wooowo,en,0.78700190782547,positive,positive,0.7845,positive,0.823322,0.020911591,0.15576643,0.823322
32598,57429,,5,It is an expellent App,it be an expellent app,It is an expellent App,en,0.7890797853469849,positive,neutral,0.0,neutral,0.610548,0.32860595,0.610548,0.060846053
32599,57432,,5,I like it to much,i like it to much,I like it to much,en,0.9983085989952089,positive,positive,0.3612,positive,0.7919201,0.018160228,0.18991965,0.7919201
32600,57433,,5,Excellent I Like this Program,excellent i like this program,Excellent I Like this Program,en,0.8923215866088867,positive,positive,0.7351,positive,0.98504376,0.003401958,0.0115543185,0.98504376
32601,57434,,5,Awesome to learn spych,awesome to learn spych,Awesome to learn spych,en,0.7548433542251587,positive,positive,0.6249,positive,0.9709607,0.0052477946,0.023791516,0.9709607
32602,57436,,5,Its a great program,it be a great program,Its a great program,en,0.804902195930481,positive,positive,0.6249,positive,0.9620502,0.0052979584,0.032651927,0.9620502
32603,57437,,5,Vry Nice and GoOD,vry nice and good,Vry Nice and GooooooooOOOOD,en,0.9362828731536864,positive,positive,0.6908,positive,0.95309937,0.009914957,0.036985695,0.95309937
32604,57438,,5,V good spp,v good spp,V good spp,en,0.7134994864463806,positive,positive,0.4404,positive,0.8842387,0.01872646,0.09703488,0.8842387
32605,57439,,5,It a great App,it a great app,It a great App,en,0.889502763748169,positive,positive,0.6249,positive,0.97498417,0.00633518,0.018680656,0.97498417
32606,57440,,5,This app is very fantastic,this app be very fantastic,This app is very fantastic,en,0.9341106414794922,positive,positive,0.5984,positive,0.98297507,0.003579892,0.013444982,0.98297507
32607,57441,,5,Great Teaching App,great teaching app,Great Teaching App,en,0.9522866010665894,positive,positive,0.6249,positive,0.9640981,0.00640941,0.029492445,0.9640981
32608,57444,,1,👇 👇 👇,👇 👇 👇,👇👇👇,en,0.7634749412536621,negative,neutral,0.0,neutral,0.7892667,0.019407714,0.7892667,0.19132562
32612,57450,,5,legendary,legendary,legendary,en,0.8172006607055664,positive,neutral,0.0,neutral,0.30857062,0.050013326,0.30857062,0.641416
32618,57472,,5,user,user,user,en,0.974535882472992,positive,neutral,0.0,neutral,0.7263867,0.046818648,0.7263867,0.22679459
32620,57480,,5,That is Wonderful,that be wonderful,That is Wonderful,en,0.7962849736213684,positive,positive,0.5719,positive,0.95707095,0.012914426,0.030014604,0.95707095
32621,57482,,5,For the truth,for the truth,For the truth,en,0.8365676999092102,positive,positive,0.3182,neutral,0.7524466,0.1548918,0.7524466,0.09266167
32622,57485,,5,Shy,shy,Shy,en,0.7962003946304321,positive,negative,-0.25,neutral,0.5120021,0.3610217,0.5120021,0.1269762
32623,57488,,5,Designer,designer,Designer,en,0.9254594445228576,positive,neutral,0.0,neutral,0.6483512,0.062114082,0.6483512,0.28953478
32624,57504,,5,to update,to update,to update,en,0.7729328274726868,positive,neutral,0.0,neutral,0.73339134,0.045267724,0.73339134,0.22134088
32625,57507,,5,One,one,One,en,0.8345564007759094,positive,neutral,0.0,neutral,0.57537705,0.089131184,0.57537705,0.33549187
32626,57519,,5,00,00,00,en,0.8677160143852234,positive,neutral,0.0,neutral,0.46814835,0.10497451,0.46814835,0.42687717
32627,57524,,5,And a thing,and a thing,And a thing,en,0.8727133274078369,positive,neutral,0.0,neutral,0.7492668,0.113136105,0.7492668,0.13759711
32628,57533,,5,Downloading the download ........................,download the download.,Downloading the download ........................,en,0.8361344933509827,positive,neutral,0.0,neutral,0.87629783,0.03606009,0.87629783,0.08764211
32630,57539,,5,Good but this,good but this,Good but this,en,0.967573881149292,positive,neutral,0.2382,positive,0.68814695,0.117178895,0.1946741,0.68814695
32632,57541,,5,FUNN and Great,funn and great,FUNN and Great,en,0.9245772361755372,positive,positive,0.6249,positive,0.9638474,0.007117356,0.029035171,0.9638474
32633,57556,,5,The Elsa Good,the elsa good,The Elsa Good,en,0.6266912817955017,positive,positive,0.4404,positive,0.72538066,0.01880417,0.25581524,0.72538066
32634,57560,,5,The Best I Found,the best i find,The Best I Found,en,0.5142170190811157,positive,positive,0.6369,positive,0.92622167,0.0050417474,0.06873663,0.92622167
32635,57564,,5,Vry Excellent,vry excellent,Vry Excellent,en,0.7181971073150635,positive,positive,0.5719,positive,0.8795101,0.026229156,0.09426079,0.8795101
32637,57572,,5,L like this,l like this,L like this,en,0.935702383518219,positive,positive,0.3612,neutral,0.6601868,0.09765224,0.6601868,0.24216093
32638,57575,,5,The sweetest program,the sweet program,The sweetest program,en,0.6958803534507751,positive,positive,0.4588,positive,0.8915656,0.017026694,0.091407716,0.8915656
32639,57577,,5,Elsa Speak,elsa speak,Elsa Speak,en,0.9529885649681092,positive,neutral,0.0,neutral,0.7749868,0.09901024,0.7749868,0.12600303
