index,content,score,clean_content,minimal_content,lang,lang_prob,en_content,star_sentiment,vader_sentiment,vader_score,roberta_sentiment,roberta_confidence,roberta_conf_neg,roberta_conf_neu,roberta_conf_pos
30533,,3,"The voice recognition please fix it. It is correct and the same as the original narration, the results are still wrong. One of the Error English Application","the voice recognition please fix it. it be correct and the same as the original narration, the result be still wrong. one of the error english application",en,0.935513198375702,"The voice recognition please fix it. It is correct and the same as the original narration, the results are still wrong. One of the Error English Application",neutral,negative,-0.296,negative,0.811673,0.811673,0.17646891,0.011858097
30534,,1,"If you only ask me to subscribe to this APK, please confirm with related parties because I have a very expensive cost of 969000 for almost one million for this APK so please go back my money plis","if you only ask me to subscribe to this apk, please confirm with related party because i have a very expensive cost of 969000 for almost one million for this apk so please go back my money plis",en,0.9428595304489136,"If you only ask me to subscribe to this APK, please confirm with related parties because I have a very expensive cost of 969000 for almost one million for this APK so please go back my money plisss",negative,positive,0.743,negative,0.6417625,0.6417625,0.32961613,0.02862134
30535,,2,"I just downloaded this application because it was recommended that this application was good for improving my english. I just learned until Lesson 2, when I wanted to go to 3, I had to premium and I couldn't play anything else, in my opinion, it was too much because I really didn't have to download it until 10 minutes, I can't play it, there are those who can give tips not afraid that I don't know why, or really the application is too much","i just download this application because it be recommend that this application be good for improve my english. i just learn until lesson 2, when i want to go to 3, i have to premium and i could not play anything else, in my opinion, it be too much because i really do not have to download it until 10 minutes, i cannot play it, there be those who can give tip not afraid that i do not know why, or really the application be too much",en,0.9652780294418336,"I just downloaded this application because it was recommended that this application was good for improving my english. I just learned until Lesson 2, when I wanted to go to 3, I had to premium and I couldn't play anything else, in my opinion, it was too much because I really didn't have to download it until 10 minutes, I can't play it, there are those who can give tips not afraid that I don't know why, or really the application is too much",negative,positive,0.6734,neutral,0.44425726,0.24618267,0.44425726,0.30956
30536,,1,"I paid the Elsa Pro 1 year package on the 7th through M-Banking payments, but to this day I have not received 3 days after the service payment has not been received. I have contacted support via (email and chat), but there is no response at all","i pay the elsa pro 1 year package on the 7th through m-banking payments, but to this day i have not receive 3 day after the service payment have not be received. i have contact support via email and chat , but there be no response at all",en,0.9695384502410888,"I paid the Elsa Pro 1 year package on the 7th through M-Banking payments, but to this day I have not received 3 days after the service payment has not been received. I have contacted support via (email and chat), but there is no response at all",negative,neutral,0.1406,negative,0.81360304,0.81360304,0.17607598,0.010320946
30537,,1,"a little disappointed, every time I play why you keep on, even though my device is good, but why every time you learn 5 minutes, you keep on, please please fix this bug","a little disappointed, every time i play why you keep on, even though my device be good, but why every time you learn 5 minutes, you keep on, please please fix this bug",en,0.9499488472938538,"a little disappointed, every time I play why you keep on, even though my device is good, but why every time you learn 5 minutes, you keep on, please please fix this bug",negative,positive,0.7681,negative,0.9132733,0.9132733,0.07686441,0.009862255
30538,,5,"Overall good, a good application to support learning English both speaking and reading suitable for beginners and intermediates.","overall good, a good application to support learn english both speaking and reading suitable for beginner and intermediates.",en,0.9552288055419922,"Overall good, a good application to support learning English both speaking and reading suitable for beginners and intermediates.",positive,positive,0.8176,positive,0.95806575,0.003361307,0.03857293,0.95806575
30539,,2,"This is severe, the night after subscribing to a premium, in the afternoon I want to open the application to cook loading and the canal, can't be accessed ... please fix it immediately ..","this be severe, the night after subscribe to a premium, in the afternoon i want to open the application to cook loading and the canal, cannot be accessed. please fix it immediately.",en,0.9364765286445618,"This is severe, the night after subscribing to a premium, in the afternoon I want to open the application to cook loading and the canal, can't be accessed ... please fix it immediately ..",negative,negative,-0.5043,negative,0.8123179,0.8123179,0.17610507,0.011577052
30540,,3,"good for training pronunciation, but the apk often does not respond, often lag","good for train pronunciation, but the apk often do not respond, often lag",en,0.947104811668396,"good for training pronunciation, but the apk often does not respond, often lag",neutral,positive,0.5429,negative,0.69656605,0.69656605,0.2844223,0.01901167
30541,,4,good application for learning English. Only sometimes the AI ​​is a bit nagged (repeating a few fragments),good application for learn english. only sometimes the ai be a bit nagged repeat a few fragment,en,0.9010257720947266,good application for learning English. Only sometimes the AI ​​is a bit nagged (repeating a few fragments),neutral,neutral,0.0516,neutral,0.35704523,0.049142443,0.35704523,0.5938123
30542,,1,"The application is good just to make a cellphone slag, and can't be used. Lag severe even though 4GB of RAM space 70GB","the application be good just to make a cellphone slag, and cannot be used. lag severe even though 4gb of ram space 70gb",en,0.8797429800033569,"The application is good just to make a cellphone slag, and can't be used. Lag severe even though 4GB of RAM space 70GB",negative,positive,0.3261,negative,0.8721459,0.8721459,0.113645874,0.014208303
30543,,4,"There is no translate to the Indonesian language, all English, don't understand, the application is more to strengthen how to pronounce English","there be no translate to the indonesian language, all english, do not understand, the application be more to strengthen how to pronounce english",en,0.7776191830635071,"There is no translate to the Indonesian language, all English, don't understand, the application is more to strengthen how to pronounce English",neutral,neutral,0.0972,negative,0.8237369,0.8237369,0.16393435,0.012328728
30544,,4,The overall review is good starting from the material and practice. For now I haven't found something wrong. maybe I'll correct again later,the overall review be good start from the material and practice. for now i have not find something wrong. maybe i will correct again later,en,0.9749869108200072,The overall review is good starting from the material and practice. For now I haven't found something wrong. maybe I'll correct again later,neutral,positive,0.6656,neutral,0.34990558,0.030498415,0.34990558,0.61959606
30545,,1,for the part of the pronunciation material is very difficult to have repeatedly tried to keep the function of the bad feature,for the part of the pronunciation material be very difficult to have repeatedly try to keep the function of the bad feature,en,0.9658267498016356,for the part of the pronunciation material is very difficult to have repeatedly tried to keep the function of the bad feature,negative,negative,-0.7425,negative,0.62810594,0.62810594,0.3486039,0.023290122
30546,,5,"I like this application. I think my English is good, it turns out that my pronunciation is still 70% true, hahaha.","i like this application. i think my english be good, it turn out that my pronunciation be still 70% true, hahaha.",en,0.8694030046463013,"I like this application. I think my English is good, it turns out that my pronunciation is still 70% true, hahaha.",positive,positive,0.8957,positive,0.97902876,0.004533837,0.016437447,0.97902876
30547,,4,good for increasing language even though it is still lacking instructions at the beginning,good for increase language even though it be still lacking instruction at the beginning,en,0.934839367866516,good for increasing language even though it is still lacking instructions at the beginning,neutral,positive,0.6369,neutral,0.5707314,0.106762946,0.5707314,0.32250562
30548,,5,a good app for learning British B immediately give help so that we improve,a good app for learn british b immediately give help so that we improve,en,0.9476195573806764,a good app for learning British B immediately give help so that we improve,positive,positive,0.83,positive,0.80684143,0.012560168,0.18059833,0.80684143
30549,,5,"Good, I hope I can speak English smoothly with the help of the INK application","good, i hope i can speak english smoothly with the help of the ink application",en,0.9446719288825988,"Good, I hope I can speak English smoothly with the help of the INK application",positive,positive,0.8176,positive,0.875649,0.009315961,0.11503506,0.875649
30550,,5,I am very helped to learn English further,i be very help to learn english far,en,0.946063220500946,I am very helped to learn English further,positive,positive,0.4576,positive,0.78045166,0.01405877,0.20548959,0.78045166
30551,,3,"Actually it is very good, but unfortunately premium costs are too expensive, so in my opinion for people who really want to learn English well but do not have money can use this application if it is cheaper (better free)","actually it be very good, but unfortunately premium cost be too expensive, so in my opinion for people who really want to learn english well but do not have money can use this application if it be cheap well free",en,0.96858811378479,"Actually it is very good, but unfortunately premium costs are too expensive, so in my opinion for people who really want to learn English well but do not have money can use this application if it is cheaper (better free)",neutral,positive,0.8497,neutral,0.38935754,0.16513807,0.38935754,0.44550434
30552,,5,crazy apk is good and really helps for those of you who want to learn English just download this apk,crazy apk be good and really help for those of you who want to learn english just download this apk,en,0.9734863638877868,crazy apk is good and really helps for those of you who want to learn English just download this apk,positive,positive,0.5849,positive,0.9369232,0.004006462,0.059070297,0.9369232
30553,,5,very helpful for speaking in an era that is now more concerned with playing than learning :),very helpful for speak in an era that be now more concerned with play than learn,en,0.990883767604828,very helpful for speaking in an era that is now more concerned with playing than learning :),positive,positive,0.6962,neutral,0.50411546,0.11580058,0.50411546,0.380084
30554,,1,bad application. Do you have to premium all? You can't have to be premium. Everything can't open.,bad application. do you have to premium all? you cannot have to be premium. everything cannot open.,en,0.9628615975379944,bad application. Do you have to premium all? You can't have to be premium. Everything can't open.,negative,negative,-0.5423,negative,0.9266341,0.9266341,0.06716205,0.0062038447
30555,,5,"I just upgraded my application to premium, I hope this application helps me learn English well 🤗 🥰","i just upgrade my application to premium, i hope this application help me learn english well 🤗 🥰",en,0.9350923299789428,"I just upgraded my application to premium, I hope this application helps me learn English well 🤗🥰",positive,positive,0.7717,positive,0.98121315,0.0017323768,0.017054481,0.98121315
30556,,5,"I just downloaded it, hopefully I will be helped to be able to learn English smoothly.","i just download it, hopefully i will be help to be able to learn english smoothly.",en,0.9534339904785156,"I just downloaded it, hopefully I will be helped to be able to learn English smoothly.",positive,positive,0.6597,positive,0.83984905,0.005833053,0.15431789,0.83984905
30557,,5,Really helps to increase pronunciation and speaking skills,really help to increase pronunciation and speaking skill,en,0.9639214277267456,Really helps to increase pronunciation and speaking skills,positive,positive,0.6764,positive,0.7903681,0.015491584,0.19414034,0.7903681
30558,,5,good application for increasing English skills,good application for increase english skill,en,0.859719455242157,good application for increasing English skills,positive,positive,0.6369,positive,0.8347523,0.011494961,0.15375271,0.8347523
30559,,4,The application is actually good. just often like slow ..,the application be actually good. just often like slow.,en,0.984792411327362,The application is actually good. just often like slow ..,neutral,positive,0.6597,positive,0.7653079,0.03078945,0.20390262,0.7653079
30560,,1,"I can't play this application again because I have to premium all the features, you have to premium you can only play around 5-10 lessons if you can't play anymore, you have to premium anyway","i cannot play this application again because i have to premium all the features, you have to premium you can only play around 5-10 lesson if you cannot play anymore, you have to premium anyway",en,0.9670760035514832,"I can't play this application again because I have to premium all the features, you have to premium you can only play around 5-10 lessons if you can't play anymore, you have to premium anyway",negative,negative,-0.6259,negative,0.8003788,0.8003788,0.1839947,0.015626522
30561,,1,"I accidentally subscribed and immediately asked for a refund but was not approved alias there was no refund. even though in other applications can !! Please repair the system in the future because it is very detrimental to users who are still lay, can be very trapping !!","i accidentally subscribe and immediately ask for a refund but be not approve alias there be no refund. even though in other application can! please repair the system in the future because it be very detrimental to user who be still lay, can be very trapping!",en,0.9388152360916138,"I accidentally subscribed and immediately asked for a refund but was not approved alias there was no refund. even though in other applications can !! Please repair the system in the future because it is very detrimental to users who are still lay, can be very trapping !!",negative,negative,-0.281,negative,0.88111305,0.88111305,0.11075812,0.008128802
30562,,2,"Receipts of speakers for really awesome speech, even though using other applications that are both for learning can capture my pronunciation without awesome. Seriously feel like a loss like that already subscribed. sob","receipt of speaker for really awesome speech, even though use other application that be both for learning can capture my pronunciation without awesome. seriously feel like a loss like that already subscribed. sob",en,0.9670754075050354,"Receipts of speakers for really awesome speech, even though using other applications that are both for learning can capture my pronunciation without awesome. Seriously feel like a loss like that already subscribed. sob",negative,positive,0.9002,negative,0.68767166,0.68767166,0.21287362,0.09945473
30563,,2,"I bought a pro -year -old subscription before the APK was upgraded but after I was upgraded my subscription was even lost and was told to buy it again, the next bill was the 22nd Feb 2026 and was still connected to my email. Means that my subscription is lost GJLS. please, how do I have a loss","i buy a pro -year -old subscription before the apk be upgrade but after i be upgraded my subscription be even lose and be tell to buy it again, the next bill be the 22nd feb 2026 and be still connect to my email. mean that my subscription be lose gjls. please, how do i have a loss",en,0.9598255157470704,"I bought a pro -year -old subscription before the APK was upgraded but after I was upgraded my subscription was even lost and was told to buy it again, the next bill was the 22nd Feb 2026 and was still connected to my email. Means that my subscription is lost GJLS. please, how do I have a loss",negative,negative,-0.7964,negative,0.76899344,0.76899344,0.21809459,0.012912011
30564,,1,"Decreased quality of content and features. Now there are no games, video tutorials, specific capability improvement menus and so on, a lot of content and features are eliminated. Elsa is now only a topic, daily training, chat and content and features are few.","decreased quality of content and features. now there be no games, video tutorials, specific capability improvement menu and so on, a lot of content and feature be eliminated. elsa be now only a topic, daily training, chat and content and feature be few.",en,0.8868988752365112,"Decreased quality of content and features. Now there are no games, video tutorials, specific capability improvement menus and so on, a lot of content and features are eliminated. Elsa is now only a topic, daily training, chat and content and features are few.",negative,neutral,0.2023,negative,0.8076156,0.8076156,0.18054451,0.011839957
30565,,5,good application for beginners and intermediates ..,good application for beginner and intermediates.,en,0.8831059336662292,good application for beginners and intermediates ..,positive,positive,0.4404,positive,0.9194823,0.0074797166,0.073038,0.9194823
30566,,5,The AP is really good for me who is learning English,the ap be really good for me who be learn english,en,0.9417925477027892,The AP is really good for me who is learning English,positive,positive,0.4927,positive,0.951895,0.004658336,0.0434467,0.951895
30567,,5,very helpful in improving English,very helpful in improve english,en,0.9509458541870116,very helpful in improving English,positive,positive,0.7397,positive,0.9382604,0.0101363,0.051603355,0.9382604
30568,,5,good for learning English anywhere,good for learn english anywhere,en,0.9258989691734314,good for learning English anywhere,positive,positive,0.4404,positive,0.8357573,0.01019488,0.1540478,0.8357573
30569,,5,good form of English training,good form of english training,en,0.961208701133728,good form of English training,positive,positive,0.4404,neutral,0.38486838,0.017977236,0.38486838,0.5971544
30570,,5,"good, so for speaking in english","good, so for speak in english",en,0.9647679328918456,"good, so for speaking in english",positive,positive,0.4404,positive,0.8931617,0.008099775,0.098738484,0.8931617
30571,,1,"When using it on iOS the application is good, there are no obstacles, I move to Android (Techno) Bug Tus, when the conversation suddenly reconnect or stuck etc., so males studies even though it's already premium, please develop the developer !!!!!!","when use it on io the application be good, there be no obstacles, i move to android techno bug tus, when the conversation suddenly reconnect or stuck etc. , so males study even though it be already premium, please develop the developer!",en,0.8060708045959473,"When using it on iOS the application is good, there are no obstacles, I move to Android (Techno) Bug Tusss, when the conversation suddenly reconnect or stuck etc., so malessss studies even though it's already premium, please develop the developer !!!!!!",negative,negative,-0.2244,positive,0.7780902,0.034022536,0.18788731,0.7780902
30572,,1,"My balance just cut off automatically from my fund account without my knowledge and confirmation of payment from me and suddenly the balance decreases. Please instructions for directing my funds, thank you","my balance just cut off automatically from my fund account without my knowledge and confirmation of payment from me and suddenly the balance decreases. please instruction for direct my funds, thank you",en,0.8931882381439209,"My balance just cut off automatically from my fund account without my knowledge and confirmation of payment from me and suddenly the balance decreases. Please instructions for directing my funds, thank you",negative,positive,0.4019,negative,0.79809475,0.79809475,0.19262154,0.009283674
30573,,5,very helpful and easy to use,very helpful and easy to use,en,0.9765664935112,very helpful and easy to use,positive,positive,0.7397,positive,0.96388376,0.008557655,0.027558606,0.96388376
30574,,4,very helpful for students who are troubled in English so this application is very helpful thanks ☺️,very helpful for student who be trouble in english so this application be very helpful thanks ☺,en,0.9449462890625,very helpful for students who are troubled in English so this application is very helpful thanks ☺️,neutral,positive,0.7694,positive,0.94969493,0.006573252,0.043731842,0.94969493
30575,,3,very petrified beginner learning English,very petrified beginner learn english,en,0.9391381740570068,very petrified beginner learning English,neutral,negative,-0.5849,negative,0.89408726,0.89408726,0.095465936,0.010446799
30576,,3,"Please help, I can't log in anymore to the application. I've tried all the ways.","please help, i cannot log in anymore to the application. i have try all the ways.",en,0.9676827788352966,"Please help, I can't log in anymore to the application. I've tried all the ways.",neutral,positive,0.6124,negative,0.7937234,0.7937234,0.19107266,0.015203901
30577,,1,"Elsa applications I often slow. Even though the internet connection is normal. As a result, learning is not optimal and a lot of time wastes.","elsa application i often slow. even though the internet connection be normal. as a result, learning be not optimal and a lot of time wastes.",en,0.93179851770401,"Elsa applications I often slow. Even though the internet connection is normal. As a result, learning is not optimal and a lot of time wastes.",negative,negative,-0.2755,negative,0.9165992,0.9165992,0.07511775,0.00828298
30578,,4,maybe the upgrade is not too expensive,maybe the upgrade be not too expensive,en,0.9940038919448853,maybe the upgrade is not too expensive,neutral,neutral,0.0,neutral,0.703213,0.05789108,0.703213,0.23889594
30579,,5,Good is very helpful in the learning stage of beginners,good be very helpful in the learning stage of beginner,en,0.9667186737060548,Good is very helpful in the learning stage of beginners,positive,positive,0.7178,positive,0.89952844,0.0077594644,0.09271211,0.89952844
30580,,5,Very good cool little I can speak English even though there is still something wrong when I speak English 😉,very good cool little i can speak english even though there be still something wrong when i speak english 😉,en,0.9679123163223268,Very good cool little I can speak English even though there is still something wrong when I speak English 😉,positive,positive,0.3962,positive,0.90025765,0.01640078,0.083341524,0.90025765
30581,,5,Good service from customers and helps to make it easier to learn anywhere and anytime,good service from customer and help to make it easy to learn anywhere and anytime,en,0.9741240739822388,Good service from customers and helps to make it easier to learn anywhere and anytime,positive,positive,0.8176,positive,0.95111793,0.0056949095,0.043187194,0.95111793
30582,,5,This apk is very good for beginners,this apk be very good for beginner,en,0.9468770027160645,This apk is very good for beginners,positive,positive,0.4927,positive,0.9503659,0.0049779676,0.044656094,0.9503659
30583,,5,good and helps me learn English great anyway.,good and help me learn english great anyway.,en,0.9591537117958068,good and helps me learn English great anyway.,positive,positive,0.8658,positive,0.94969594,0.004914666,0.045389377,0.94969594
30584,,4,So far I have been helped by learning English here,so far i have be help by learn english here,en,0.9585005640983582,So far I have been helped by learning English here,neutral,positive,0.4019,neutral,0.6140487,0.020814255,0.6140487,0.36513704
30585,,2,"The application is pretty good. Why do 2 stars because the features must be all premium. Free lessons are only 2/day and even sometimes the application is often heavy bugs like Telkomsel or Shopee. Issued continued when I opened the free lesson that we opened at the beginning could not even though we had not learned at all. If you want free, wait 24 hours. I've tried 3 days like that and then I have been waiting for 24 hours when you opened it again.","the application be pretty good. why do 2 star because the feature must be all premium. free lesson be only 2/day and even sometimes the application be often heavy bug like telkomsel or shopee. issue continue when i open the free lesson that we open at the beginning could not even though we have not learn at all. if you want free, wait 24 hours. i have try 3 day like that and then i have be wait for 24 hour when you open it again.",en,0.9408313035964966,"The application is pretty good. Why do 2 stars because the features must be all premium. Free lessons are only 2/day and even sometimes the application is often heavy bugs like Telkomsel or Shopee. Issued continued when I opened the free lesson that we opened at the beginning could not even though we had not learned at all. If you want free, wait 24 hours. I've tried 3 days like that and then I have been waiting for 24 hours when you opened it again.",negative,positive,0.9652,neutral,0.3725057,0.08709063,0.3725057,0.54040366
30586,,5,"good, can learn-learning","good, can learn-learning",en,0.909542679786682,"good, can learn-learning",positive,positive,0.4404,positive,0.8474758,0.008922155,0.14360204,0.8474758
30587,,1,"The first time I tried it was actually rather strange using all English, there was no translate Indonesian and then when I started entering it, it was going around twice, let's keep repeating twice, and then the first time tried the features, it could only continue to be premium, so I rated 1 and that was a good possibility of rating one too","the first time i try it be actually rather strange use all english, there be no translate indonesian and then when i start enter it, it be go around twice, let u keep repeat twice, and then the first time try the features, it could only continue to be premium, so i rat 1 and that be a good possibility of rating one too",en,0.8704969882965088,"The first time I tried it was actually rather strange using all English, there was no translate Indonesian and then when I started entering it, it was going around twice, let's keep repeating twice, and then the first time tried the features, it could only continue to be premium, so I rated 1 and that was a good possibility of rating one too",negative,neutral,-0.0258,neutral,0.5173832,0.4140018,0.5173832,0.06861507
30588,,3,Can this app translate sentences in the learning set?,can this app translate sentence in the learning set?,en,0.8323282599449158,Can this app translate sentences in the learning set?,neutral,neutral,0.0772,neutral,0.9283823,0.02549634,0.9283823,0.046121325
30589,,5,Can learn and speaking easily I hope to be able to talk smoothly with the permission of Allah 🤲 ❤️ ❤️ ❤️ ❤️,can learn and speak easily i hope to be able to talk smoothly with the permission of allah 🤲 ❤ ❤ ❤ ❤,en,0.9745849967002868,Can learn and speaking easily I hope to be able to talk smoothly with the permission of Allah🤲❤️❤️❤️❤️,positive,positive,0.6486,positive,0.9456637,0.0037696846,0.050566655,0.9456637
30590,,5,"So far, the Elsa application is the best app for learning English.","so far, the elsa application be the best app for learn english.",en,0.7086941003799438,"So far, the Elsa application is the best app for learning English.",positive,positive,0.6369,positive,0.9686744,0.002729209,0.028596401,0.9686744
30591,,5,Learning is easy and fun,learning be easy and fun,en,0.7860049605369568,Learning is easy and fun,positive,positive,0.7351,positive,0.7861833,0.023208184,0.19060852,0.7861833
30592,,5,"Good, easy to understand it","good, easy to understand it",en,0.9498916864395142,"Good, easy to understand it",positive,positive,0.7003,positive,0.8277571,0.016761757,0.1554811,0.8277571
30593,,5,"The application is really good, you can learn pronunciation that is really rich, there are games that are also the same as being able to practice speaking with certain themes. Suggestions because there are already he, making a menu can call directly with AI so you can freely speaking without time limits too. Plus there is the correct feedback gram and word menu in each sentence sent. In order to feel speaking directly with people like that. Great Elsa tick","the application be really good, you can learn pronunciation that be really rich, there be game that be also the same as be able to practice speak with certain themes. suggestion because there be already he, make a menu can call directly with ai so you can freely speak without time limit too. plus there be the correct feedback gram and word menu in each sentence sent. in order to feel speak directly with people like that. great elsa tick",en,0.9591137170791626,"The application is really good, you can learn pronunciation that is really rich, there are games that are also the same as being able to practice speaking with certain themes. Suggestions because there are already he, making a menu can call directly with AI so you can freely speaking without time limits too. Plus there is the correct feedback grammm and word menu in each sentence sent. In order to feel speaking directly with people like that. Great Elsa tick",positive,positive,0.9598,positive,0.92848843,0.0055425316,0.06596903,0.92848843
30594,,3,"I know that many people/groups want to take advantage of their hard work, but the features provided by Elsa to users who do not pay are very limited and to open the premium features are very high","i know that many people/groups want to take advantage of their hard work, but the feature provide by elsa to user who do not pay be very limited and to open the premium feature be very high",en,0.9841820001602172,"I know that many people/groups want to take advantage of their hard work, but the features provided by Elsa to users who do not pay are very limited and to open the premium features are very high",neutral,negative,-0.2253,neutral,0.57624954,0.31469417,0.57624954,0.10905626
30595,,5,"I don't get it with the composition of the word b english because it is different from the Indonesian language arrangement, hopefully this app can help, from the one who reads the review ""different about this app, no one feels disappointed, it seems that this app can help me in learning English 👍🏻","i do not get it with the composition of the word b english because it be different from the indonesian language arrangement, hopefully this app can help, from the one who read the review ""different about this app, no one feel disappointed, it seem that this app can help me in learn english 👍",en,0.9317703247070312,"I don't get it with the composition of the word b english because it is different from the Indonesian language arrangement, hopefully this app can help, from the one who reads the review ""different about this app, no one feels disappointed, it seems that this app can help me in learning English 👍🏻",positive,positive,0.4215,neutral,0.40281442,0.42039567,0.40281442,0.17678991
30596,,1,"Please return my money. I already paid because coincidentally the promo 3 months 250 rb, but my package is not active. The admin says I want to be overtaken but until today there has been no return. Please return my money, I already sent the TF proof but there is no response. I am not a fraudster !!!","please return my money. i already pay because coincidentally the promo 3 month 250 rb, but my package be not active. the admin say i want to be overtake but until today there have be no return. please return my money, i already send the tf proof but there be no response. i be not a fraudster!",en,0.8626938462257385,"Please return my money. I already paid because coincidentally the promo 3 months 250 rb, but my package is not active. The admin says I want to be overtaken but until today there has been no return. Please return my money, I already sent the TF proof but there is no response. I am not a fraudster !!!",negative,neutral,0.1103,negative,0.77161556,0.77161556,0.209997,0.018387366
30597,,5,"This application is cool, you can practice English our skills. Otw take premium","this application be cool, you can practice english our skills. otw take premium",en,0.8864151835441589,"This application is cool, you can practice English our skills. Otw take premium",positive,positive,0.3182,positive,0.96226835,0.0028129108,0.03491879,0.96226835
30598,,1,"already bought the premium but canceled because there is a system error in the else, but there is no compensation to the user, the refund until you have to wait 1 month","already buy the premium but cancel because there be a system error in the else, but there be no compensation to the user, the refund until you have to wait 1 month",en,0.9359964728355408,"already bought the premium but canceled because there is a system error in the else, but there is no compensation to the user, the refund until you have to wait 1 month",negative,negative,-0.8338,negative,0.7606231,0.7606231,0.22949606,0.009880843
30599,,3,"So far the cellphone is good, hopefully in the future it is still according to expectations","so far the cellphone be good, hopefully in the future it be still accord to expectation",en,0.8567742705345154,"So far the cellphone is good, hopefully in the future it is still according to expectations",neutral,positive,0.6808,positive,0.9555099,0.0077467407,0.036743313,0.9555099
30600,,5,A very extraordinary application can help learn English alone,a very extraordinary application can help learn english alone,en,0.9129964113235474,A very extraordinary application can help learn English alone,positive,neutral,0.1779,positive,0.9386274,0.0046174424,0.056755178,0.9386274
30601,,5,Best English Learning Application My version ... seriously not bo'ong 😘 ✌,best english learning application my version. seriously not boong 😘 ✌,en,0.8791172504425049,Best English Learning Application My version ... seriously not bo'ong😘✌,positive,positive,0.5423,positive,0.9712433,0.0057814345,0.022975242,0.9712433
30602,,4,Good application. Only I sometimes lag and frame. Maybe because the device can also affect. I hope if it can be light for low cellphone specifications. Thank you,good application. only i sometimes lag and frame. maybe because the device can also affect. i hope if it can be light for low cellphone specifications. thank you,en,0.9245802760124208,Good application. Only I sometimes lag and frame. Maybe because the device can also affect. I hope if it can be light for low cellphone specifications. Thank you,neutral,positive,0.5859,neutral,0.3516603,0.07954903,0.3516603,0.5687906
30603,,5,very helpful and interesting. I expect the latest development and innovation in the future,very helpful and interesting. i expect the late development and innovation in the future,en,0.9472672939300536,very helpful and interesting. I expect the latest development and innovation in the future,positive,positive,0.8251,positive,0.9794088,0.0040914672,0.016499687,0.9794088
30604,,5,"It's good application, if you want to develop your English speaking. So glad I've found this application very happy to be able to find this application, finally you can find something similar to du*lingo, but the ones for English speaking exercises are smoother. So you can know how to pronounciation correctly, and decorate to speak English because English is not enough","it be good application, if you want to develop your english speaking. so glad i have find this application very happy to be able to find this application, finally you can find something similar to du lingo, but the one for english speaking exercise be smoother. so you can know how to pronounciation correctly, and decorate to speak english because english be not enough",en,0.9476200938224792,"It's good application, if you want to develop your English speaking. So glad I've found this application very happy to be able to find this application, finally you can find something similar to du*lingo, but the ones for English speaking exercises are smoother. So you can know how to pronounciation correctly, and decorate to speak English because English is not enough",positive,positive,0.721,positive,0.96472687,0.0050833607,0.030189788,0.96472687
30605,,5,"Good application. Useful for daily exercise. There is a progress that must be achieved. Various forms of learning. A few months trying that is not paid pretty good & taste the effect. But after trying the paid. Wow, it turns out more features. The more diverse the exercise. Exciting bgt. It is strongly recommended to use a headset, so that the sound is captured well by Ai Elsa.","good application. useful for daily exercise. there be a progress that must be achieved. various form of learning. a few month try that be not pay pretty good & taste the effect. but after try the paid. wow, it turn out more features. the more diverse the exercise. excite bgt. it be strongly recommend to use a headset, so that the sound be capture well by ai elsa.",en,0.9242085218429564,"Good application. Useful for daily exercise. There is a progress that must be achieved. Various forms of learning. A few months trying that is not paid pretty good & taste the effect. But after trying the paid. Wow, it turns out more features. The more diverse the exercise. Exciting bgt. It is strongly recommended to use a headset, so that the sound is captured well by Ai Elsa.",positive,positive,0.9719,positive,0.9343939,0.0075023146,0.05810377,0.9343939
30606,,2,I have subscribed for 1 year but how come the application often or can't move or the application goes out alone. please fix it as soon as possible,i have subscribe for 1 year but how come the application often or cannot move or the application go out alone. please fix it as soon as possible,en,0.9776598811149596,I have subscribed for 1 year but how come the application often or can't move or the application goes out alone. please fix it as soon as possible,negative,neutral,0.1154,negative,0.8175503,0.8175503,0.16758956,0.014860126
30607,,1,It's hard to leave the account and all the learning must be premium all that is not free for people who cannot afford,it be hard to leave the account and all the learning must be premium all that be not free for people who cannot afford,en,0.9474948048591614,It's hard to leave the account and all the learning must be premium all that is not free for people who cannot afford,negative,negative,-0.5109,negative,0.7261654,0.7261654,0.25821793,0.015616645
30608,,5,Very helpful for those who want to learn English,very helpful for those who want to learn english,en,0.9888450503349304,Very helpful for those who want to learn English,positive,positive,0.5256,positive,0.93700534,0.0040088617,0.058985725,0.93700534
30609,,5,interesting to learn English feels like there is a partner for talking,interest to learn english feel like there be a partner for talk,en,0.9671653509140016,interesting to learn English feels like there is a partner for talking,positive,positive,0.6705,neutral,0.58239037,0.030798417,0.58239037,0.38681123
30610,,5,How to teach that is very good and easy to follow,how to teach that be very good and easy to follow,en,0.9873673915863036,How to teach that is very good and easy to follow,positive,positive,0.7474,positive,0.89213395,0.008687426,0.09917866,0.89213395
30611,,4,"For pronunciation training, it is very good, but it would be better if added to the translation feature of the vocabulary to each mother tongue, and registered any vocabulary that has been learned. To be easy to review the lesson again.","for pronunciation training, it be very good, but it would be good if add to the translation feature of the vocabulary to each mother tongue, and register any vocabulary that have be learned. to be easy to review the lesson again.",en,0.9512240886688232,"For pronunciation training, it is very good, but it would be better if added to the translation feature of the vocabulary to each mother tongue, and registered any vocabulary that has been learned. To be easy to review the lesson again.",neutral,positive,0.8817,neutral,0.34516504,0.011388231,0.34516504,0.6434468
30612,,5,Easy to use and very helpful in learning,easy to use and very helpful in learn,en,0.9813032150268556,Easy to use and very helpful in learning,positive,positive,0.7178,positive,0.9627345,0.006291419,0.030974103,0.9627345
30613,,4,"Very helpful. But it's better there must be a free mode. And there is also offline mode. The first time I tried, I like it right away. The right way, it's time to chat using English. Every pronunciation word is still wrong immediately correct. Thank you, hopefully in the future it can be even better ..","very helpful. but it be well there must be a free mode. and there be also offline mode. the first time i tried, i like it right away. the right way, it be time to chat use english. every pronunciation word be still wrong immediately correct. thank you, hopefully in the future it can be even better.",en,0.9315283298492432,"Very helpful. But it's better there must be a free mode. And there is also offline mode. The first time I tried, I like it right away. The right way, it's time to chat using English. Every pronunciation word is still wrong immediately correct. Thank you, hopefully in the future it can be even better ..",neutral,positive,0.9527,positive,0.93539685,0.011308084,0.053295106,0.93539685
30614,,1,haduhh a lot of bugs yes the application is good but instead goes out alone,haduhh a lot of bug yes the application be good but instead go out alone,en,0.7970784306526184,haduhh a lot of bugs yes the application is good but instead goes out alone,negative,neutral,0.0772,negative,0.73699003,0.73699003,0.2376486,0.025361277
30615,,5,"The application is super duper really good, for those of you who are learning English Apk Elsa Work it really. We will be considered perfect or lack the way we mention the sentence. The pokonya is really good. No minus","the application be super duper really good, for those of you who be learn english apk elsa work it really. we will be consider perfect or lack the way we mention the sentence. the pokonya be really good. no minus",en,0.9209977984428406,"The application is super duper really good, for those of you who are learning English Apk Elsa Work it really. We will be considered perfect or lack the way we mention the sentence. The pokonya is really good. No minus",positive,positive,0.8887,positive,0.9754461,0.0055260435,0.019027857,0.9754461
30616,,1,"Sometimes the ai often misinterpret my pronoun, even though when I input the sound on Google or chatgpt the applications can be well understood the words I say. And even more so when the role play often error itself, like 2 free opportunities used even though I only use 1 tablets.","sometimes the ai often misinterpret my pronoun, even though when i input the sound on google or chatgpt the application can be well understood the word i say. and even more so when the role play often error itself, like 2 free opportunity use even though i only use 1 tablets.",en,0.8770604729652405,"Sometimes the ai often misinterpret my pronoun, even though when I input the sound on Google or chatgpt the applications can be well understood the words I say. And even more so when the role play often error itself, like 2 free opportunities used even though I only use 1 tablets.",negative,positive,0.8555,negative,0.58613974,0.58613974,0.3889408,0.024919502
30617,,5,"Recommended really for Klian who want to learn English, this APK is very good and easy to understand but if we want to learn without limited costs we want to learn, we can only learn 5 lessons and wait for 24 hours bru can learn again, even though it is not satisfied only 5 lessons but the APK is very fun to be the spirit of learning, yes it's just like that.","recommend really for klian who want to learn english, this apk be very good and easy to understand but if we want to learn without limited cost we want to learn, we can only learn 5 lesson and wait for 24 hour bru can learn again, even though it be not satisfy only 5 lesson but the apk be very fun to be the spirit of learning, yes it be just like that.",en,0.9626041054725648,"Recommended really for Klian who want to learn English, this APK is very good and easy to understand but if we want to learn without limited costs we want to learn, we can only learn 5 lessons and wait for 24 hours bru can learn again, even though it is not satisfied only 5 lessons but the APK is very fun to be the spirit of learning, yes it's just like that.",positive,positive,0.9552,positive,0.927148,0.006340938,0.06651105,0.927148
30618,,2,"There are many versions that have no Indonesian translation anymore in each lesson, can't know the meaning of the word apart from the English itself and can't correct the words that are wrongly disappointed","there be many version that have no indonesian translation anymore in each lesson, cannot know the meaning of the word apart from the english itself and cannot correct the word that be wrongly disappointed",en,0.9673380851745604,"There are many versions that have no Indonesian translation anymore in each lesson, can't know the meaning of the word apart from the English itself and can't correct the words that are wrongly disappointed",negative,negative,-0.6486,negative,0.7955762,0.7955762,0.19328882,0.01113502
30619,,1,I give a 1 star because there are too many decreased features please just return to the old version because the current version of many useful features that are honest lost I am disappointed with the update that I now hope that all the features can return to the way it used to be,i give a 1 star because there be too many decreased feature please just return to the old version because the current version of many useful feature that be honest lose i be disappoint with the update that i now hope that all the feature can return to the way it use to be,en,0.915442168712616,I give a 1 star because there are too many decreased features please just return to the old version because the current version of many useful features that are honest lost I am disappointed with the update that I now hope that all the features can return to the way it used to be,negative,positive,0.7184,negative,0.78553206,0.78553206,0.18027261,0.034195356
30620,,2,if possible a lot of free features,if possible a lot of free feature,en,0.6449753642082214,if possible a lot of free features,negative,positive,0.5106,neutral,0.38365203,0.010194367,0.38365203,0.6061536
30621,,5,"This application is really good, clearly visible improvement in my English reporting ability. Before trying a trial a week. So that's why I chose to buy an Elsa Premium package. Yesterday I experienced problems when I subscribed, a long response. I don't think it was tricked. So be patient, friends if you experience the same thing. The admin has a lot to be rewarded for a long time, almost 24 hours I have been waiting for this good old Ngantri application.","this application be really good, clearly visible improvement in my english reporting ability. before try a trial a week. so that be why i chose to buy an elsa premium package. yesterday i experience problem when i subscribed, a long response. i do not think it be tricked. so be patient, friend if you experience the same thing. the admin have a lot to be reward for a long time, almost 24 hour i have be wait for this good old ngantri application.",en,0.9197806715965272,"This application is really good, clearly visible improvement in my English reporting ability. Before trying a trial a week. So that's why I chose to buy an Elsa Premium package. Yesterday I experienced problems when I subscribed, a long response. I don't think it was tricked. So be patient, friends if you experience the same thing. The admin has a lot to be rewarded for a long time, almost 24 hours I have been waiting for this good old Ngantri application.",positive,positive,0.9554,positive,0.9452085,0.0062676137,0.04852387,0.9452085
30622,,2,"Plis initially this app is really good, already 3 months suddenly the error can't calculate the score even though working on the problem is that it will run smoothly, the signal is good, it is the turn of the score, it doesn't even get anything.","plis initially this app be really good, already 3 month suddenly the error cannot calculate the score even though work on the problem be that it will run smoothly, the signal be good, it be the turn of the score, it do not even get anything.",en,0.926672637462616,"Plis initially this app is really good, already 3 months suddenly the error can't calculate the score even though working on the problem is that it will run smoothly, the signal is good, it is the turn of the score, it doesn't even get anything.",negative,neutral,0.2467,negative,0.6637917,0.6637917,0.24075429,0.095454
30623,,5,"Great, I who learned self -taught (only understood what was said) but did not really understand how to speak correctly because in the past only learned from a large and thick dictionary book (at that time there was still no Android) to play games from PS1. I think this is the right application for me to learn, if it is suitable, maybe I will be a subscriber.","great, i who learn self -taught only understand what be say but do not really understand how to speak correctly because in the past only learn from a large and thick dictionary book at that time there be still no android to play game from ps1. i think this be the right application for me to learn, if it be suitable, maybe i will be a subscriber.",en,0.9532816410064696,"Great, I who learned self -taught (only understood what was said) but did not really understand how to speak correctly because in the past only learned from a large and thick dictionary book (at that time there was still no Android) to play games from PS1. I think this is the right application for me to learn, if it is suitable, maybe I will be a subscriber.",positive,positive,0.431,neutral,0.39075172,0.13821451,0.39075172,0.4710338
30624,,2,"I have subscribed for a year, initially good, but after a month, the progress of my lesson was lost and my status changed to free and directed to upgrade (pay back). Always send a complaint email, but there is no response.","i have subscribe for a year, initially good, but after a month, the progress of my lesson be lose and my status change to free and direct to upgrade pay back . always send a complaint email, but there be no response.",en,0.92804616689682,"I have subscribed for a year, initially good, but after a month, the progress of my lesson was lost and my status changed to free and directed to upgrade (pay back). Always send a complaint email, but there is no response.",negative,neutral,0.09,negative,0.8541445,0.8541445,0.13378485,0.012070579
30625,,1,"The application is good, I have done payment to follow the IELTS PRO program, but the status of the application is still nothing that has changed. A few days later there was a notification payment failed from the email. But I did not get the refund again. There is no live support. Poor application.","the application be good, i have do payment to follow the ielts pro program, but the status of the application be still nothing that have changed. a few day later there be a notification payment fail from the email. but i do not get the refund again. there be no live support. poor application.",en,0.940872311592102,"The application is good, I have done payment to follow the IELTS PRO program, but the status of the application is still nothing that has changed. A few days later there was a notification payment failed from the email. But I did not get the refund again. There is no live support. Poor application.",negative,negative,-0.802,negative,0.7666979,0.7666979,0.2068675,0.026434619
30626,,5,very helpful to learn English. Very easy to understand. How to use the application is very easy. Learning English can be easier at home. The application is very smooth sign of obstacles. Suitable for those of you who want to learn English but lazy to get out of the course. The price is very affordable.,very helpful to learn english. very easy to understand. how to use the application be very easy. learn english can be easy at home. the application be very smooth sign of obstacles. suitable for those of you who want to learn english but lazy to get out of the course. the price be very affordable.,en,0.9643932580947876,very helpful to learn English. Very easy to understand. How to use the application is very easy. Learning English can be easier at home. The application is very smooth sign of obstacles. Suitable for those of you who want to learn English but lazy to get out of the course. The price is very affordable.,positive,positive,0.3476,positive,0.9477065,0.0051345685,0.047158975,0.9477065
30627,,5,"My opinion anyway, please be cheap for me for the premium version hehe 😅 🙏","my opinion anyway, please be cheap for me for the premium version hehe 😅 🙏",en,0.8387700915336609,"My opinion anyway, please be cheap for me for the premium version hehe😅🙏",positive,positive,0.3182,positive,0.7208666,0.013555995,0.2655774,0.7208666
30628,,5,Very good in helping me to practice my English pronunciation. With a variety of interesting and very helpful features even though there is still a lot of learning locked because they have to pay it first. But Elsa Speak is very helpful to me ❤️ ❤️ ❤️,very good in help me to practice my english pronunciation. with a variety of interesting and very helpful feature even though there be still a lot of learn lock because they have to pay it first. but elsa speak be very helpful to me ❤ ❤ ❤,en,0.9836005568504332,Very good in helping me to practice my English pronunciation. With a variety of interesting and very helpful features even though there is still a lot of learning locked because they have to pay it first. But Elsa Speak is very helpful to me❤️❤️❤️,positive,positive,0.8725,positive,0.9673113,0.0051094424,0.027579231,0.9673113
30629,,5,Fun and challenging,fun and challenging,en,0.8612598776817322,Fun and challenging,positive,positive,0.5994,positive,0.9078123,0.009451978,0.0827357,0.9078123
30630,,5,Cool Learning Place,cool learn place,en,0.7944294214248657,Cool Learning Place,positive,positive,0.3182,positive,0.8731569,0.01836064,0.10848244,0.8731569
30631,,1,"Damn Auto Debit, Cook without confirmation to the user that this is auto debit","damn auto debit, cook without confirmation to the user that this be auto debit",en,0.741949200630188,"Damn Auto Debit, Cook without confirmation to the user that this is auto debit",negative,negative,-0.4019,negative,0.8269815,0.8269815,0.16350071,0.0095178215
30632,,3,"The study set menu is increased again, given an edit feature such as deleted phrases or other. Don't just add. The study set menu is very useful as a flash card for those who want to memorize vocab.","the study set menu be increase again, give an edit feature such as deleted phrase or other. do not just add. the study set menu be very useful as a flash card for those who want to memorize vocab.",en,0.9595806002616882,"The study set menu is increased again, given an edit feature such as deleted phrases or other. Don't just add. The study set menu is very useful as a flash card for those who want to memorize vocab.",neutral,positive,0.6997,neutral,0.5145399,0.018826298,0.5145399,0.4666338
30633,,5,"The application is very good and helps in learning English really recommended especially for those who might want to learn ottodidak this application is very good. I want to ask for this premium package, do you have to pay full or can it be tired every month? Please respond. Thanksyou","the application be very good and help in learn english really recommend especially for those who might want to learn ottodidak this application be very good. i want to ask for this premium package, do you have to pay full or can it be tire every month? please respond. thanksyou",en,0.9631174206733704,"The application is very good and helps in learning English really recommended especially for those who might want to learn ottodidak this application is very good. I want to ask for this premium package, do you have to pay full or can it be tired every month? Please respond. Thanksyou",positive,positive,0.9279,positive,0.95801324,0.003005821,0.038980972,0.95801324
30634,,2,"I have paid for the Certificate Course: IELTS course bundle but 3 days later canceled even though I never asked for a cancellation. Tol9ng returns the bundle because my progress is far away. When this problem is resolved, I will give a 5 star. Thank you.","i have pay for the certificate course ielts course bundle but 3 day later cancel even though i never ask for a cancellation. tol9ng return the bundle because my progress be far away. when this problem be resolved, i will give a 5 star. thank you.",en,0.9106056094169616,"I have paid for the Certificate Course: IELTS course bundle but 3 days later canceled even though I never asked for a cancellation. Tol9ng returns the bundle because my progress is far away. When this problem is resolved, I will give a 5 star. Thank you.",negative,neutral,0.2761,negative,0.6462493,0.6462493,0.3279715,0.025779242
30635,,5,"Wow, so cool this time, find an application, can train me who is lacking/wrong pronunciation. Thank you for the application, I hope it is smooth fortune. For those who want to practice pronunciation /beginners haven't or you know b. British let's install the application guaranteed cool.","wow, so cool this time, find an application, can train me who be lacking/wrong pronunciation. thank you for the application, i hope it be smooth fortune. for those who want to practice pronunciation /beginners have not or you know b. british let u install the application guarantee cool.",en,0.8795191645622253,"Wow, so cool this time, find an application, can train me who is lacking/wrong pronunciation. Thank you for the application, I hope it is smooth fortune. For those who want to practice pronunciation /beginners haven't or you know b. British let's install the application guaranteed cool.",positive,positive,0.9402,positive,0.9480447,0.01162224,0.040333025,0.9480447
30636,,5,The application is good for those who want to learn English is easy because there is an educational video how to pronounce it and if we are wrong then we can repeat again. the pokonya is good for those who are just learning English,the application be good for those who want to learn english be easy because there be an educational video how to pronounce it and if we be wrong then we can repeat again. the pokonya be good for those who be just learn english,en,0.9211375713348388,The application is good for those who want to learn English is easy because there is an educational video how to pronounce it and if we are wrong then we can repeat again. the pokonya is good for those who are just learning English,positive,positive,0.7096,positive,0.73442453,0.020714743,0.24486071,0.73442453
30637,,5,"The application really helped me in learning English. It is suitable for me who is still having difficulty learning language and with the learning method provided by this application is easy to understand, so as to accelerate me in learning the ability to speak English. Thank you ""Elsa Speak"" 🙌 👍","the application really help me in learn english. it be suitable for me who be still have difficulty learn language and with the learn method provide by this application be easy to understand, so as to accelerate me in learn the ability to speak english. thank you ""elsa speak"" 🙌 👍",en,0.9683820605278016,"The application really helped me in learning English. It is suitable for me who is still having difficulty learning language and with the learning method provided by this application is easy to understand, so as to accelerate me in learning the ability to speak English. Thank you ""Elsa Speak"" 🙌👍",positive,positive,0.807,positive,0.9660384,0.0034816968,0.030479906,0.9660384
30638,,5,The application is killer (wrong yes wrong) ... I like it ... feels learning with native. As a advice please increase the AI ​​so that it is smarter in assessing the truth of our pronunciation. So thank you ..........,the application be killer wrong yes wrong . i like it. feel learn with native. as a advice please increase the ai so that it be smarter in assess the truth of our pronunciation. so thank you.,en,0.9465020895004272,The application is killer (wrong yes wrong) ... I like it ... feels learning with native. As a advice please increase the AI ​​so that it is smarter in assessing the truth of our pronunciation. So thank you ..........,positive,positive,0.7042,neutral,0.46141386,0.26730013,0.46141386,0.2712861
30639,,5,"Very good, but my pocket is empty 😂 Even though I want to learn full saving first, thanks for a 1% YouTube channel for the recommendation, again likes this application, but per day can only be free 5/5 want unclock, everything hasn't been available, be patient, if there is money, you can","very good, but my pocket be empty 😂 even though i want to learn full save first, thanks for a 1% youtube channel for the recommendation, again like this application, but per day can only be free 5/5 want unclock, everything have not be available, be patient, if there be money, you can",en,0.8792555928230286,"Very good, but my pocket is empty 😂 Even though I want to learn full saving first, thanks for a 1% YouTube channel for the recommendation, again likes this application, but per day can only be free 5/5 want unclock, everything hasn't been available, be patient, if there is money, you can",positive,positive,0.9562,positive,0.84097147,0.035780247,0.12324828,0.84097147
30640,,5,"Those who always complain can't speak English and English is difficult. Come first, change your mindset into English is easy and I can speak English. Then after your mindset changes, download the Elsa application, now! Elsa application is different from other applications. Want to know what is the difference in download and feel the difference yourself. Thank You","those who always complain cannot speak english and english be difficult. come first, change your mindset into english be easy and i can speak english. then after your mindset changes, download the elsa application, now! elsa application be different from other applications. want to know what be the difference in download and feel the difference yourself. thank you",en,0.928161919116974,"Those who always complain can't speak English and English is difficult. Come first, change your mindset into English is easy and I can speak English. Then after your mindset changes, download the Elsa application, now! Elsa application is different from other applications. Want to know what is the difference in download and feel the difference yourself. Thank You",positive,neutral,0.2481,neutral,0.581068,0.25246492,0.581068,0.16646716
30641,,2,"No recommended for beginners. Very difficult. Lebay the application until you are tired of your mouth if you want to get a bangus score. My advice is to give the video that also shows the position of the lips when saying words in English. This is an expensive application, give a good quality.","no recommend for beginners. very difficult. lebay the application until you be tire of your mouth if you want to get a bangus score. my advice be to give the video that also show the position of the lip when say word in english. this be an expensive application, give a good quality.",en,0.946120262145996,"No recommended for beginners. Very difficult. Lebay the application until you are tired of your mouth if you want to get a bangus score. My advice is to give the video that also shows the position of the lips when saying words in English. This is an expensive application, give a good quality.",negative,neutral,0.1796,negative,0.7809884,0.7809884,0.20193036,0.01708123
30642,,5,The application is good to help facilitate vocal pronunciation in English. I hope this application can use advertisements for those who cannot afford the use of this application.,the application be good to help facilitate vocal pronunciation in english. i hope this application can use advertisement for those who cannot afford the use of this application.,en,0.8995125889778137,The application is good to help facilitate vocal pronunciation in English. I hope this application can use advertisements for those who cannot afford the use of this application.,positive,positive,0.8176,positive,0.89283764,0.0057925936,0.101369694,0.89283764
30643,,5,"Elsa is in terms of the most detailed pronunction from the other. The cost of subscription is also more affordable than the others. Unfortunately, to be able to enjoy access for free for only 7 days. After that, you have to pay, you can use it for free. If the others without paying can still be free access. Still appropriate according to quality","elsa be in term of the most detailed pronunction from the other. the cost of subscription be also more affordable than the others. unfortunately, to be able to enjoy access for free for only 7 days. after that, you have to pay, you can use it for free. if the others without pay can still be free access. still appropriate accord to quality",en,0.9673866033554076,"Elsa is in terms of the most detailed pronunction from the other. The cost of subscription is also more affordable than the others. Unfortunately, to be able to enjoy access for free for only 7 days. After that, you have to pay, you can use it for free. If the others without paying can still be free access. Still appropriate according to quality",positive,positive,0.872,neutral,0.52309465,0.04248191,0.52309465,0.43442348
30644,,5,"The learning technique is different from other applications, because there is a practice of speaking with AI and not too focused on theory. Recommended.","the learning technique be different from other applications, because there be a practice of speak with ai and not too focus on theory. recommended.",en,0.9619548320770264,"The learning technique is different from other applications, because there is a practice of speaking with AI and not too focused on theory. Recommended.",positive,neutral,0.2023,neutral,0.733992,0.026928151,0.733992,0.23907983
30645,,1,"Already subscribed to a year. When reopening it is even read free, not premium. The subscription from August, this is still in December. Please correct the application.","already subscribe to a year. when reopen it be even read free, not premium. the subscription from august, this be still in december. please correct the application.",en,0.9227041602134703,"Already subscribed to a year. When reopening it is even read free, not premium. The subscription from August, this is still in December. Please correct the application.",negative,positive,0.6808,negative,0.6422666,0.6422666,0.34241128,0.015322197
30646,,5,"This application is really good ,, not lying ,, this will be able to correct our pronunciation if wrong or inappropriate, and there are also a lot of exercise and challenges are really exciting anyway","this application be really good, not lying, this will be able to correct our pronunciation if wrong or inappropriate, and there be also a lot of exercise and challenge be really exciting anyway",en,0.953113853931427,"This application is really good ,, not lying ,, this will be able to correct our pronunciation if wrong or inappropriate, and there are also a lot of exercise and challenges are really exciting anyway",positive,positive,0.7861,positive,0.9564084,0.00801539,0.03557624,0.9564084
30647,,2,"What the heck ... the apk is Budeg ... even though I have spoken loudly + already shouted and in a quiet place but the apk still didn't hear and was told to try again ,, already 10 times I tried to be Budeg Ni Elsa ,, hadehh already learned the emotions, yes","what the heck. the apk be budeg. even though i have speak loudly + already shout and in a quiet place but the apk still do not hear and be tell to try again, already 10 time i try to be budeg ni elsa, hadehh already learn the emotions, yes",en,0.9289010167121888,"What the heck ... the apk is Budeg ... even though I have spoken loudly + already shouted and in a quiet place but the apk still didn't hear and was told to try again ,, already 10 times I tried to be Budeg Ni Elsa ,, hadehh already learned the emotions, yes",negative,positive,0.5499,negative,0.8012746,0.8012746,0.17673938,0.021985978
30648,,5,This application is very good there are geratis lessons that are easy. But if it's finished how come you have to pay it. But I can pay my mama who pays directly to open the geratis lesson if I go to the geratis lesson 😍 😍 😍 😀 🤩 🤩 👍 👍,this application be very good there be geratis lesson that be easy. but if it be finish how come you have to pay it. but i can pay my mama who pay directly to open the geratis lesson if i go to the geratis lesson 😍 😍 😍 😀 🤩 🤩 👍 👍,en,0.9088089466094972,This application is very good there are geratis lessons that are easy. But if it's finished how come you have to pay it. But I can pay my mama who pays directly to open the geratis lesson if I go to the geratis lesson 😍😍😍😀🤩🤩👍 👍,positive,neutral,0.0635,positive,0.931185,0.007599472,0.061215483,0.931185
30649,,4,"The application is really cool. Sorry, I want to subscribe for the second time but how come my payment continues to be rejected huh? Even though it's already filled in the Google Pay balance and then using Gopay and Shopee, how come all are rejected, not fined if it passes from the payment period?","the application be really cool. sorry, i want to subscribe for the second time but how come my payment continue to be reject huh? even though it be already fill in the google pay balance and then use gopay and shopee, how come all be rejected, not fin if it pass from the payment period?",en,0.9190542697906494,"The application is really cool. Sorry, I want to subscribe for the second time but how come my payment continues to be rejected huh? Even though it's already filled in the Google Pay balance and then using Gopay and Shopee, how come all are rejected, not fined if it passes from the payment period?",neutral,negative,-0.847,negative,0.5738573,0.5738573,0.307962,0.11818068
30650,,5,"Why do you have to call the application user ,, what is ... already dizzy can't b. English ... from the beginning I entered this application ... I was confused, the language was English ,, all ,, it should be given the language settings ... Thank you, I only wrote the one who tucked in my mind ,, if I didn't mean my writing, but I still love 5 stars ...","why do you have to call the application user, what is. already dizzy cannot b. english. from the beginning i enter this application. i be confused, the language be english, all, it should be give the language settings. thank you, i only write the one who tuck in my mind, if i do not mean my writing, but i still love 5 stars.",en,0.8735343217849731,"Why do you have to call the application user ,, what is ... already dizzy can't b. English ... from the beginning I entered this application ... I was confused, the language was English ,, all ,, it should be given the language settings ... Thank you, I only wrote the one who tucked in my mind ,, if I didn't mean my writing, but I still love 5 stars ...",positive,positive,0.7543,negative,0.72792554,0.72792554,0.22484237,0.047232077
30651,,5,"Why not from the first download, it turns out there is a lot of material. Yes, it is paid, I also download APK to learn other foreign languages ​​besides Elsa, and it is still paid because I have to look for the benefits of the APK Creator. So if Maslh is paid, it is still understandable, only here there is a certificate feature that I have been looking for. Finally found, thank you, I hope it's better in the future !!","why not from the first download, it turn out there be a lot of material. yes, it be paid, i also download apk to learn other foreign language besides elsa, and it be still pay because i have to look for the benefit of the apk creator. so if maslh be paid, it be still understandable, only here there be a certificate feature that i have be look for. finally found, thank you, i hope it be well in the future!",en,0.9291207194328308,"Why not from the first download, it turns out there is a lot of material. Yes, it is paid, I also download APK to learn other foreign languages ​​besides Elsa, and it is still paid because I have to look for the benefits of the APK Creator. So if Maslh is paid, it is still understandable, only here there is a certificate feature that I have been looking for. Finally found, thank you, I hope it's better in the future !!",positive,positive,0.902,neutral,0.56308234,0.043081757,0.56308234,0.39383593
30652,,3,"The initial use of AI application response is very good. After 3 months of use, the application response when hearing speaking is often not response / delay, so it is very annoying & waste my time. Disappointing even though using premium 😏","the initial use of ai application response be very good. after 3 month of use, the application response when hear speaking be often not response / delay, so it be very annoying & waste my time. disappoint even though use premium 😏",en,0.9455618262290956,"The initial use of AI application response is very good. After 3 months of use, the application response when hearing speaking is often not response / delay, so it is very annoying & waste my time. Disappointing even though using premium 😏",neutral,negative,-0.5598,negative,0.75319725,0.75319725,0.19136417,0.055438608
30653,,5,"This application is very good, it is very easy for us to learn English and also in AI, very good. But still have to be paid, but take it easy for those who do not want to subscribe can be free 5x learning a day.","this application be very good, it be very easy for u to learn english and also in ai, very good. but still have to be paid, but take it easy for those who do not want to subscribe can be free 5x learn a day.",en,0.9870954155921936,"This application is very good, it is very easy for us to learn English and also in AI, very good. But still have to be paid, but take it easy for those who do not want to subscribe can be free 5x learning a day.",positive,positive,0.9287,positive,0.91635764,0.010613994,0.07302839,0.91635764
30654,,5,"Thank you for the Elsa Speak application, I can easily learn that this application also teaches us the right pronunciation, and this application also gives us the opportunity to know our pronunciation which is rather lacking, so we can repeat the correct words so that we can say the right words or sentences.","thank you for the elsa speak application, i can easily learn that this application also teach u the right pronunciation, and this application also give u the opportunity to know our pronunciation which be rather lacking, so we can repeat the correct word so that we can say the right word or sentences.",en,0.9440872073173524,"Thank you for the Elsa Speak application, I can easily learn that this application also teaches us the right pronunciation, and this application also gives us the opportunity to know our pronunciation which is rather lacking, so we can repeat the correct words so that we can say the right words or sentences.",positive,positive,0.7845,positive,0.9118631,0.007889424,0.08024742,0.9118631
30655,,5,"Good for beginners, I who are used to the tour around Bali and Bule also like this ... for my sister Kls 2 elementary school is already smooth conversation, thanks elsa 😍 subscription is certainly cheap compared to learning with private tutors, keep learning brothers sister, don't miss it ..","good for beginners, i who be use to the tour around bali and bule also like this. for my sister kls 2 elementary school be already smooth conversation, thanks elsa 😍 subscription be certainly cheap compare to learn with private tutors, keep learn brother sister, do not miss it.",en,0.9534273743629456,"Good for beginners, I who are used to the tour around Bali and Bule also like this ... for my sister Kls 2 elementary school is already smooth conversation, thanks elsa 😍 subscription is certainly cheap compared to learning with private tutors, keep learning brothers sister, don't miss it ..",positive,positive,0.8791,positive,0.9755908,0.0035581742,0.020850984,0.9755908
30656,,5,"This application is very useful for those of you who are inferior because they are not good at English because in this application we can know the correct vocabulary and wrong, you must download it so you are confident and not inferior in English English lessons, friend 👌 👍","this application be very useful for those of you who be inferior because they be not good at english because in this application we can know the correct vocabulary and wrong, you must download it so you be confident and not inferior in english english lessons, friend 👌 👍",en,0.9155709147453308,"This application is very useful for those of you who are inferior because they are not good at English because in this application we can know the correct vocabulary and wrong, you must download it so you are confident and not inferior in English English lessons, friend 👌👍",positive,neutral,-0.0127,positive,0.7710318,0.040077087,0.1888911,0.7710318
30657,,5,"very helpful, but please add to have subscribed to the Pro level to be reproduced again freely talking with its AI, because it is very effective in helping to increase user creativity so that it gives words freely and can improve its learning","very helpful, but please add to have subscribe to the pro level to be reproduce again freely talk with it be ai, because it be very effective in help to increase user creativity so that it give word freely and can improve it be learn",en,0.9521948099136353,"very helpful, but please add to have subscribed to the Pro level to be reproduced again freely talking with its AI, because it is very effective in helping to increase user creativity so that it gives words freely and can improve its learning",positive,positive,0.9859,positive,0.9250893,0.005886537,0.06902416,0.9250893
30658,,1,"This application was originally very good, fast, and Fastresponed. But when I use premium in 2 months, I have a lot of problems that I experienced. Disappointed 🥲","this application be originally very good, fast, and fastresponed. but when i use premium in 2 months, i have a lot of problem that i experienced. disappointed 🥲",en,0.9693511724472046,"This application was originally very good, fast, and Fastresponed. But when I use premium in 2 months, I have a lot of problems that I experienced. Disappointed 🥲",negative,negative,-0.7652,negative,0.8892711,0.8892711,0.094171725,0.016557224
30659,,3,"Please help to stop the free trial service, because you don't want to subscribe. Thank You. I have been looking for a button or writing stop subscription, but not found.","please help to stop the free trial service, because you do not want to subscribe. thank you. i have be look for a button or write stop subscription, but not found.",en,0.940468966960907,"Please help to stop the free trial service, because you don't want to subscribe. Thank You. I have been looking for a button or writing stop subscription, but not found.",neutral,positive,0.4747,negative,0.89587146,0.89587146,0.097165965,0.0069625634
30660,,5,"Very helpful for me, so it's easy to know where the lerak is in our words when the pronunciation of words in English and in my opinion is very recommended for those of you who want to learn English","very helpful for me, so it be easy to know where the lerak be in our word when the pronunciation of word in english and in my opinion be very recommended for those of you who want to learn english",en,0.9555729627609252,"Very helpful for me, so it's easy to know where the lerak is in our words when the pronunciation of words in English and in my opinion is very recommended for those of you who want to learn English",positive,positive,0.8248,positive,0.90410244,0.0061265007,0.089771,0.90410244
30661,,4,"The application is not responsive, I try to get high grades but AI detection assumes that my speech is not appropriate. Even though before the update is not like this. Please fix it","the application be not responsive, i try to get high grade but ai detection assume that my speech be not appropriate. even though before the update be not like this. please fix it",en,0.9269824028015136,"The application is not responsive, I try to get high grades but AI detection assumes that my speech is not appropriate. Even though before the update is not like this. Please fix it",neutral,neutral,0.0561,negative,0.89546424,0.89546424,0.09557864,0.008957102
30662,,5,"Very good application with learning AI is more precise and akhurat, you can choose levels and interest in learning according to your needs, really recommended","very good application with learn ai be more precise and akhurat, you can choose level and interest in learn accord to your needs, really recommend",en,0.963418424129486,"Very good application with learning AI is more precise and akhurat, you can choose levels and interest in learning according to your needs, really recommended",positive,positive,0.8396,positive,0.9583307,0.0052085994,0.036460653,0.9583307
30663,,5,Initially know this from Chanel one percent it turns out that the APK helped really to learn new beginners like me. Easy to understand. So it doesn't have to be far private tutoring. Initially trying a trial for a day can only be only 5 times it turns out cool too. Next I'm going to subscribe,initially know this from chanel one percent it turn out that the apk help really to learn new beginner like me. easy to understand. so it do not have to be far private tutoring. initially try a trial for a day can only be only 5 time it turn out cool too. next i be go to subscribe,en,0.9424998760223388,Initially know this from Chanel one percent it turns out that the APK helped really to learn new beginners like me. Easy to understand. So it doesn't have to be far private tutoring. Initially trying a trial for a day can only be only 5 times it turns out cool too. Next I'm going to subscribe,positive,positive,0.8555,positive,0.9057953,0.0055085206,0.088696264,0.9057953
30664,,5,"I really like this application. This is an exciting challenge in learning English, especially learning to speak correctly. For now the application is problematic after I pay subscription. I have sent an email to Elsa. Hopefully this can be completed well.","i really like this application. this be an exciting challenge in learn english, especially learn to speak correctly. for now the application be problematic after i pay subscription. i have send an email to elsa. hopefully this can be complete well.",en,0.9216097593307496,"I really like this application. This is an exciting challenge in learning English, especially learning to speak correctly. For now the application is problematic after I pay subscription. I have sent an email to Elsa. Hopefully this can be completed well.",positive,positive,0.7778,positive,0.9701976,0.004251547,0.025550863,0.9701976
30665,,5,"Great ... I like it, I learned, I am glad I, the more a lot of pronunciation I am wrong and the origin of the sound .... thank you, hopefully the features will be more challenging the free 👍","great. i like it, i learned, i be glad i, the more a lot of pronunciation i be wrong and the origin of the sound. thank you, hopefully the feature will be more challenge the free 👍",en,0.8937926292419434,"Great ... I like it, I learned, I am glad I, the more a lot of pronunciation I am wrong and the origin of the sound .... thank you, hopefully the features will be more challenging the free 👍",positive,positive,0.9419,positive,0.9426137,0.013389373,0.043996867,0.9426137
30666,,5,Like this can help me to be active in learning English because this application has prepared a word to be spoken and also when the wrong pronunciation will be re -explained,like this can help me to be active in learn english because this application have prepare a word to be speak and also when the wrong pronunciation will be re -explained,en,0.9502651691436768,Like this can help me to be active in learning English because this application has prepared a word to be spoken and also when the wrong pronunciation will be re -explained,positive,positive,0.5859,neutral,0.38086873,0.031935334,0.38086873,0.58719593
30667,,2,"I don't like the pronunciation of intonation, even though the sound has been emphasized or degraded but it is still wrong. Please fix it again","i do not like the pronunciation of intonation, even though the sound have be emphasize or degrade but it be still wrong. please fix it again",en,0.90555602312088,"I don't like the pronunciation of intonation, even though the sound has been emphasized or degraded but it is still wrong. Please fix it again",negative,negative,-0.5726,negative,0.9205009,0.9205009,0.073960036,0.005539011
30668,,5,"cool application. Suitable for learning pronunciation better. Unfortunately, it is still paid even though in the AI ​​era is free.","cool application. suitable for learn pronunciation better. unfortunately, it be still pay even though in the ai era be free.",en,0.9283940196037292,"cool application. Suitable for learning pronunciation better. Unfortunately, it is still paid even though in the AI ​​era is free.",positive,positive,0.6908,positive,0.8245008,0.015872126,0.15962708,0.8245008
30669,,5,Very very good to learn English. So it's more confident to talk. The free one is good especially paid the benefits are not maen !!!!,very very good to learn english. so it be more confident to talk. the free one be good especially pay the benefit be not maen!,en,0.923288643360138,Very very good to learn English. So it's more confident to talk. The free one is good especially paid the benefits are not maennn !!!!,positive,positive,0.9485,positive,0.96912974,0.0041313027,0.02673894,0.96912974
30670,,2,"It can't be understood by the language, because I am still learning English, but why the application has all English settings, I have difficulty understanding, it must be gimannya 🙄, yes please make it easy again, the language settings are not Indonesian","it cannot be understand by the language, because i be still learn english, but why the application have all english settings, i have difficulty understanding, it must be gimannya 🙄, yes please make it easy again, the language setting be not indonesian",en,0.917919933795929,"It can't be understood by the language, because I am still learning English, but why the application has all English settings, I have difficulty understanding, it must be gimannya🙄, yes please make it easy again, the language settings are not Indonesian",negative,positive,0.8047,negative,0.85289145,0.85289145,0.13341242,0.01369608
30671,,5,Waww .. really cool ... just I really like this application ... really suitable for those who want to train the skill speaking through various types of conversation.,waww. really cool. just i really like this application. really suitable for those who want to train the skill speak through various type of conversation.,en,0.983992636203766,Waaaww .. really cool ... just I really like this application ... really suitable for those who want to train the skill speaking through various types of conversation.,positive,positive,0.6894,positive,0.9834167,0.0026691596,0.0139141735,0.9834167
30672,,5,"This is really good application, for those who want to learn to talk in English, no need to be embarrassed ... because they are taught and if you talk wrongly, like it, like it","this be really good application, for those who want to learn to talk in english, no need to be embarrassed. because they be taught and if you talk wrongly, like it, like it",en,0.9859979152679444,"This is really good application, for those who want to learn to talk in English, no need to be embarrassed ... because they are taught and if you talk wrongly, like it, like it",positive,positive,0.5849,positive,0.80334574,0.032957185,0.163697,0.80334574
30673,,1,Really bad .. the loading is long time old,really bad. the loading be long time old,en,0.8604243397712708,Really bad .. the loading is long time old,negative,negative,-0.5849,negative,0.9185941,0.9185941,0.07258143,0.008824451
30674,,5,"A very good and cool application I like it and appreciate this application because it really helps me in learning and also brings me to learn in an interesting way that is unique and cool I like this application, thank you to the team and all the developers hopefully will be more successful and hopefully it will be better and better and cool again (I download it from Instagram for getting advertisements and then I downloaded and it turns out this application is very good 👍","a very good and cool application i like it and appreciate this application because it really help me in learn and also bring me to learn in an interesting way that be unique and cool i like this application, thank you to the team and all the developer hopefully will be more successful and hopefully it will be good and good and cool again i download it from instagram for get advertisement and then i download and it turn out this application be very good 👍",en,0.9518640637397766,"A very good and cool application I like it and appreciate this application because it really helps me in learning and also brings me to learn in an interesting way that is unique and cool I like this application, thank you to the team and all the developers hopefully will be more successful and hopefully it will be better and better and cool again (I download it from Instagram for getting advertisements and then I downloaded and it turns out this application is very good 👍",positive,positive,0.9917,positive,0.9831297,0.003599376,0.013270934,0.9831297
30675,,5,"Thank you very much for Elsa Speak. Because I use this APK so I am smooth B. England. But APK uses a quota. At that time I didn't have a quota, ehh, I can't open the APK. But thank God I was smooth B. England. Thank you Elsa Speak 😘 😘 😘","thank you very much for elsa speak. because i use this apk so i be smooth b. england. but apk use a quota. at that time i do not have a quota, ehh, i cannot open the apk. but thank god i be smooth b. england. thank you elsa speak 😘 😘 😘",en,0.8419120907783508,"Thank you very much for Elsa Speak. Because I use this APK so I am smooth B. England. But APK uses a quota. At that time I didn't have a quota, ehh, I can't open the APK. But thank God I was smooth B. England. Thank you Elsa Speak😘😘😘",positive,positive,0.872,positive,0.8312687,0.03773999,0.13099124,0.8312687
30676,,5,"I really like this application. This is very helpful to improve my personal English, I am happy to be able to learn from this application, thanks, hopefully the features will be better for the future 😊 👍🏻","i really like this application. this be very helpful to improve my personal english, i be happy to be able to learn from this application, thanks, hopefully the feature will be good for the future 😊 👍",en,0.9295756816864014,"I really like this application. This is very helpful to improve my personal English, I am happy to be able to learn from this application, thanks, hopefully the features will be better for the future 😊👍🏻",positive,positive,0.965,positive,0.9876909,0.002926304,0.009382785,0.9876909
30677,,4,"I give 4 first because it's a bit slow, even though the app is very good and very helpful but unfortunately slow and some of the features can't be used are very disappointing, please fix it again kk","i give 4 first because it be a bit slow, even though the app be very good and very helpful but unfortunately slow and some of the feature cannot be use be very disappointing, please fix it again kk",en,0.9674403071403505,"I give 4 first because it's a bit slow, even though the app is very good and very helpful but unfortunately slow and some of the features can't be used are very disappointing, please fix it again kk",neutral,neutral,0.1344,negative,0.88135433,0.88135433,0.099106014,0.019539697
30678,,4,"Happy to study with Elsa, but he said, add 5 friends to get 1 month Pro not right, the friend I invite has downloaded and login but only 1 that reads in the application, so it is a friend of the friend to invite his friend can be free pro 1 month not right so 4 stars 4 sj.","happy to study with elsa, but he said, add 5 friend to get 1 month pro not right, the friend i invite have download and login but only 1 that read in the application, so it be a friend of the friend to invite his friend can be free pro 1 month not right so 4 star 4 sj.",en,0.9164090752601624,"Happy to study with Elsa, but he said, add 5 friends to get 1 month Pro not right, the friend I invite has downloaded n login but only 1 that reads in the application, so it is a friend of the friend to invite his friend can be free pro 1 month not right so 4 stars 4 sj.",neutral,positive,0.9862,neutral,0.57334244,0.34966275,0.57334244,0.07699481
30679,,5,"Extraordinary applications, helping us speak English correctly, if there is additional help from daily vocabulary, even more stable sis.","extraordinary applications, help u speak english correctly, if there be additional help from daily vocabulary, even more stable sis.",en,0.8640112280845642,"Extraordinary applications, helping us speak English correctly, if there is additional help from daily vocabulary, even more stable sis.",positive,positive,0.7841,positive,0.87711835,0.006989263,0.11589237,0.87711835
30680,,5,"This application is really cool! Really can practice the way of pronunciation, and the features are also completely like the video discussion that is easy to understand. Best App!","this application be really cool! really can practice the way of pronunciation, and the feature be also completely like the video discussion that be easy to understand. best app!",en,0.9578002095222472,"This application is really cool! Really can practice the way of pronunciation, and the features are also completely like the video discussion that is easy to understand. Best App!",positive,positive,0.9197,positive,0.98598087,0.00302272,0.0109964525,0.98598087
30681,,5,"Good for those of us who are just learning English, I think we can add other ""sophisticated features like being able to translate the word"" that we say too 🙂","good for those of u who be just learn english, i think we can add other ""sophisticated feature like be able to translate the word"" that we say too 🙂",en,0.9275755286216736,"Good for those of us who are just learning English, I think we can add other ""sophisticated features like being able to translate the word"" that we say too 🙂",positive,positive,0.8402,positive,0.8412124,0.010436464,0.1483511,0.8412124
30682,,5,"The application is interesting, the learning adjusts to the skills we have so it can focus more on the not good parts","the application be interesting, the learning adjust to the skill we have so it can focus more on the not good part",en,0.9287139177322388,"The application is interesting, the learning adjusts to the skills we have so it can focus more on the not good parts",positive,neutral,0.0757,neutral,0.45905805,0.13985184,0.45905805,0.40109015
30683,,5,Applications that really help me like and recommendations for those of you who want to learn English and how to say it with good again. 😍 😍 😍,application that really help me like and recommendation for those of you who want to learn english and how to say it with good again. 😍 😍 😍,en,0.9868560433387756,Applications that really help me like and recommendations for those of you who want to learn English and how to say it with good again. 😍😍😍,positive,positive,0.8384,positive,0.9638576,0.0046494612,0.031492945,0.9638576
30684,,5,It is very helpful for me in learning because the corrected word and explanation of each letter reading is very helpful. that's all my opinion accepted,it be very helpful for me in learn because the correct word and explanation of each letter reading be very helpful. that be all my opinion accept,en,0.9515429735183716,It is very helpful for me in learning because the corrected word and explanation of each letter reading is very helpful. that's all my opinion accepted,positive,positive,0.831,positive,0.917315,0.006552898,0.07613211,0.917315
30685,,5,Good application 😍 To hone English learning skills. Very recommended for those who want to learn English from beginner 😆,good application 😍 to hone english learn skills. very recommended for those who want to learn english from beginner 😆,en,0.9723121523857116,Good application 😍 To hone English learning skills. Very recommended for those who want to learn English from beginner😆,positive,positive,0.6478,positive,0.976654,0.002769542,0.020576442,0.976654
30686,,5,"Hello founder and staff Elsa ... thank you because after I share this in SW, many ask this application ... SW MAH MAH MAH RIP Joking ... but really, in this app's interest. Bismillah, you may have a discount voucher for a list to Pro 🙂 🙏","hello founder and staff elsa. thank you because after i share this in sw, many ask this application. sw mah mah mah rip joking. but really, in this apps interest. bismillah, you may have a discount voucher for a list to pro 🙂 🙏",en,0.9264553189277648,"Hello founder and staff Elsa ... thank you because after I share this in SW, many ask this application ... SW MAH MAH MAH RIP Joking ... but really, in this app's interest. Bismillah, you may have a discount voucher for a list to Pro 🙂🙏",positive,positive,0.7783,positive,0.9332355,0.0051528527,0.061611563,0.9332355
30687,,5,"Very helpful for the experience of speaking, especially people who are less confident when learning English in many people","very helpful for the experience of speaking, especially people who be less confident when learn english in many people",en,0.9733127951622008,"Very helpful for the experience of speaking, especially people who are less confident when learning English in many people",positive,positive,0.7184,neutral,0.42277616,0.040141426,0.42277616,0.5370824
30688,,5,suitable for learning speaking because you immediately get feedback+explanation,suitable for learn speaking because you immediately get feedback+explanation,en,0.9357484579086304,suitable for learning speaking because you immediately get feedback+explanation,positive,neutral,0.0,neutral,0.41119164,0.026483864,0.41119164,0.56232446
30689,,4,"This application overall is very good, and supports AI's progress. But can it reduce payment for learning ??","this application overall be very good, and support ai progress. but can it reduce payment for learning?",en,0.9780861139297484,"This application overall is very good, and supports AI's progress. But can it reduce payment for learning ??",neutral,positive,0.6096,positive,0.9014752,0.007962777,0.09056199,0.9014752
30690,,2,"why for the dictionary only English to Indonesia can not be the opposite z, so it is not useful","why for the dictionary only english to indonesia can not be the opposite z, so it be not useful",en,0.7049027681350708,"why for the dictionary only English to Indonesia can not be the opposite zzzz, so it is not useful",negative,negative,-0.3412,negative,0.7831258,0.7831258,0.20695442,0.009919739
30691,,5,"This APK really helps, for those of you who want to learn English, there is also a roleplay here which I think is fun to play","this apk really helps, for those of you who want to learn english, there be also a roleplay here which i think be fun to play",en,0.9859849214553832,"This APK really helps, for those of you who want to learn English, there is also a roleplay here which I think is fun to play",positive,positive,0.8357,positive,0.9614502,0.002655311,0.035894487,0.9614502
30692,,3,"good, there is a slight deficiency in the speaking section. Because I have read it correctly but instead repeats it again. I increase again, Elsa for the application. The rest I just tried. Thank you Elsa","good, there be a slight deficiency in the speaking section. because i have read it correctly but instead repeat it again. i increase again, elsa for the application. the rest i just tried. thank you elsa",en,0.8989050984382629,"good, there is a slight deficiency in the speaking section. Because I have read it correctly but instead repeats it again. I increase again, Elsa for the application. The rest I just tried. Thank you Elsa",neutral,positive,0.7992,neutral,0.33653972,0.07189526,0.33653972,0.5915651
30693,,5,"Simply recommended to learn English. And indeed there are many paid options, but it doesn't matter. Because knowledge is expensive.","simply recommend to learn english. and indeed there be many pay options, but it do not matter. because knowledge be expensive.",en,0.940438747406006,"Simply recommended to learn English. And indeed there are many paid options, but it doesn't matter. Because knowledge is expensive.",positive,neutral,0.1126,neutral,0.526831,0.2824454,0.526831,0.1907236
30694,,5,"Good application, the appropriate level of difficulty, is very suitable for increasing your English pronunciation, recommendations","good application, the appropriate level of difficulty, be very suitable for increase your english pronunciation, recommendation",en,0.9079225063323976,"Good application, the appropriate level of difficulty, is very suitable for increasing your English pronunciation, recommendations",positive,positive,0.4703,positive,0.9000832,0.008190303,0.09172652,0.9000832
30695,,1,"It's better not to make a lot of bugs and ugly applications like this, the network is okay but it can't be opened a lot of bugs and loading it takes a long time if I can put it in 😡 😤","it be well not to make a lot of bug and ugly application like this, the network be okay but it cannot be open a lot of bug and load it take a long time if i can put it in 😡 😤",en,0.9284635186195374,"It's better not to make a lot of bugs and ugly applications like this, the network is okay but it can't be opened a lot of bugs and loading it takes a long time if I can put it in 😡😤",negative,neutral,0.1531,negative,0.9241187,0.9241187,0.067031205,0.008850058
30696,,5,"really cool 🤩 😍 😍 😍 This is the first time to use it, it feels like millions of rupiahs 🥰 🥰 🥰 😋 Hopefully success is always Elsa Speak 😘 😘 😘 This is the first time I learned English a little worth it for beginners 😆 😆 😆 maybe in the future I will upgrade to Pro","really cool 🤩 😍 😍 😍 this be the first time to use it, it feel like million of rupiah 🥰 🥰 🥰 😋 hopefully success be always elsa speak 😘 😘 😘 this be the first time i learn english a little worth it for beginner 😆 😆 😆 maybe in the future i will upgrade to pro",en,0.9355911016464232,"really cool 🤩😍😍😍 This is the first time to use it, it feels like millions of rupiahs 🥰🥰🥰😋 Hopefully success is always Elsa Speak 😘😘😘 This is the first time I learned English a little worth it for beginners 😆😆😆 maybe in the future I will upgrade to Pro",positive,positive,0.9022,positive,0.99055827,0.0021052887,0.007336397,0.99055827
30697,,5,Learn very easily and easily understood,learn very easily and easily understood,en,0.9793381094932556,Learn very easily and easily understood,positive,positive,0.6582,positive,0.72282946,0.0119262375,0.26524428,0.72282946
30698,,5,"I am very grateful to the Elsa Speak application, after I used the Elsa Speak application I got an A+ score from my teacher. I am very grateful to Elsa Speak for helping me how to read English correctly. Jazakumullah 🙏","i be very grateful to the elsa speak application, after i use the elsa speak application i get an a+ score from my teacher. i be very grateful to elsa speak for help me how to read english correctly. jazakumullah 🙏",en,0.9306918382644652,"I am very grateful to the Elsa Speak application, after I used the Elsa Speak application I got an A+ score from my teacher. I am very grateful to Elsa Speak for helping me how to read English correctly. Jazakumullah 🙏",positive,positive,0.8514,positive,0.97919786,0.0029774297,0.017824663,0.97919786
30699,,5,"Good application bangt for learning from pronunciation, hearing, reading is suitable for more lessons to be smooth English","good application bangt for learn from pronunciation, hearing, reading be suitable for more lesson to be smooth english",en,0.8804855942726135,"Good application bangt for learning from pronunciation, hearing, reading is suitable for more lessons to be smooth English",positive,positive,0.4404,positive,0.73956543,0.017243486,0.24319108,0.73956543
30700,,4,The display can be more simple and if it can be reduced other than the main lesson ... such as recommendations and other things,the display can be more simple and if it can be reduce other than the main lesson. such as recommendation and other thing,en,0.8995890617370605,The display can be more simple and if it can be reduced other than the main lesson ... such as recommendations and other things,neutral,neutral,0.0,neutral,0.6300083,0.02366941,0.6300083,0.34632227
30701,,5,"Wow, it's good, the application is sukak 🫶 😆 🫰🏻 🫰🏻 🫰🏻","wow, it be good, the application be sukak 🫶 😆 🫰 🫰 🫰",en,0.5144146084785461,"Wow, it's good, the application is suuukakkkkk 🫶😆🫰🏻🫰🏻🫰🏻",positive,positive,0.7717,positive,0.98343974,0.0030481087,0.013512151,0.98343974
30702,,5,"A very useful application for learning to pronounce English properly and correctly, complete with the video pronunciation ...","a very useful application for learn to pronounce english properly and correctly, complete with the video pronunciation.",en,0.8838149309158325,"A very useful application for learning to pronounce English properly and correctly, complete with the video pronunciation ...",positive,positive,0.4927,positive,0.8724932,0.004406586,0.12310022,0.8724932
30703,,5,"good, can chat so it is suitable for speaking training. There is input to our speaking. thanks a lot","good, can chat so it be suitable for speak training. there be input to our speaking. thanks a lot",en,0.9433828592300416,"good, can chat so it is suitable for speaking training. There is input to our speaking. thanks a lot",positive,positive,0.7003,positive,0.91968715,0.0065041794,0.07380866,0.91968715
30704,,3,"The latest display is worse, return the old look. The feature is difficult to use, can't learn specifically for difthong, th t i etc.","the late display be worse, return the old look. the feature be difficult to use, cannot learn specifically for difthong, th t i etc.",en,0.8759502172470093,"The latest display is worse, return the old look. The feature is difficult to use, can't learn specifically for difthong, th t i etc.",neutral,negative,-0.6808,negative,0.9200733,0.9200733,0.07348245,0.006444339
30705,,5,Help Learn English,help learn english,en,0.8333818316459656,Help Learn English,positive,positive,0.4019,neutral,0.6261487,0.15559646,0.6261487,0.21825486
30706,,5,"The application is good for those who want to be agile in English, anyway, who want to see anyway, this is useful for those who want to be agile in English, please download the word it for you for you students to download it now","the application be good for those who want to be agile in english, anyway, who want to see anyway, this be useful for those who want to be agile in english, please download the word it for you for you student to download it now",en,0.9595754742622375,"The application is good for those who want to be agile in English, anyway, who want to see anyway, this is useful for those who want to be agile in English, please download the word it for you for you students to download it now",positive,positive,0.8402,positive,0.89249766,0.0054176566,0.10208465,0.89249766
30707,,5,Elsa Speak is extraordinary because this APL is very helpful and I am very happy and more enthusiastic to learn to English or Improve My Pronunciation,elsa speak be extraordinary because this apl be very helpful and i be very happy and more enthusiastic to learn to english or improve my pronunciation,en,0.9052444696426392,Elsa Speak is extraordinary because this APL is very helpful and I am very happy and more enthusiastic to learn to English or Improve My Pronunciation,positive,positive,0.9257,positive,0.9830731,0.0036366768,0.013290237,0.9830731
30708,,5,"Great, thank you for the developer. I can try to learn to talk to native speakers. It's great even though it's still not smooth. continued success. Good job","great, thank you for the developer. i can try to learn to talk to native speakers. it be great even though it be still not smooth. continue success. good job",en,0.972261607646942,"Great, thank you for the developer. I can try to learn to talk to native speakers. It's great even though it's still not smooth. continued success. Good job",positive,positive,0.891,positive,0.9735433,0.0056174602,0.020839177,0.9735433
30709,,5,For beginners like me who is very important the practice of speaking English every day and there are no friends to talk about this application is enough to help increase pronunciation.,for beginner like me who be very important the practice of speak english every day and there be no friend to talk about this application be enough to help increase pronunciation.,en,0.9628201127052308,For beginners like me who is very important the practice of speaking English every day and there are no friends to talk about this application is enough to help increase pronunciation.,positive,positive,0.8622,positive,0.6918961,0.024278063,0.28382587,0.6918961
30710,,5,"I just used this application. Very helpful for me in practicing my pronunciation in English, even though I think it is quite affordable. 😍","i just use this application. very helpful for me in practice my pronunciation in english, even though i think it be quite affordable. 😍",en,0.9556057453155518,"I just used this application. Very helpful for me in practicing my pronunciation in English, even though I think it is quite affordable. 😍",positive,positive,0.4754,positive,0.9843391,0.0027086758,0.012952158,0.9843391
30711,,4,Exciting but must be paid not like Duolingo,excite but must be pay not like duolingo,en,0.8687337636947632,Exciting but must be paid not like Duolingo,neutral,negative,-0.2993,neutral,0.4479951,0.15453734,0.4479951,0.39746755
30712,,1,paid and expensive is not suitable for use,pay and expensive be not suitable for use,en,0.9517261981964112,paid and expensive is not suitable for use,negative,neutral,-0.1027,negative,0.75236225,0.75236225,0.22634076,0.021296984
30713,,5,"A very quality application for English beginner students, thank you Elsa more and more enthusiastic to learn her English","a very quality application for english beginner students, thank you elsa more and more enthusiastic to learn her english",en,0.9265440106391908,"A very quality application for English beginner students, thank you Elsa more and more enthusiastic to learn her English",positive,positive,0.7397,positive,0.9840708,0.002585529,0.013343711,0.9840708
30714,,5,Help in learning,help in learn,en,0.9737550616264344,Help in learning,positive,positive,0.4019,neutral,0.74845314,0.059790153,0.74845314,0.19175671
30715,,5,"The app is really cool, we can learn English in an easier and more fun way. Recommended bgt!","the app be really cool, we can learn english in an easy and more fun way. recommend bgt!",en,0.9457639455795288,"The app is really cool, we can learn English in an easier and more fun way. Recommended bgt!",positive,positive,0.903,positive,0.9846287,0.002135137,0.013236245,0.9846287
30716,,4,"I've bought a pro package that a year why the account is still free huh? my balance is cut when I want to try to pay again but still error, please help","i have buy a pro package that a year why the account be still free huh? my balance be cut when i want to try to pay again but still error, please help",en,0.950979709625244,"I've bought a pro package that a year why the account is still free huh? my balance is cut when I want to try to pay again but still error, please help",neutral,positive,0.5423,negative,0.8368157,0.8368157,0.15247568,0.0107086655
30717,,5,good but the peremium is expensive,good but the peremium be expensive,en,0.8922245502471924,good but the peremium is expensive,positive,neutral,0.2382,negative,0.48268846,0.48268846,0.3890039,0.12830763
30718,,5,Like the learning,like the learning,en,0.9529274702072144,Like the learning,positive,positive,0.3612,neutral,0.48724818,0.023282174,0.48724818,0.48946965
30719,,1,Everything must use the VIP,everything must use the vip,en,0.8310779333114624,Everything must use the VIP,negative,positive,0.5106,neutral,0.8700337,0.05076509,0.8700337,0.079201214
30720,,5,"Really cool, like and very useful","really cool, like and very useful",en,0.9962132573127748,"Really cool, like and very useful",positive,positive,0.8208,positive,0.98098296,0.0054016155,0.01361545,0.98098296
30721,,5,"A very good application for learning English, not only provides an explanation but also provides direction to correct each mistake to correct","a very good application for learn english, not only provide an explanation but also provide direction to correct each mistake to correct",en,0.9428337812423706,"A very good application for learning English, not only provides an explanation but also provides direction to correct each mistake to correct",positive,negative,-0.2508,positive,0.76669824,0.024499806,0.20880195,0.76669824
30722,,3,"I am a member of Elsa. The latest update application is not good in my opinion. In Real-Life Communication the percentage and color writing is lost. Pdhl bagusan before. So we know which parts are not the same as the accent. Return like the original admin, please","i be a member of elsa. the late update application be not good in my opinion. in real-life communication the percentage and color writing be lost. pdhl bagusan before. so we know which part be not the same as the accent. return like the original admin, please",en,0.8963097333908081,"I am a member of Elsa. The latest update application is not good in my opinion. In Real-Life Communication the percentage and color writing is lost. Pdhl bagusan before. So we know which parts are not the same as the accent. Return like the original admin, pleaseeeee",neutral,positive,0.3387,negative,0.8750344,0.8750344,0.11785387,0.0071118004
30723,,5,"Gg, I've never felt this exciting learning English","gg, i have never felt this excite learning english",en,0.957831621170044,"Gg, I've never felt this exciting learning English",positive,positive,0.7027,positive,0.88434404,0.026500242,0.08915573,0.88434404
30724,,4,"Already using the Indonesian menu, but for the advice of pronunciation using English ... so you can't immediately understand.","already use the indonesian menu, but for the advice of pronunciation use english. so you cannot immediately understand.",en,0.8906209468841553,"Already using the Indonesian menu, but for the advice of pronunciation using English ... so you can't immediately understand.",neutral,neutral,0.0,negative,0.48692337,0.48692337,0.49020755,0.02286913
30725,,2,"When learning listening, the sound of the tutor's words did not appear.","when learn listening, the sound of the tutor word do not appear.",en,0.7419102191925049,"When learning listening, the sound of the tutor's words did not appear.",negative,neutral,0.0,neutral,0.75348663,0.18338828,0.75348663,0.063125044
30726,,5,good unfortunately the premium costs are really mehong,good unfortunately the premium cost be really mehong,en,0.9227228164672852,good unfortunately the premium costs are really mehong,positive,neutral,0.128,negative,0.77889305,0.77889305,0.18510732,0.035999626
30727,,4,"good but have to pay, expensive too.","good but have to pay, expensive too.",en,0.9969160556793212,"good but have to pay, expensive too.",neutral,neutral,0.09,negative,0.8566999,0.8566999,0.12668009,0.016620036
30728,,2,"the application is good, the minus is budek, how come he is","the application be good, the minus be budek, how come he be",en,0.6971573829650879,"the application is good, the minus is budek, how come he is",negative,positive,0.4404,neutral,0.48359913,0.22098102,0.48359913,0.2954199
30729,,5,very good for the beginner,very good for the beginner,en,0.9732903838157654,very good for the beginner,positive,positive,0.4927,positive,0.9549889,0.004238004,0.04077311,0.9549889
30730,,5,"The application is very helpful for me in deepening English ,, easy to understand and the time is flexible.","the application be very helpful for me in deepen english, easy to understand and the time be flexible.",en,0.90657240152359,"The application is very helpful for me in deepening English ,, easy to understand and the time is flexible.",positive,positive,0.7841,positive,0.9298046,0.0048984736,0.065296926,0.9298046
30731,,5,Cool and very helpful. SEMOG the trial period is extended :),cool and very helpful. semog the trial period be extend,en,0.9351395964622498,Cool and very helpful. SEMOG the trial period is extended :),positive,positive,0.7264,positive,0.9563942,0.007840656,0.03576511,0.9563942
30732,,5,"Very Recommend Apps, because we can learn and there is feedback to see our learning progress ^^","very recommend apps, because we can learn and there be feedback to see our learn progress",en,0.952314794063568,"Very Recommend Apps, because we can learn and there is feedback to see our learning progress ^^",positive,positive,0.6801,positive,0.92781824,0.0054253126,0.06675639,0.92781824
30733,,5,really good i like,really good i like,en,0.9917415976524352,really good i like,positive,positive,0.7159,positive,0.97458637,0.0050626835,0.02035097,0.97458637
30734,,5,"good, but paid ... pretty expensive","good, but paid. pretty expensive",en,0.9813056588172911,"good, but paid ... pretty expensive",positive,positive,0.7391,negative,0.69847685,0.69847685,0.23788673,0.06363641
30735,,1,already paid expensive 800 thousand more ... it turns out the application is stupid. less responsive in communication invited ... slow answer the conversation ..,already pay expensive 800 thousand more. it turn out the application be stupid. less responsive in communication invited. slow answer the conversation.,en,0.9237352013587952,already paid expensive 800 thousand more ... it turns out the application is stupid. less responsive in communication invited ... slow answer the conversation ..,negative,negative,-0.3804,negative,0.9322372,0.9322372,0.061422817,0.00633995
30736,,1,"why cut my balance at Gopay as much as 1,100,000 more without my knowledge before just cut my balance even though I never package anything","why cut my balance at gopay as much as 1, 100, 000 more without my knowledge before just cut my balance even though i never package anything",en,0.9768362641334534,"why cut my balance at Gopay as much as 1,100,000 more without my knowledge before just cut my balance even though I never package anything",negative,negative,-0.4939,negative,0.88657856,0.88657856,0.10702588,0.006395476
30737,,5,This application is very cool. Very petrified learning the correct pronunciation. The AI ​​is very sophisticated can detect very accurately our pronunciation errors. Cool 👍🏻,this application be very cool. very petrified learn the correct pronunciation. the ai be very sophisticated can detect very accurately our pronunciation errors. cool 👍,en,0.9403352737426758,This application is very cool. Very petrified learning the correct pronunciation. The AI ​​is very sophisticated can detect very accurately our pronunciation errors. Cool 👍🏻,positive,positive,0.3864,positive,0.91879755,0.015118145,0.066084296,0.91879755
30738,,5,"Happy to know there are applications that guide details on how to read and use English, it's cool","happy to know there be application that guide detail on how to read and use english, it be cool",en,0.8943856358528137,"Happy to know there are applications that guide details on how to read and use English, it's cool",positive,positive,0.7184,positive,0.9464843,0.0045812023,0.04893455,0.9464843
30739,,5,very helpful for me who learned self -taught Speaking English but doubtful / not in pronunciation,very helpful for me who learn self -taught speak english but doubtful / not in pronunciation,en,0.9520288705825806,very helpful for me who learned self -taught Speaking English but doubtful / not in pronunciation,positive,negative,-0.2625,positive,0.8274565,0.0125548,0.1599887,0.8274565
30740,,5,"Very good. Please improve the audio voice when recording, so that the subscription does not lose. Thanks","very good. please improve the audio voice when recording, so that the subscription do not lose. thanks",en,0.9021241664886476,"Very good. Please improve the audio voice when recording, so that the subscription does not lose. Thanks",positive,positive,0.8311,positive,0.93681407,0.0067550293,0.056430895,0.93681407
30741,,3,"The application is really good, where are there so many lessons, but the advice is the trial period, don't get 7 days, but if you can get more, hhee","the application be really good, where be there so many lessons, but the advice be the trial period, do not get 7 days, but if you can get more, hhee",en,0.9178433418273926,"The application is really good, where are there so many lessons, but the advice is the trial period, don't get 7 days, but if you can get more, hhee",neutral,neutral,0.2724,positive,0.9279292,0.006457615,0.06561321,0.9279292
30742,,5,"The application is really cool, can train us in speaking English and there is also a correction if it's wrong","the application be really cool, can train u in speak english and there be also a correction if it be wrong",en,0.9674450755119324,"The application is really cool, can train us in speaking English and there is also a correction if it's wrong",positive,neutral,-0.1298,positive,0.89910245,0.011054203,0.089843325,0.89910245
30743,,5,"Good application. Can learn, and speak English easily. Really cool 👍🏻 👍🏻 👍🏻","good application. can learn, and speak english easily. really cool 👍 👍 👍",en,0.977792739868164,"Good application. Can learn, and speak English easily. Really cool 👍🏻👍🏻👍🏻",positive,positive,0.7841,positive,0.9836166,0.0029627718,0.013420599,0.9836166
30744,,4,"Hello Elsa I am a junior high school student, honestly my English is not good but thanks to you I am quite able to speak English now. In the past, my English value was 82 now rising to 95 very happy. Soon there will be a percentage event between classes in my school and I take part in the English contest representing my class .. pray for winning yeah 😁 💗","hello elsa i be a junior high school student, honestly my english be not good but thanks to you i be quite able to speak english now. in the past, my english value be 82 now rise to 95 very happy. soon there will be a percentage event between class in my school and i take part in the english contest represent my class. pray for win yeah 😁 💗",en,0.9545497894287108,"Hello Elsa I am a junior high school student, honestly my English is not good but thanks to you I am quite able to speak English now. In the past, my English value was 82 now rising to 95 very happy. Soon there will be a percentage event between classes in my school and I take part in the English contest representing my class .. pray for winning yeah😁💗",neutral,positive,0.9567,positive,0.9430759,0.0064872834,0.050436877,0.9430759
30745,,5,Good. Very interactive. The ai is also not a can. Very detailed correction and fun. I have not been more excited,good. very interactive. the ai be also not a can. very detailed correction and fun. i have not be more excited,en,0.9720969200134276,Good. Very interactive. The ai is also not a can. Very detailed correction and fun. I have not been more excited,positive,positive,0.6056,positive,0.9847093,0.0047533675,0.010537317,0.9847093
30746,,5,"Greatly helped by this application. Which was hard to find a partner to speak in English without shame, with this confidence rose 1000%. Thanks Elsa!","greatly help by this application. which be hard to find a partner to speak in english without shame, with this confidence rise 1000%. thanks elsa!",en,0.9416547417640686,"Greatly helped by this application. Which was hard to find a partner to speak in English without shame, with this confidence rose 1000%. Thanks Elsa!",positive,positive,0.8919,positive,0.96601903,0.007469986,0.026510982,0.96601903
30747,,5,"Very good, for those of you who want to try to learn English, I recommend it, so I am, this is doubtful !! 😍 😍 But unfortunately there is a paid fashion huh, it's good","very good, for those of you who want to try to learn english, i recommend it, so i am, this be doubtful! 😍 😍 but unfortunately there be a paid fashion huh, it be good",en,0.9698202610015868,"Very good, for those of you who want to try to learn English, I recommend it, so I am, this is doubtful !! 😍😍 But unfortunately there is a paid fashion huh, it's good",positive,positive,0.5828,positive,0.9740767,0.0062602265,0.019663097,0.9740767
30748,,5,Elsa Speak is very good for learning how to speak in English I really like it because I can vidiocall directly with the teacher and when you learn it's not bored because the teacher is cool,elsa speak be very good for learn how to speak in english i really like it because i can vidiocall directly with the teacher and when you learn it be not bore because the teacher be cool,en,0.9615822434425354,Elsa Speak is very good for learning how to speak in English I really like it because I can vidiocall directly with the teacher and when you learn it's not bored because the teacher is cool,positive,positive,0.8412,positive,0.96945626,0.0047138226,0.02582991,0.96945626
30749,,5,I am very happy to meet this application ... Details are very correction of our mistakes ... thanks 1% YouTube channel ... haha ​​even this application is more friendly than tutors tutoring,i be very happy to meet this application. detail be very correction of our mistakes. thanks 1% youtube channel. haha even this application be more friendly than tutor tutor,en,0.9044217467308044,I am very happy to meet this application ... Details are very correction of our mistakes ... thanks 1% YouTube channel ... haha ​​even this application is more friendly than tutors tutoring,positive,positive,0.8976,positive,0.97462374,0.0055899625,0.019786332,0.97462374
30750,,5,Very good and very helpful application to learn English even though there are no interlocutors,very good and very helpful application to learn english even though there be no interlocutor,en,0.954232096672058,Very good and very helpful application to learn English even though there are no interlocutors,positive,positive,0.6232,positive,0.92971444,0.0078283725,0.06245715,0.92971444
30751,,5,"The application is really good for people like me who are just learning English, I can know how smart I am in the mention of English. Thank you Elsa Speak.","the application be really good for people like me who be just learn english, i can know how smart i be in the mention of english. thank you elsa speak.",en,0.9250381588935852,"The application is really good for people like me who are just learning English, I can know how smart I am in the mention of English. Thank you Elsa Speak.",positive,positive,0.8718,positive,0.9700697,0.0039295563,0.026000785,0.9700697
30752,,5,"Very good for beginners, like me and it should be clearer information for free code and at least how to subscribe to the next","very good for beginners, like me and it should be clear information for free code and at least how to subscribe to the next",en,0.9493864178657532,"Very good for beginners, like me and it should be clearer information for free code and at least how to subscribe to the next",positive,positive,0.8908,positive,0.9203463,0.0058990866,0.07375456,0.9203463
30753,,5,"Thank you Elsa Speak Applicationx is very good and very easy, and really helps me in learning English","thank you elsa speak applicationx be very good and very easy, and really help me in learn english",en,0.9731621742248536,"Thank you Elsa Speak Applicationx is very good and very easy, and really helps me in learning English",positive,positive,0.8974,positive,0.97277945,0.004814317,0.022406222,0.97277945
30754,,4,Elsa Speak is very helpful in improving English skills so it is good to be used as a means of education,elsa speak be very helpful in improve english skill so it be good to be use as a mean of education,en,0.957064151763916,Elsa Speak is very helpful in improving English skills so it is good to be used as a means of education,neutral,positive,0.8563,positive,0.8855343,0.008280168,0.10618558,0.8855343
30755,,5,"This application is very good for our vocabulary, just you have to try Dee, you can't mean that you don't want to learn and try ... so you have to try it ... ...","this application be very good for our vocabulary, just you have to try dee, you cannot mean that you do not want to learn and try. so you have to try it. .",en,0.9913479089736938,"This application is very good for our vocabulary, just you have to try Dee, you can't mean that you don't want to learn and try ... so you have to try it ... ...",positive,positive,0.4536,positive,0.86813444,0.01441586,0.117449716,0.86813444
30756,,4,"Pretty good, just added a little related to the assessment of the mention, even though the mention was wrong to be considered excellent. Overall it's good","pretty good, just add a little related to the assessment of the mention, even though the mention be wrong to be consider excellent. overall it be good",en,0.941763699054718,"Pretty good, just added a little related to the assessment of the mention, even though the mention was wrong to be considered excellent. Overall it's good",neutral,positive,0.8625,positive,0.89981866,0.015972527,0.08420882,0.89981866
30757,,5,"Seriously this is a really good application! Really help how to pronounce the pronunciation until it's true, so speechless really cool","seriously this be a really good application! really help how to pronounce the pronunciation until it be true, so speechless really cool",en,0.940150022506714,"Seriously this is a really good application! Really help how to pronounce the pronunciation until it's true, so speechless really cool",positive,positive,0.8869,positive,0.98013294,0.005818043,0.01404901,0.98013294
30758,,5,"Very good, the learning is detailed & very easy to understand, I really like it. Thank you, Elsa! ❤","very good, the learning be detailed & very easy to understand, i really like it. thank you, elsa! ❤",en,0.9699323177337646,"Very good, the learning is detailed & very easy to understand, I really like it. Thank you, Elsa! ❤",positive,positive,0.9049,positive,0.98728704,0.0037392206,0.008973736,0.98728704
30759,,5,I really like this application. Very good for you if you want to practice talking like a netitive speaker.,i really like this application. very good for you if you want to practice talk like a netitive speaker.,en,0.9811304211616516,I really like this application. Very good for you if you want to practice talking like a netitive speaker.,positive,positive,0.8434,positive,0.9804121,0.0028418025,0.01674611,0.9804121
30760,,5,The application is very frustrating for those of us who want to speak fluently in English and fluent when speaking English,the application be very frustrating for those of u who want to speak fluently in english and fluent when speak english,en,0.982270896434784,The application is very frustrating for those of us who want to speak fluently in English and fluent when speaking English,positive,negative,-0.4391,negative,0.5642066,0.5642066,0.39951095,0.03628239
30761,,5,"very helpful for me who is learning the learning stage in English, hopefully after I use the Elsa Speak this can be smooth in reading English","very helpful for me who be learn the learning stage in english, hopefully after i use the elsa speak this can be smooth in read english",en,0.9486590027809144,"very helpful for me who is learning the learning stage in English, hopefully after I use the Elsa Speak this can be smooth in reading English",positive,positive,0.6997,positive,0.9323666,0.0039681965,0.063665114,0.9323666
30762,,5,"One alternative to finding easy ways to learn word pronunciation in English for beginners ... I use it to facilitate my language and children ""..","one alternative to find easy way to learn word pronunciation in english for beginners. i use it to facilitate my language and child "".",en,0.8474867939949036,"One alternative to finding easy ways to learn word pronunciation in English for beginners ... I use it to facilitate my language and children ""..",positive,positive,0.4404,neutral,0.64862055,0.022504095,0.64862055,0.32887536
30763,,5,Very helpful in improving the ability to speak English in terms of speaking. Thank you developers,very helpful in improve the ability to speak english in term of speaking. thank you developer,en,0.9797792434692384,Very helpful in improving the ability to speak English in terms of speaking. Thank you developers,positive,positive,0.8766,positive,0.9510189,0.0045671095,0.044413984,0.9510189
30764,,5,"very helpful to learn, but for the free version of learning quota whether it can be increased again","very helpful to learn, but for the free version of learn quota whether it can be increase again",en,0.9152811765670776,"very helpful to learn, but for the free version of learning quota whether it can be increased again",positive,positive,0.8572,positive,0.75887406,0.009373958,0.23175202,0.75887406
30765,,4,Very recommended because the application can correct the way you speak English which is presented in the form of several words,very recommended because the application can correct the way you speak english which be present in the form of several word,en,0.9796416759490968,Very recommended because the application can correct the way you speak English which is presented in the form of several words,neutral,neutral,0.2716,positive,0.70942414,0.019412942,0.2711629,0.70942414
30766,,5,Application of recommendation for those who want to deepen English and improve pronunciation,application of recommendation for those who want to deepen english and improve pronunciation,en,0.9304580688476562,Application of recommendation for those who want to deepen English and improve pronunciation,positive,positive,0.4939,neutral,0.6746722,0.022674832,0.6746722,0.302653
30767,,4,"Love 4 stars first, why does the English language can't be translated into Indonesian, so I don't know the meaning of the English.","love 4 star first, why do the english language cannot be translate into indonesian, so i do not know the meaning of the english.",en,0.7873386740684509,"Love 4 stars first, why does the English language can't be translated into Indonesian, so I don't know the meaning of the English.",neutral,positive,0.6369,negative,0.6889065,0.6889065,0.263604,0.047489554
30768,,5,The best application for those who want to improve the ability to speak English properly and correctly. 😊,the best application for those who want to improve the ability to speak english properly and correctly. 😊,en,0.953994631767273,The best application for those who want to improve the ability to speak English properly and correctly. 😊,positive,positive,0.8658,positive,0.91793555,0.0038809627,0.0781835,0.91793555
30769,,5,really cool is very helpful but also easy ... different from other English applications,really cool be very helpful but also easy. different from other english application,en,0.9812850952148438,really cool is very helpful but also easy ... different from other English applications,positive,positive,0.7713,positive,0.97844464,0.004665879,0.01688948,0.97844464
30770,,5,In accordance with my expectations I can speak English. And this application proves everyone can speak English and teach us good language speech,in accordance with my expectation i can speak english. and this application prove everyone can speak english and teach u good language speech,en,0.9601927399635316,In accordance with my expectations I can speak English. And this application proves everyone can speak English and teach us good language speech,positive,positive,0.4404,positive,0.88142353,0.005155406,0.1134211,0.88142353
30771,,3,"The application is good when trying it is good, but the next day I want to try it again, it can't be loading for a long time even though the net is good ""just please fix it.","the application be good when try it be good, but the next day i want to try it again, it cannot be load for a long time even though the net be good ""just please fix it.",en,0.928020477294922,"The application is good when trying it is good, but the next day I want to try it again, it can't be loading for a long time even though the net is good ""just please fix it.",neutral,positive,0.8793,negative,0.77878046,0.77878046,0.1758728,0.04534674
30772,,1,At that time I did not buy due to lack of credit balance. It is unfortunate when I top up the credit is sucked automatically without any notice. Please return my money sir/ma'am,at that time i do not buy due to lack of credit balance. it be unfortunate when i top up the credit be suck automatically without any notice. please return my money sir/maam,en,0.8713597059249878,At that time I did not buy due to lack of credit balance. It is unfortunate when I top up the credit is sucked automatically without any notice. Please return my money sir/ma'am,negative,negative,-0.4874,negative,0.8413631,0.8413631,0.14971271,0.008924273
30773,,5,good application ... yeah what if you want better to be paid. But for the beginning. really good ... recommended ...,good application. yeah what if you want good to be paid. but for the beginning. really good. recommended.,en,0.9724931120872498,good application ... yeah what if you want better to be paid. But for the beginning. really good ... recommended ...,positive,positive,0.8784,positive,0.9740148,0.005886075,0.020099102,0.9740148
30774,,5,Very good applications for improving English language skills both just learning and those who are already proficient,very good application for improve english language skill both just learning and those who be already proficient,en,0.9297065138816832,Very good applications for improving English language skills both just learning and those who are already proficient,positive,positive,0.7264,positive,0.9304675,0.005214369,0.06431817,0.9304675
30775,,5,"This is quite good, and helps us to be easy to pronounce English. Thank you the application is good","this be quite good, and help u to be easy to pronounce english. thank you the application be good",en,0.9062227010726928,"This is quite good, and helps us to be easy to pronounce English. Thank you the application is good",positive,positive,0.9294,positive,0.9746708,0.004431934,0.02089723,0.9746708
30776,,5,"So far the application is really good, different from the others. I really hope to use Elsa Pro for the next. Good job 👍","so far the application be really good, different from the others. i really hope to use elsa pro for the next. good job 👍",en,0.9268746972084044,"So far the application is really good, different from the others. I really hope to use Elsa Pro for the next. Good job 👍",positive,positive,0.8618,positive,0.9864668,0.0039452575,0.009587872,0.9864668
30777,,5,Just try to have money to really want to upgrade :( it's been a long time to speak English once you found a suitable apk eh paid,just try to have money to really want to upgrade it be be a long time to speak english once you find a suitable apk eh pay,en,0.9824675917625428,Just try to have money to really want to upgrade :( it's been a long time to speak English once you found a suitable apk eh paid,positive,neutral,0.0498,neutral,0.65646356,0.1629871,0.65646356,0.18054934
30778,,5,applications that are easy to use and very helpful to learn English with true,application that be easy to use and very helpful to learn english with true,en,0.9607743620872498,applications that are easy to use and very helpful to learn English with true,positive,positive,0.8313,positive,0.92700785,0.0045296685,0.06846245,0.92700785
30779,,5,"This application can be made for those of you who have difficulty speaking English because the dissemination is complete, how to talk to the correct English","this application can be make for those of you who have difficulty speak english because the dissemination be complete, how to talk to the correct english",en,0.9677930474281312,"This application can be made for those of you who have difficulty speaking English because the dissemination is complete, how to talk to the correct English",positive,negative,-0.34,neutral,0.74761593,0.115407385,0.74761593,0.1369767
30780,,1,"There is no translation and have to pay the new Dulua Biss learning. Duolingo is the best, no one can beat, Else learned from duolingo there, how to make customers","there be no translation and have to pay the new dulua biss learning. duolingo be the best, no one can beat, else learn from duolingo there, how to make customer",en,0.8823167681694031,"There is no translation and have to pay the new Dulua Biss learning. Duolingo is the best, no one can beat, Else learned from duolingo there, how to make customers",negative,neutral,0.1027,positive,0.6660437,0.09161776,0.24233855,0.6660437
30781,,5,"Very good ,, for beginners want to say sentences in the correct English. This is the solution ,, download this application right now ..","very good, for beginner want to say sentence in the correct english. this be the solution, download this application right now.",en,0.9501886367797852,"Very good ,, for beginners want to say sentences in the correct English. This is the solution ,, download this application right now ..",positive,positive,0.7264,positive,0.9558277,0.0057471152,0.038425107,0.9558277
30782,,1,"The admin response is very bad, in chat many times there is no response, I want to consult a pro or premium package ,, not so it is.","the admin response be very bad, in chat many time there be no response, i want to consult a pro or premium package, not so it is.",en,0.8703060746192932,"The admin response is very bad, in chat many times there is no response, I want to consult a pro or premium package ,, not so it is.",negative,negative,-0.6901,negative,0.932305,0.932305,0.06137477,0.006320262
30783,,2,"What's wrong with Elsa now!? told to enter a Google account, he said this account is connected to Facebook, but after entering Facebook he said this account was never registered (?) What do you want 😭","what be wrong with elsa now! ? tell to enter a google account, he say this account be connect to facebook, but after enter facebook he say this account be never register ? what do you want 😭",en,0.8791043758392334,"What's wrong with Elsa now!? told to enter a Google account, he said this account is connected to Facebook, but after entering Facebook he said this account was never registered (?) What do you want 😭",negative,negative,-0.3076,negative,0.8441241,0.8441241,0.14906095,0.00681504
30784,,4,The application is very good for English training and hopefully in the future it can be better and good luck always,the application be very good for english training and hopefully in the future it can be good and good luck always,en,0.9601854681968688,The application is very good for English training and hopefully in the future it can be better and good luck always,neutral,positive,0.9358,positive,0.97829276,0.0034926003,0.018214654,0.97829276
30785,,5,This application is very useful and real in pronunciation training in English,this application be very useful and real in pronunciation training in english,en,0.9332276582717896,This application is very useful and real in pronunciation training in English,positive,positive,0.4927,positive,0.90811944,0.004178901,0.08770162,0.90811944
30786,,5,"It's enough to help for a week, and even then if you provide free service, this is not too bad, but please provide a free and not paid service 🙏&N","it be enough to help for a week, and even then if you provide free service, this be not too bad, but please provide a free and not pay service 🙏&n",en,0.9180037379264832,"It's enough to help for a week, and even then if you provide free service, this is not too bad, but please provide a free and not paid service 🙏&N",positive,positive,0.9148,neutral,0.46369356,0.055930868,0.46369356,0.48037556
30787,,4,"Actually this application is really good. But why can't you be opened for 1 week. Loading keep on, please fix it. Thank You","actually this application be really good. but why cannot you be open for 1 week. load keep on, please fix it. thank you",en,0.9742130041122437,"Actually this application is really good. But why can't you be opened for 1 week. Loading keep on, please fix it. Thank You",neutral,positive,0.8072,negative,0.7025618,0.7025618,0.21407418,0.08336407
30788,,5,"I swear it's cool. Help pronunciation learning very well. He also helps in terms of listening too. Anyway, it's really useful ...","i swear it be cool. help pronunciation learn very well. he also help in term of listen too. anyway, it be really useful.",en,0.9873222708702089,"I swear it's cool. Help pronunciation learning very well. He also helps in terms of listening too. Anyway, it's really useful ...",positive,positive,0.9019,positive,0.97427815,0.00398692,0.021734959,0.97427815
30789,,5,"I'm crazy about really great helping to accept speaking, so I have to be solid downloading that I want to pronounce the English pronunciation","i be crazy about really great help to accept speaking, so i have to be solid download that i want to pronounce the english pronunciation",en,0.9468947649002076,"I'm crazy about really great helping to accept speaking, so I have to be solid downloading that I want to pronounce the English pronunciation",positive,positive,0.8581,positive,0.74343604,0.03399182,0.22257216,0.74343604
30790,,5,Exciting and fun English learning applications. I understand and understand what Ai said,excite and fun english learn applications. i understand and understand what ai say,en,0.934966504573822,Exciting and fun English learning applications. I understand and understand what Ai said,positive,positive,0.7506,positive,0.9819371,0.0026825755,0.015380388,0.9819371
30791,,4,"The program is good, but unfortunately paid, if it's free it seems cooler ...","the program be good, but unfortunately paid, if it be free it seem cooler.",en,0.9114372730255128,"The program is good, but unfortunately paid, if it's free it seems cooler ...",neutral,positive,0.5106,neutral,0.47712156,0.3727693,0.47712156,0.15010914
30792,,4,"The application is good, quite helpful. Unfortunately this application is paid so it is not suitable for me the free connoisseurs :)","the application be good, quite helpful. unfortunately this application be pay so it be not suitable for me the free connoisseur",en,0.8465324640274048,"The application is good, quite helpful. Unfortunately this application is paid so it is not suitable for me the free connoisseurs :)",neutral,positive,0.7363,neutral,0.30435872,0.24709497,0.30435872,0.44854635
30793,,5,Applications that are very useful and help in learning English. great anyway,application that be very useful and help in learn english. great anyway,en,0.95771723985672,Applications that are very useful and help in learning English. great anyway,positive,positive,0.8822,positive,0.9667563,0.0033508833,0.02989289,0.9667563
30794,,5,"This application is suitable for those who want to learn language, but if you can VIP, don't be too expensive, this application is in my opinion it's good","this application be suitable for those who want to learn language, but if you can vip, do not be too expensive, this application be in my opinion it be good",en,0.9465389251708984,"This application is suitable for those who want to learn language, but if you can VIP, don't be too expensive, this application is in my opinion it's good",positive,positive,0.8573,positive,0.9123471,0.0066876006,0.08096535,0.9123471
30795,,5,Very good application for learning English vocals and can fill spare time,very good application for learn english vocal and can fill spare time,en,0.9146806001663208,Very good application for learning English vocals and can fill spare time,positive,positive,0.4927,positive,0.94988936,0.0040844064,0.04602617,0.94988936
30796,,5,"The original is very exciting, even though it's simple but very useful for learning Speaking English ... Good and worth it!","the original be very exciting, even though it be simple but very useful for learn speak english. good and worth it!",en,0.9654167890548706,"The original is very exciting, even though it's simple but very useful for learning Speaking English ... Good and worth it!",positive,positive,0.9284,positive,0.98672616,0.002312228,0.010961662,0.98672616
30797,,4,"The application is really kren, I just found out even though it is paid but can learn anywhere and anytime this is really kren","the application be really kren, i just find out even though it be pay but can learn anywhere and anytime this be really kren",en,0.9695834517478944,"The application is really kren, I just found out even though it is paid but can learn anywhere and anytime this is really kren",neutral,neutral,-0.0516,neutral,0.54879737,0.03343985,0.54879737,0.4177628
30798,,5,"Only one day using the benefits, the learning module is simple, easy and clear","only one day use the benefits, the learning module be simple, easy and clear",en,0.7415817379951477,"Only one day using the benefits, the learning module is simple, easy and clear",positive,positive,0.7964,positive,0.7899222,0.013907848,0.19616993,0.7899222
30799,,5,"This application really helped me in practicing speaking in English, and also I was more enthusiastic about learning","this application really help me in practice speaking in english, and also i be more enthusiastic about learn",en,0.9596066474914552,"This application really helped me in practicing speaking in English, and also I was more enthusiastic about learning",positive,positive,0.7569,positive,0.96772665,0.0026600554,0.02961324,0.96772665
30800,,5,"The application is really good, very detailed, which parts are wrong and which one is right, really good","the application be really good, very detailed, which part be wrong and which one be right, really good",en,0.9847763180732728,"The application is really good, very detailed, which parts are wrong and which one is right, really good",positive,positive,0.5083,positive,0.92536056,0.013867989,0.060771514,0.92536056
30801,,5,With the application Elsa we can learn English and make our English greetings smoother.,with the application elsa we can learn english and make our english greeting smoother.,en,0.9082350730895996,With the application Elsa we can learn English and make our English greetings smoother.,positive,positive,0.3818,neutral,0.4570558,0.012390849,0.4570558,0.5305534
30802,,5,The application is very helpful for beginners and who want to learn to speak in English (self -taught),the application be very helpful for beginner and who want to learn to speak in english self -taught,en,0.9716432690620422,The application is very helpful for beginners and who want to learn to speak in English (self -taught),positive,positive,0.5256,positive,0.87536114,0.0040504574,0.12058835,0.87536114
30803,,5,"This APK is really good, very helpful in learning true English pronunciation","this apk be really good, very helpful in learn true english pronunciation",en,0.9110704064369202,"This APK is really good, very helpful in learning true English pronunciation",positive,positive,0.8537,positive,0.9710225,0.0041927635,0.024784725,0.9710225
30804,,4,"The application is not an introduction to the word ,,,, more to learn how to talk to the correct English, so it is considered again if you want to download this","the application be not an introduction to the word, more to learn how to talk to the correct english, so it be consider again if you want to download this",en,0.9109400510787964,"The application is not an introduction to the word ,,,, more to learn how to talk to the correct English, so it is considered again if you want to download this",neutral,neutral,0.0772,neutral,0.83655816,0.067291014,0.83655816,0.09615082
30805,,5,"I am very grateful for what Elsa is because with many training, I have started to speak English. Thank you very much","i be very grateful for what elsa be because with many training, i have start to speak english. thank you very much",en,0.9863881468772888,"I am very grateful for what Elsa is because with many training, I have started to speak English. Thank you very much",positive,positive,0.6997,positive,0.97802746,0.0031501877,0.018822327,0.97802746
30806,,5,"This Elsa Speak application is very good in understanding us how to listen, reading. And there is still more","this elsa speak application be very good in understand u how to listen, reading. and there be still more",en,0.9692237377166748,"This Elsa Speak application is very good in understanding us how to listen, reading. And there is still more",positive,positive,0.4927,positive,0.87488145,0.0053556417,0.11976297,0.87488145
30807,,5,This application is very helpful especially in training speaking because it's really detail correcting errors and correcting errors in speaking,this application be very helpful especially in train speaking because it be really detail correcting error and correct error in speaking,en,0.9448588490486144,This application is very helpful especially in training speaking because it's really detail correcting errors and correcting errors in speaking,positive,negative,-0.4281,positive,0.90041906,0.010946734,0.08863429,0.90041906
30808,,5,Really good app ... the language is also not rigid ... really recommended for those who want to learn pronunciation ....,really good app. the language be also not rigid. really recommended for those who want to learn pronunciation.,en,0.9754188656806946,Really good app ... the language is also not rigid ... really recommended for those who want to learn pronunciation ....,positive,positive,0.4686,positive,0.97469735,0.0043470394,0.02095561,0.97469735
30809,,5,"The application is cool and very helpful, especially for people who have difficulty learning English in class. This application is recommended.","the application be cool and very helpful, especially for people who have difficulty learn english in class. this application be recommended.",en,0.9714805483818054,"The application is cool and very helpful, especially for people who have difficulty learning English in class. This application is recommended.",positive,positive,0.5849,positive,0.9672616,0.0045600524,0.028178347,0.9672616
30810,,5,"This is crazy. Really good .. for those of you who want to learn English, especially for speaking, this is really good","this be crazy. really good. for those of you who want to learn english, especially for speaking, this be really good",en,0.9810671806335448,"This is crazy. Really good .. for those of you who want to learn English, especially for speaking, this is really good",positive,positive,0.647,positive,0.9789258,0.0028588083,0.0182154,0.9789258
30811,,5,"Suddenly appeared on IG, install, learn the contents of 15 minutes, really good without thinking for a long time upgraded for 1 year. Smg can fluent 😃","suddenly appear on ig, install, learn the content of 15 minutes, really good without think for a long time upgrade for 1 year. smg can fluent 😃",en,0.9403977990150452,"Suddenly appeared on IG, install, learn the contents of 15 minutes, really good without thinking for a long time upgraded for 1 year. Smg can fluent 😃",positive,positive,0.4927,positive,0.94930387,0.0059334002,0.044762712,0.94930387
30812,,5,"This cool is good for those who have already learned English but if it's still right, ""my beginner, I suggest but in my opinion, but it's better to try it hihihi ...","this cool be good for those who have already learn english but if it be still right, ""my beginner, i suggest but in my opinion, but it be well to try it hihihi.",en,0.951557457447052,"This cool is good for those who have already learned English but if it's still right, ""my beginner, I suggest but in my opinion, but it's better to try it hihihi ...",positive,positive,0.6428,positive,0.90392214,0.0077155903,0.08836229,0.90392214
30813,,1,"Is this the application deaf or what? I have repeated until 50x, the application is still the application, I haven't read the text, this apk is what you want","be this the application deaf or what? i have repeat until 50x, the application be still the application, i have not read the text, this apk be what you want",en,0.9267873167991638,"Is this the application deaf or what? I have repeated until 50x, the application is still the application, I haven't read the text, this apk is what you want",negative,neutral,0.0772,neutral,0.5932637,0.37339383,0.5932637,0.033342507
30814,,4,"good ... but the cost of subscription can be cheaper ... let it make it easy if it can be 25,000 a month ... I just gave a 5 star","good. but the cost of subscription can be cheaper. let it make it easy if it can be 25, 000 a month. i just give a 5 star",en,0.8523723483085632,"good ... but the cost of subscription can be cheaper ... let it make it easy if it can be 25,000 a month ... I just gave a 5 star",neutral,positive,0.7003,neutral,0.34866938,0.054081596,0.34866938,0.5972491
30815,,5,"Honest reviews like this really apk, can practice English pronunciation and our understanding is very good, please reproduce Gameny","honest review like this really apk, can practice english pronunciation and our understanding be very good, please reproduce gameny",en,0.9145587086677552,"Honest reviews like this really apk, can practice English pronunciation and our understanding is very good, please reproduce Gameny",positive,positive,0.8903,positive,0.91359395,0.0153671885,0.07103888,0.91359395
30816,,1,strange application why when speaking microphone it doesn't work even though it has been restarted many times LOL U SHOULD FIX THE BUG,strange application why when speak microphone it do not work even though it have be restart many time lol u should fix the bug,en,0.9274369478225708,strange application why when speaking microphone it doesn't work even though it has been restarted many times LOL U SHOULD FIX THE BUG,negative,neutral,0.25,negative,0.918895,0.918895,0.07361162,0.0074934103
30817,,5,very helpful to understand the differences in each word and help how to read the correct English language. Thank you Elsa Speak ❤ ❤,very helpful to understand the difference in each word and help how to read the correct english language. thank you elsa speak ❤ ❤,en,0.9564385414123536,very helpful to understand the differences in each word and help how to read the correct English language. Thank you Elsa Speak❤❤,positive,positive,0.807,positive,0.94618315,0.004908922,0.048907977,0.94618315
30818,,5,"The application is very good, especially in the way it is pronunciation and how to read English makes the way of speaking better than before. Thanks","the application be very good, especially in the way it be pronunciation and how to read english make the way of speak good than before. thanks",en,0.9543172121047974,"The application is very good, especially in the way it is pronunciation and how to read English makes the way of speaking better than before. Thanks",positive,positive,0.8514,positive,0.9537663,0.005283013,0.04095068,0.9537663
30819,,5,"This apk is really good for those who want to learn English ... but try to delete the premium ,, in multiple for non -premium ones ...","this apk be really good for those who want to learn english. but try to delete the premium, in multiple for non -premium ones.",en,0.9700568914413452,"This apk is really good for those who want to learn English ... but try to delete the premium ,, in multiple for non -premium ones ...",positive,positive,0.3064,positive,0.9274298,0.006341831,0.06622836,0.9274298
30820,,5,"The learning given is very easy to understand, love to use Elsa as my English teacher","the learning give be very easy to understand, love to use elsa as my english teacher",en,0.9641249179840088,"The learning given is very easy to understand, love to use Elsa as my English teacher",positive,positive,0.8122,positive,0.972476,0.0037318561,0.023792176,0.972476
30821,,5,From this application we learn English easily how to pronounce and how to understand the grammar is easy to understand,from this application we learn english easily how to pronounce and how to understand the grammar be easy to understand,en,0.9549670815467834,From this application we learn English easily how to pronounce and how to understand the grammar is easy to understand,positive,positive,0.6486,positive,0.8169853,0.006764467,0.1762503,0.8169853
30822,,5,"The AI ​​application is crazy, it's really cool. Details are also in each word even the letters. Best","the ai application be crazy, it be really cool. detail be also in each word even the letters. best",en,0.9345690608024596,"The AI ​​application is crazy, it's really cool. Details are also in each word even the letters. Best",positive,positive,0.659,positive,0.9630811,0.00707976,0.029839078,0.9630811
30823,,5,"Wau really, in terms of learning methods that are suitable for personal, also know, so it will make it easier for us to learn English 🎊 🎊 🤙🏻","wau really, in term of learn method that be suitable for personal, also know, so it will make it easy for u to learn english 🎊 🎊 🤙",en,0.9435588717460632,"Wau really, in terms of learning methods that are suitable for personal, also know, so it will make it easier for us to learn English 🎊🎊🤙🏻",positive,positive,0.4404,positive,0.94197124,0.003763392,0.054265417,0.94197124
30824,,5,"Very helpful in the pronunciation of sentences, applications that are very suitable to start self -taught English in RMH 😁 👍","very helpful in the pronunciation of sentences, application that be very suitable to start self -taught english in rmh 😁 👍",en,0.9502078890800476,"Very helpful in the pronunciation of sentences, applications that are very suitable to start self -taught English in RMH 😁👍",positive,positive,0.5095,positive,0.9576053,0.0035764654,0.038818214,0.9576053
30825,,5,the application is very good,the application be very good,en,0.964152991771698,the application is very good,positive,positive,0.4927,positive,0.95825976,0.0056301067,0.036110114,0.95825976
30826,,5,"Very good for those who want to learn special conversations, there are so many skills that are suitable for learning. Very good!","very good for those who want to learn special conversations, there be so many skill that be suitable for learning. very good!",en,0.9814447164535522,"Very good for those who want to learn special conversations, there are so many skills that are suitable for learning. Very good!",positive,positive,0.865,positive,0.9750827,0.0030540514,0.021863246,0.9750827
30827,,5,bad oath we can learn to speak English if wrong later later the best lh,bad oath we can learn to speak english if wrong later later the best lh,en,0.9613752961158752,bad oath we can learn to speak English if wrong later later the best lh,positive,negative,-0.34,negative,0.5151303,0.5151303,0.40107125,0.08379848
30828,,5,"The coolest application that I have ever encountered to learn English, hopefully in the future it will be better and many download","the cool application that i have ever encounter to learn english, hopefully in the future it will be good and many download",en,0.9523308873176576,"The coolest application that I have ever encountered to learn English, hopefully in the future it will be better and many download",positive,positive,0.7845,positive,0.98407215,0.0026497638,0.0132780885,0.98407215
30829,,5,"Pretty good and interesting, it's just that there is a lack of translation in Indonesian, so as well as being learned what it means.","pretty good and interesting, it be just that there be a lack of translation in indonesian, so as well as be learn what it means.",en,0.9832461476325988,"Pretty good and interesting, it's just that there is a lack of translation in Indonesian, so as well as being learned what it means.",positive,positive,0.835,positive,0.87548435,0.013333968,0.11118171,0.87548435
30830,,5,Good is very helpful to learn,good be very helpful to learn,en,0.9798266887664796,Good is very helpful to learn,positive,positive,0.7178,positive,0.95764303,0.007791049,0.034565974,0.95764303
30831,,5,"This application is very good for me who is very difficult to pronounce the pronunciation of Baha Ingirs that can't be heard, thank you the best application","this application be very good for me who be very difficult to pronounce the pronunciation of baha ingirs that cannot be heard, thank you the best application",en,0.9431125521659852,"This application is very good for me who is very difficult to pronounce the pronunciation of Baha Ingirs that can't be heard, thank you the best application",positive,positive,0.5408,neutral,0.22561356,0.17793296,0.22561356,0.5964535
30832,,3,"It's really good to train the tongue to speak foreign languages, but there is no translation of 70% must be premium","it be really good to train the tongue to speak foreign languages, but there be no translation of 70% must be premium",en,0.9487043023109436,"It's really good to train the tongue to speak foreign languages, but there is no translation of 70% must be premium",neutral,negative,-0.1787,neutral,0.50483465,0.1644983,0.50483465,0.33066702
30833,,5,"Very helpful for me in learning English, from the beginning I don't like it, to really like this mapel 😍 😍 😍 😍","very helpful for me in learn english, from the beginning i do not like it, to really like this mapel 😍 😍 😍 😍",en,0.9616623520851136,"Very helpful for me in learning English, from the beginning I don't like it, to really like this mapel😍😍😍😍",positive,neutral,-0.0328,positive,0.92084503,0.023666242,0.055488702,0.92084503
30834,,5,"quite easy to use for the intonation of pronunciation that is given, easy and very helpful not's problem","quite easy to use for the intonation of pronunciation that be given, easy and very helpful nots problem",en,0.9220741987228394,"quite easy to use for the intonation of pronunciation that is given, easy and very helpful not's problem",positive,positive,0.759,positive,0.88770896,0.010316536,0.10197458,0.88770896
30835,,4,"It's good, I like it, but it's really limited if we don't buy the package, I want to buy it, but there's no money, I have to be expensive ... so I have to save it like it is, friend, my friend ""I want to be very good at English 🙂","it be good, i like it, but it be really limited if we do not buy the package, i want to buy it, but there be no money, i have to be expensive. so i have to save it like it is, friend, my friend ""i want to be very good at english 🙂",en,0.9743974804878236,"It's good, I like it, but it's really limited if we don't buy the package, I want to buy it, but there's no money, I have to be expensive ... so I have to save it like it is, friend, my friend ""I want to be very good at English 🙂",neutral,positive,0.9657,neutral,0.275568,0.08877255,0.275568,0.6356594
30836,,5,"I like this application, I have used almost 3 years and my English is well improved. Thank You","i like this application, i have use almost 3 year and my english be well improved. thank you",en,0.9424134492874146,"I like this application, I have used almost 3 years and my English is well improved. Thank You",positive,positive,0.8481,positive,0.97510785,0.0048277685,0.020064443,0.97510785
30837,,5,"APK is really good, this apk can calculate the scores we have practiced speak English. Honestly, you won't regret downloading this application","apk be really good, this apk can calculate the score we have practice speak english. honestly, you will not regret download this application",en,0.9223210215568542,"APK is really good, this apk can calculate the scores we have practiced speak English. Honestly, you won't regret downloading this application",positive,positive,0.8188,positive,0.97881466,0.0036480683,0.01753726,0.97881466
30838,,5,The application is good even though there are obstacles when the first is the loading is slow but overall ok,the application be good even though there be obstacle when the first be the loading be slow but overall ok,en,0.9218280911445618,The application is good even though there are obstacles when the first is the loading is slow but overall ok,positive,positive,0.4588,positive,0.6587384,0.06712355,0.2741381,0.6587384
30839,,5,Very helpful 💐,very helpful 💐,en,0.9887025952339172,Very helpful💐,positive,positive,0.4754,positive,0.95195603,0.014794876,0.03324914,0.95195603
30840,,5,"Good application. really and suitable for beginners who are studying b.inggris, a fairly clear explanation","good application. really and suitable for beginner who be study b. inggris, a fairly clear explanation",en,0.8380129337310791,"Good application. really and suitable for beginners who are studying b.inggris, a fairly clear explanation",positive,positive,0.6705,positive,0.94116604,0.0071193734,0.051714618,0.94116604
30841,,5,Very good who want the intention to learn English you must try !!!!!!!!!!!!,very good who want the intention to learn english you must try!,en,0.9879342913627625,Very good who want the intention to learn English you must try !!!!!!!!!!!!,positive,positive,0.6185,positive,0.9614239,0.0046382304,0.03393793,0.9614239
30842,,3,"What's wrong with this application, I have logged in, why was told to log in back and forth, what was the mistake?","what be wrong with this application, i have log in, why be tell to log in back and forth, what be the mistake?",en,0.95999276638031,"What's wrong with this application, I have logged in, why was told to log in back and forth, what was the mistake?",neutral,negative,-0.6705,negative,0.8548084,0.8548084,0.13677111,0.008420522
30843,,5,"Thank you for Helping My Study 🥺 Apk, this is very helpful for those who want to be good at English, recommend the facilities okay.","thank you for help my study 🥺 apk, this be very helpful for those who want to be good at english, recommend the facility okay.",en,0.955490231513977,"Thank you for Helping My Study🥺 Apk, this is very helpful for those who want to be good at English, recommend the facilities okay.",positive,positive,0.9312,positive,0.9712613,0.0056501306,0.023088608,0.9712613
30844,,5,extraordinary and fun,extraordinary and fun,en,0.7719212174415588,extraordinary and fun,positive,positive,0.5106,positive,0.95402086,0.007284852,0.038694344,0.95402086
30845,,5,very good helping learning English but to level up must be paid,very good help learn english but to level up must be pay,en,0.9777769446372986,very good helping learning English but to level up must be paid,positive,positive,0.3582,positive,0.8740721,0.013142433,0.112785526,0.8740721
30846,,5,good to learn English but it's free to learn English so you don't have to pay,good to learn english but it be free to learn english so you do not have to pay,en,0.9597940444946288,good to learn English but it's free to learn English so you don't have to pay,positive,positive,0.781,neutral,0.4357162,0.06477988,0.4357162,0.49950394
30847,,3,"3 first. And you deserve to be 5 stars, if there is a meaning, all of them .... successful and very useful 🙏 ❤️","3 first. and you deserve to be 5 stars, if there be a meaning, all of them. successful and very useful 🙏 ❤",en,0.9585174918174744,"3 first. And you deserve to be 5 stars, if there is a meaning, all of them .... successful and very useful 🙏❤️",neutral,positive,0.7902,positive,0.97773075,0.0053091315,0.016960124,0.97773075
30848,,1,"Just using the APK already really lag even slashing anything the loading is endless, even though I want to try.","just use the apk already really lag even slash anything the loading be endless, even though i want to try.",en,0.9749999046325684,"Just using the APK already really lag even slashing anything the loading is endless, even though I want to try.",negative,negative,-0.5799,negative,0.9218423,0.9218423,0.07064835,0.007509348
30849,,4,wow really good,wow really good,en,0.9863121509552002,wow really good,neutral,positive,0.7902,positive,0.9700674,0.008310968,0.021621708,0.9700674
30850,,3,"good, but it must be premium to be used every day","good, but it must be premium to be use every day",en,0.896674394607544,"good, but it must be premium to be used every day",neutral,neutral,0.2382,neutral,0.5856826,0.12753044,0.5856826,0.28678694
30851,,5,Assalamualaikum warahmatullahi wabarakatuh thanks to this APK for providing convenience for anyone who wants to learn English may Allah repay the kindness that has made this APK and I hope this APK will be better than now thank you so much so much,assalamualaikum warahmatullahi wabarakatuh thanks to this apk for provide convenience for anyone who want to learn english may allah repay the kindness that have make this apk and i hope this apk will be good than now thank you so much so much,en,0.9296793341636658,Assalamualaikum warahmatullahi wabarakatuh thanks to this APK for providing convenience for anyone who wants to learn English may Allah repay the kindness that has made this APK and I hope this APK will be better than now thank you so much so much,positive,positive,0.926,positive,0.96493715,0.004698205,0.030364668,0.96493715
30852,,5,Learn with Elsa to improve our vocals in speaking English. highly recommended for beginners.,learn with elsa to improve our vocal in speak english. highly recommend for beginners.,en,0.9565438628196716,Learn with Elsa to improve our vocals in speaking English. highly recommended for beginners.,positive,positive,0.6901,positive,0.93478537,0.0030552824,0.062159315,0.93478537
30853,,1,Why did I run out of upgrade to the pro for one month but how come the else is still not upgraded. Even though my Google Play balance has been cut,why do i run out of upgrade to the pro for one month but how come the else be still not upgraded. even though my google play balance have be cut,en,0.9662085771560668,Why did I run out of upgrade to the pro for one month but how come the else is still not upgraded. Even though my Google Play balance has been cut,negative,neutral,0.1154,negative,0.710854,0.710854,0.26870817,0.020437848
30854,,5,good but in bates):,good but in bates,en,0.9642667174339294,good but in bates):,positive,neutral,0.2382,neutral,0.3256637,0.07811805,0.3256637,0.5962182
30855,,5,"very helpful, thank you very much Elsa","very helpful, thank you very much elsa",en,0.9940956234931946,"very helpful, thank you very much Elsa",positive,positive,0.707,positive,0.9778748,0.007394251,0.014730938,0.9778748
30856,,5,The best application for learning English pronunciation is easy ... really recommended,the best application for learn english pronunciation be easy. really recommended,en,0.9051662087440492,The best application for learning English pronunciation is easy ... really recommended,positive,positive,0.8479,positive,0.9723403,0.0035101895,0.024149531,0.9723403
30857,,5,Great .. the correction is very detailed and the mistake information is easy to understand,great. the correction be very detailed and the mistake information be easy to understand,en,0.891327977180481,Great .. the correction is very detailed and the mistake information is easy to understand,positive,positive,0.6808,positive,0.9325053,0.009942184,0.057552528,0.9325053
30858,,5,Applications that are very helpful in learning English pronunciation.,application that be very helpful in learn english pronunciation.,en,0.9494730234146118,Applications that are very helpful in learning English pronunciation.,positive,positive,0.4754,positive,0.7098972,0.016976753,0.273126,0.7098972
30859,,5,The application is very helpful to say or write in English.,the application be very helpful to say or write in english.,en,0.928351879119873,The application is very helpful to say or write in English.,positive,positive,0.4754,positive,0.9071521,0.005535149,0.08731273,0.9071521
30860,,4,"pretty good, although paid and in my opinion recommended to learn English .. Enjoy","pretty good, although pay and in my opinion recommend to learn english. enjoy",en,0.9767543077468872,"pretty good, although paid and in my opinion recommended to learn English .. Enjoy",neutral,positive,0.886,positive,0.9757893,0.003016481,0.021194242,0.9757893
30861,,5,very good for all levels of English ... both for beginners and medium classes,very good for all level of english. both for beginner and medium class,en,0.9549331665039062,very good for all levels of English ... both for beginners and medium classes,positive,positive,0.4927,positive,0.96872175,0.0026923036,0.028585954,0.96872175
30862,,5,"Actually the annual fee is not expensive for good applications like this but, the main problem is in my economy. That is all and thank you","actually the annual fee be not expensive for good application like this but, the main problem be in my economy. that be all and thank you",en,0.944958508014679,"Actually the annual fee is not expensive for good applications like this but, the main problem is in my economy. That is all and thank you",positive,neutral,-0.0652,neutral,0.5181744,0.31830448,0.5181744,0.16352113
30863,,5,Very helpful applications. Highly recommended for friends who want to practice speaking,very helpful applications. highly recommend for friend who want to practice speaking,en,0.9785505533218384,Very helpful applications. Highly recommended for friends who want to practice speaking,positive,positive,0.8641,positive,0.9778528,0.003025868,0.019121286,0.9778528
30864,,5,"very good for correcting language pronunciation, though limited because they have to be paid","very good for correct language pronunciation, though limited because they have to be pay",en,0.9757474064826964,"very good for correcting language pronunciation, though limited because they have to be paid",positive,neutral,0.2247,positive,0.6509721,0.03304823,0.3159796,0.6509721
30865,,5,It's good but unfortunately everything can only be tried very free. The rest must be paid.,it be good but unfortunately everything can only be try very free. the rest must be paid.,en,0.9643836617469788,It's good but unfortunately everything can only be tried very free. The rest must be paid.,positive,positive,0.5775,negative,0.6054556,0.6054556,0.3309178,0.06362652
30866,,3,"Complicated applications, not pro with noisy people are too complicated to determine the level of accuracy of the pronunciation","complicate applications, not pro with noisy people be too complicate to determine the level of accuracy of the pronunciation",en,0.8793708682060242,"Complicated applications, not pro with noisy people are too complicated to determine the level of accuracy of the pronunciation",neutral,neutral,0.1326,negative,0.5204246,0.5204246,0.4484966,0.031078802
30867,,5,"Great application that is very helpful for learning, plus AI features that make it easy","great application that be very helpful for learning, plus ai feature that make it easy",en,0.940502941608429,"Great application that is very helpful for learning, plus AI features that make it easy",positive,positive,0.8777,positive,0.9812945,0.003594487,0.015111046,0.9812945
30868,,1,I have 1 year but logged in via email gmail I can't be used when I update it is useless to register 1 year,i have 1 year but log in via email gmail i cannot be use when i update it be useless to register 1 year,en,0.7588454484939575,I have 1 year but logged in via email gmail I can't be used when I update it is useless to register 1 year,negative,negative,-0.5719,negative,0.831699,0.831699,0.15470345,0.013597495
30869,,5,"Why is it so hard to upgrade to the Pro version? Every time you want to take grade, it is up to 10 minutes without results. Please please","why be it so hard to upgrade to the pro version? every time you want to take grade, it be up to 10 minute without results. please please",en,0.9396100640296936,"Why is it so hard to upgrade to the Pro version? Every time you want to take grade, it is up to 10 minutes without results. Please please",positive,negative,-0.5408,negative,0.91308355,0.91308355,0.07890134,0.008015144
30870,,5,"Like to use this app even though only a free account is not premium, the learning material is still a lot 👍","like to use this app even though only a free account be not premium, the learning material be still a lot 👍",en,0.9110467433929444,"Like to use this app even though only a free account is not premium, the learning material is still a lot 👍",positive,positive,0.7003,positive,0.94207174,0.005803504,0.05212471,0.94207174
30871,,5,This application is very helpful for people like me who really need to increase understanding and learning English,this application be very helpful for people like me who really need to increase understanding and learn english,en,0.9705955982208252,This application is very helpful for people like me who really need to increase understanding and learning English,positive,positive,0.7996,positive,0.92818093,0.005095124,0.066723906,0.92818093
30872,,5,"This is the first time I found a cool English application, really the best tutoring 21st monthly century is cheap again 😎","this be the first time i find a cool english application, really the best tutoring 21st monthly century be cheap again 😎",en,0.8085767030715942,"This is the first time I found a cool English application, really the best tutoring 21st monthly century is cheap again😎",positive,positive,0.7769,positive,0.98200136,0.004186467,0.013812153,0.98200136
30873,,5,"Cool, this application really trains our speaking in English by conversation with AI Dri Elsa","cool, this application really train our speaking in english by conversation with ai dri elsa",en,0.9722108840942384,"Cool, this application really trains our speaking in English by conversation with AI Dri Elsa",positive,positive,0.3182,positive,0.87025654,0.0041041058,0.12563938,0.87025654
30874,,5,"Very cool, making it easy to learn English, just great ... 5 stars are just for this apk :)","very cool, make it easy to learn english, just great. 5 star be just for this apk",en,0.9364432096481324,"Very cool, making it easy to learn English, just great ... 5 stars are just for this apk :)",positive,positive,0.8622,positive,0.98391694,0.004548744,0.011534372,0.98391694
30875,,5,Very helpful. Hm really is very good. The point is our speaking is wrong to tell where the wrong is.,very helpful. hm really be very good. the point be our speaking be wrong to tell where the wrong is.,en,0.979297399520874,Very helpful. Hmmmm really is very good. The point is our speaking is wrong to tell where the wrong is.,positive,neutral,0.0899,positive,0.8602193,0.024319157,0.11546161,0.8602193
30876,,5,very helpful but there must be a translation in order to add vocabulary,very helpful but there must be a translation in order to add vocabulary,en,0.9436585903167723,very helpful but there must be a translation in order to add vocabulary,positive,neutral,0.2609,positive,0.79884344,0.017326996,0.18382955,0.79884344
30877,,5,Wow .. Very cool. And really help. If you want to learn English easily and fun. Try Elsa,wow. very cool. and really help. if you want to learn english easily and fun. try elsa,en,0.9858155250549316,Wow .. Very cool. And really help. If you want to learn English easily and fun. Try Elsa,positive,positive,0.937,positive,0.9864617,0.0022271022,0.01131123,0.9864617
30878,,3,"Good, if it's free full will really help. unfortunately paid, only free 24 hours","good, if it be free full will really help. unfortunately paid, only free 24 hour",en,0.9147738218307496,"Good, if it's free full will really help. unfortunately paid, only free 24 hours",neutral,positive,0.8694,neutral,0.34345928,0.1370377,0.34345928,0.519503
30879,,5,"Good apps and fun, but please increase the free feature without having to upgrade pro elsa please","good apps and fun, but please increase the free feature without have to upgrade pro elsa please",en,0.9413931369781494,"Good apps and fun, but please increase the free feature without having to upgrade pro elsa please",positive,positive,0.9468,positive,0.9022585,0.009098715,0.088642694,0.9022585
30880,,5,Very attractive and helps fix emphasis in pronouncing. worth dl,very attractive and help fix emphasis in pronouncing. worth dl,en,0.971130669116974,Very attractive and helps fix emphasis in pronouncing. worth dl,positive,positive,0.7939,positive,0.9348754,0.010601216,0.054523386,0.9348754
30881,,5,helps for people who are difficult for English vocals just like me who is difficult to publicize,help for people who be difficult for english vocal just like me who be difficult to publicize,en,0.9640832543373108,helps for people who are difficult for English vocals just like me who is difficult to publicize,positive,neutral,0.0516,neutral,0.60535103,0.3301779,0.60535103,0.06447115
30882,,5,"I like this application. Simple, and comfortable for exercise + correcting pronunciation","i like this application. simple, and comfortable for exercise + correct pronunciation",en,0.8842282295227051,"I like this application. Simple, and comfortable for exercise + correcting pronunciation",positive,positive,0.7003,positive,0.96019024,0.0042706504,0.03553907,0.96019024
30883,,5,The Elsa application really helped me to improve my English learning. Thank you for the help..,the elsa application really help me to improve my english learning. thank you for the help.,en,0.9409033060073853,The Elsa application really helped me to improve my English learning. Thank you for the help..,positive,positive,0.8856,positive,0.97584945,0.0030759778,0.021074599,0.97584945
30884,,5,"Learning to be effective and fun. Thank you ""OnePesen"" for recommending this APK","learn to be effective and fun. thank you ""onepesen"" for recommend this apk",en,0.8893033862113953,"Learning to be effective and fun. Thank you ""OnePesen"" for recommending this APK",positive,positive,0.886,positive,0.95089084,0.004669176,0.044439927,0.95089084
30885,,5,Applications that are very helpful for learning speaking are very very helpful for thank you,application that be very helpful for learn speak be very very helpful for thank you,en,0.986721396446228,Applications that are very helpful for learning speaking are very very helpful for thank you,positive,positive,0.8381,positive,0.94074994,0.0051941006,0.054055925,0.94074994
30886,,5,Very good ... to train pronunciation. mandatory download for those who want to learn real,very good. to train pronunciation. mandatory download for those who want to learn real,en,0.9650713801383972,Very good ... to train pronunciation. mandatory download for those who want to learn real,positive,positive,0.5849,positive,0.94220823,0.0038639465,0.05392781,0.94220823
30887,,5,Ease of learning to hone pronounciation even though the weight of the taste is. Wkwk,ease of learn to hone pronounciation even though the weight of the taste is. wkwk,en,0.9550986289978028,Ease of learning to hone pronounciation even though the weight of the taste is. Wkwk,positive,positive,0.3612,neutral,0.77764475,0.079822265,0.77764475,0.14253296
30888,,5,The application is very helpful for those who want to learn speaking. Exciting anyway .. 👍 👍,the application be very helpful for those who want to learn speaking. excite anyway. 👍 👍,en,0.9844059944152832,The application is very helpful for those who want to learn speaking. Exciting anyway .. 👍👍,positive,positive,0.7574,positive,0.9741,0.002601565,0.023298416,0.9741
30889,,5,"Interesting, good and hopefully can help me in speaking English.","interesting, good and hopefully can help me in speak english.",en,0.9604292511940002,"Interesting, good and hopefully can help me in speaking English.",positive,positive,0.875,positive,0.96270543,0.0028501977,0.034444306,0.96270543
30890,,5,This application is suitable for people who want to learn all languages ​​and this application is very easy to understand,this application be suitable for people who want to learn all language and this application be very easy to understand,en,0.9671441316604614,This application is suitable for people who want to learn all languages ​​and this application is very easy to understand,positive,positive,0.5413,positive,0.95223475,0.002559534,0.045205776,0.95223475
30891,,5,Good App is very helpful for beginners who want to learn English with Elsa,good app be very helpful for beginner who want to learn english with elsa,en,0.966848611831665,Good App is very helpful for beginners who want to learn English with Elsa,positive,positive,0.7425,positive,0.9170495,0.0042402097,0.07871029,0.9170495
30892,,5,cool abis but unfortunately paid: ((I don't have money to subscribe to premium,cool abis but unfortunately pay i do not have money to subscribe to premium,en,0.9384511113166808,cool abisss but unfortunately paid: ((I don't have money to subscribe to premium,positive,negative,-0.4678,negative,0.72108376,0.72108376,0.25066125,0.028254988
30893,,5,"Very good for those who want to learn English, especially for correct pronunciation","very good for those who want to learn english, especially for correct pronunciation",en,0.9652335047721864,"Very good for those who want to learn English, especially for correct pronunciation",positive,positive,0.5413,positive,0.95308465,0.0034469916,0.04346834,0.95308465
30894,,5,great this apk is useful for learning English and how to say it,great this apk be useful for learn english and how to say it,en,0.8989631533622742,great this apk is useful for learning English and how to say it,positive,positive,0.7906,positive,0.9411787,0.007097234,0.05172413,0.9411787
30895,,5,"very helpful to learn how to speak, read and listen to English","very helpful to learn how to speak, read and listen to english",en,0.9853097796440125,"very helpful to learn how to speak, read and listen to English",positive,positive,0.4754,positive,0.9147179,0.005109558,0.080172546,0.9147179
30896,,4,So far I have been guided well .. hope can help me in studying B. English for the next few months.,so far i have be guide well. hope can help me in study b. english for the next few months.,en,0.94524884223938,So far I have been guided well .. hope can help me in studying B. English for the next few months.,neutral,positive,0.7717,positive,0.90706974,0.0068983845,0.086031936,0.90706974
30897,,5,Very very worth it to learn English is not in other applications that are like this ... kereen,very very worth it to learn english be not in other application that be like this. kereen,en,0.9813790321350098,Very very worth it to learn English is not in other applications that are like this ... kereennnn,positive,positive,0.6087,positive,0.905471,0.0076071075,0.08692183,0.905471
30898,,5,"The application is really good, this is what is sought for practicing language learning.","the application be really good, this be what be seek for practice language learning.",en,0.9249273538589478,"The application is really good, this is what is sought for practicing language learning.",positive,positive,0.4927,positive,0.968915,0.00399601,0.027088985,0.968915
30899,,5,Applications are very useful for beginners who want to learn speaking 😭 😭,application be very useful for beginner who want to learn speak 😭 😭,en,0.96620911359787,Applications are very useful for beginners who want to learn speaking 😭😭,positive,positive,0.5413,positive,0.7227665,0.031236945,0.24599658,0.7227665
30900,,5,it's good if you can make the fee free so later add the enthusiasts,it be good if you can make the fee free so later add the enthusiast,en,0.7437812089920044,it's good if you can make the fee free so later add the enthusiasts,positive,positive,0.8271,positive,0.6585799,0.013668377,0.32775173,0.6585799
30901,,5,This application is good for those who haven't enhanced the mention of the mention and the verb used,this application be good for those who have not enhance the mention of the mention and the verb use,en,0.9611307978630066,This application is good for those who haven't enhanced the mention of the mention and the verb used,positive,positive,0.4404,neutral,0.57187593,0.072372876,0.57187593,0.35575125
30902,,5,Elsa Speak is great for your English inprove to be better. I really like this application,elsa speak be great for your english inprove to be better. i really like this application,en,0.9377003908157348,Elsa Speak is great for your English inprove to be better. I really like this application,positive,positive,0.8687,positive,0.98197913,0.003816939,0.014203908,0.98197913
30903,,5,I used to not like learning English. Because I wanted to try learning English. Although my beginner,i use to not like learn english. because i want to try learn english. although my beginner,en,0.944060444831848,I used to not like learning English. Because I wanted to try learning English. Although my beginner,positive,negative,-0.2047,negative,0.6687468,0.6687468,0.3076421,0.02361106
30904,,5,"Really recommendations for friends who want to learn speaking, the APK is really good.","really recommendation for friend who want to learn speaking, the apk be really good.",en,0.982766330242157,"Really recommendations for friends who want to learn speaking, the APK is really good.",positive,positive,0.788,positive,0.9645323,0.0045950683,0.030872582,0.9645323
30905,,5,good and sandat helps hone in pronunciation of English vocabulary,good and sandat help hone in pronunciation of english vocabulary,en,0.7508200407028198,good and sandat helps hone in pronunciation of English vocabulary,positive,positive,0.6808,positive,0.7351357,0.017406708,0.2474576,0.7351357
30906,,5,very helpful in education for people who want to learn the right pronunciation,very helpful in education for people who want to learn the right pronunciation,en,0.9754498600959778,very helpful in education for people who want to learn the right pronunciation,positive,positive,0.5256,positive,0.8839992,0.005568474,0.11043235,0.8839992
30907,,5,APKs that are easy to use and help learn English with fun,apks that be easy to use and help learn english with fun,en,0.9275090098381042,APKs that are easy to use and help learn English with fun,positive,positive,0.836,positive,0.88720006,0.0066324184,0.10616751,0.88720006
30908,,5,"Very helpful to improve my English skills, thank you Speak 🙏 😇","very helpful to improve my english skills, thank you speak 🙏 😇",en,0.9533793330192566,"Very helpful to improve my English skills, thank you Speak 🙏😇",positive,positive,0.8297,positive,0.9785472,0.0046618627,0.016790897,0.9785472
30909,,5,"It's really good to learn in this apk, it's just a shame many paid features","it be really good to learn in this apk, it be just a shame many pay feature",en,0.9757553339004515,"It's really good to learn in this apk, it's just a shame many paid features",positive,neutral,-0.079,positive,0.82341915,0.034727257,0.14185359,0.82341915
30910,,5,A good application for practicing conversations in language. English.,a good application for practice conversation in language. english.,en,0.8665850758552551,A good application for practicing conversations in language. English.,positive,positive,0.4404,positive,0.7921462,0.004399763,0.20345402,0.7921462
30911,,5,"very good application, suitable for learning speaking, hurry up download this apk","very good application, suitable for learn speaking, hurry up download this apk",en,0.9466044306755066,"very good application, suitable for learning speaking, hurry up download this apk",positive,positive,0.4927,positive,0.985926,0.0023673484,0.011706714,0.985926
30912,,5,"very helpful but please include in Indonesian, 🙏","very helpful but please include in indonesian, 🙏",en,0.98818176984787,"very helpful but please include in Indonesian, 🙏",positive,positive,0.6589,positive,0.90800244,0.008348103,0.08364948,0.90800244
30913,,5,This application is very good for launching speech in English.,this application be very good for launch speech in english.,en,0.958159565925598,This application is very good for launching speech in English.,positive,positive,0.4927,positive,0.94761455,0.003155653,0.049229845,0.94761455
30914,,5,Baguus is really the application ... can help our English speaking skills ... MUST DOWNLOAD,baguus be really the application. can help our english speaking skills. must download,en,0.9372326135635376,Baguus is really the application ... can help our English speaking skills ... MUST DOWNLOAD,positive,positive,0.4019,positive,0.8916077,0.004754751,0.103637524,0.8916077
30915,,5,"cool, can correction per letter along with an accurate example ... great","cool, can correction per letter along with an accurate example. great",en,0.9547926783561708,"cool, can correction per letter along with an accurate example ... great",positive,positive,0.7506,positive,0.9286858,0.0078125885,0.06350162,0.9286858
30916,,5,"Really good apk, really helping for me who is still wrong in English pronunciation","really good apk, really help for me who be still wrong in english pronunciation",en,0.9723449945449828,"Really good apk, really helping for me who is still wrong in English pronunciation",positive,positive,0.4742,positive,0.84795254,0.035656225,0.116391234,0.84795254
30917,,5,"Very helpful to learn English, especially I as a lesson is greatly helped by this application","very helpful to learn english, especially i as a lesson be greatly help by this application",en,0.9788677096366882,"Very helpful to learn English, especially I as a lesson is greatly helped by this application",positive,positive,0.7258,positive,0.9704311,0.0039753783,0.02559359,0.9704311
30918,,5,Good applications used in increasing speaking and listening skills,good application use in increase speaking and listening skill,en,0.9119516611099244,Good applications used in increasing speaking and listening skills,positive,positive,0.6369,positive,0.75653785,0.010207807,0.23325431,0.75653785
30919,,5,Good at this time the Elsa Speak application ... it's really good to understand. LIKE LIKE,good at this time the elsa speak application. it be really good to understand. like like,en,0.9669714570045472,Good at this time the Elsa Speak application ... it's really good to understand. LIKE LIKE,positive,positive,0.8689,positive,0.96637726,0.0045609064,0.02906183,0.96637726
30920,,5,Very helpful for pronunciation to intonation from a word.,very helpful for pronunciation to intonation from a word.,en,0.9413426518440248,Very helpful for pronunciation to intonation from a word.,positive,positive,0.4754,positive,0.84970635,0.007893357,0.14240026,0.84970635
30921,,5,Love it 😍 😍 😍. Like having a private English teacher who is always there anytime 😁,love it 😍 😍 😍. like have a private english teacher who be always there anytime 😁,en,0.9641279578208924,Love it 😍😍😍. Like having a private English teacher who is always there anytime😁,positive,positive,0.7717,positive,0.98536116,0.0038476395,0.010791168,0.98536116
30922,,5,"Very helpful, I swear, so I know which pronunciation is wrong and as detailed","very helpful, i swear, so i know which pronunciation be wrong and as detailed",en,0.9867848753929138,"Very helpful, I swear, so I know which pronunciation is wrong and as detailed",positive,neutral,-0.1243,positive,0.7565494,0.0488512,0.19459939,0.7565494
30923,,5,very good for starting a beginner spelling exercise and conversation,very good for start a beginner spell exercise and conversation,en,0.9213797450065612,very good for starting a beginner spelling exercise and conversation,positive,positive,0.4927,positive,0.9360699,0.0044123144,0.059517838,0.9360699
30924,,5,applications that are truly useful for adding English language skills,application that be truly useful for add english language skill,en,0.7617396712303162,applications that are truly useful for adding English language skills,positive,positive,0.7003,neutral,0.34672886,0.017278101,0.34672886,0.635993
30925,,5,very good application for improving vocabulary pronunciation in English,very good application for improve vocabulary pronunciation in english,en,0.8803154230117798,very good application for improving vocabulary pronunciation in English,positive,positive,0.7264,positive,0.94256234,0.006229134,0.051208522,0.94256234
30926,,5,"I really like it, very useful and very helpful for me to learn English","i really like it, very useful and very helpful for me to learn english",en,0.986471712589264,"I really like it, very useful and very helpful for me to learn English",positive,positive,0.8434,positive,0.9855995,0.0026508889,0.0117495945,0.9855995
30927,,5,Extraordinary details and there is an explanation to improve the speech,extraordinary detail and there be an explanation to improve the speech,en,0.8574183583259583,Extraordinary details and there is an explanation to improve the speech,positive,positive,0.4404,neutral,0.3666749,0.02439696,0.3666749,0.6089282
30928,,5,"Very useful for beginners, complete and not complicated. Thanks 👍🏼","very useful for beginners, complete and not complicated. thanks 👍",en,0.9308705925941468,"Very useful for beginners, complete and not complicated. Thanks 👍🏼",positive,neutral,0.1991,positive,0.968458,0.0043092784,0.027232701,0.968458
30929,,5,Very helpful in improving English speaking capabilities,very helpful in improve english speaking capability,en,0.9432340264320374,Very helpful in improving English speaking capabilities,positive,positive,0.7397,positive,0.92881167,0.0062308474,0.06495746,0.92881167
30930,,5,very good and very helpful for beginners who want to learn to speak English,very good and very helpful for beginner who want to learn to speak english,en,0.9925894737243652,very good and very helpful for beginners who want to learn to speak English,positive,positive,0.764,positive,0.95636505,0.0037764541,0.0398585,0.95636505
30931,,5,Super good application to be able to learn English I really like thank you Elsa 🥰 😍,super good application to be able to learn english i really like thank you elsa 🥰 😍,en,0.944589138031006,Super good application to be able to learn English I really like thank you Elsa🥰😍,positive,positive,0.9076,positive,0.98950773,0.0025784753,0.007913797,0.98950773
30932,,5,"The application is cool, helping the baget for me to correct the correct English pronunciation 👍 😅","the application be cool, help the baget for me to correct the correct english pronunciation 👍 😅",en,0.8255444169044495,"The application is cool, helping the baget for me to correct the correct English pronunciation 👍😅",positive,positive,0.6124,positive,0.8887847,0.009390307,0.10182492,0.8887847
30933,,5,Very very useful for those of us who learn English top,very very useful for those of u who learn english top,en,0.9794595241546632,Very very useful for those of us who learn English topppp,positive,positive,0.6453,positive,0.9391252,0.003722924,0.057151917,0.9391252
30934,,5,"It's good but it's rather difficult, this application is very exciting and useful for elementary school kids, you have to download the elsa speak, download now","it be good but it be rather difficult, this application be very exciting and useful for elementary school kids, you have to download the elsa speak, download now",en,0.9584423303604126,"It's good but it's rather difficult, this application is very exciting and useful for elementary school kids, you have to download the elsa speak, download now",positive,positive,0.8264,positive,0.94742113,0.005020729,0.04755816,0.94742113
30935,,5,Very good for beginners we can learn pronunciation in English,very good for beginner we can learn pronunciation in english,en,0.9401140213012696,Very good for beginners we can learn pronunciation in English,positive,positive,0.4927,positive,0.95266813,0.0033556102,0.04397621,0.95266813
30936,,5,"Very good for learning to speak English, practice the correct spell","very good for learn to speak english, practice the correct spell",en,0.9484184980392456,"Very good for learning to speak English, practice the correct spell",positive,positive,0.4927,positive,0.924166,0.0056987437,0.07013522,0.924166
30937,,5,This is good because it helps me learn English and help pronunciation,this be good because it help me learn english and help pronunciation,en,0.847498893737793,This is good because it helps me learn English and help pronunciation,positive,positive,0.8074,positive,0.954298,0.003971317,0.0417307,0.954298
30938,,5,This application is very good for practicing my pronunciation in English,this application be very good for practice my pronunciation in english,en,0.9314891695976256,This application is very good for practicing my pronunciation in English,positive,positive,0.4927,positive,0.94733864,0.0045842817,0.048077118,0.94733864
30939,,5,the application is good and really helps me to be able to smooth English,the application be good and really help me to be able to smooth english,en,0.9587944746017456,the application is good and really helps me to be able to smooth English,positive,positive,0.7089,positive,0.92888254,0.0071759857,0.06394153,0.92888254
30940,,4,"Okay, this application really helps me for pronunction. The best","okay, this application really help me for pronunction. the best",en,0.9207196831703186,"Okay, this application really helps me for pronunction. The best",neutral,positive,0.8439,positive,0.96901816,0.007316305,0.023665536,0.96901816
30941,,5,Very fun and very can be used to hone English skills 👍 👍 👍 👍 👍,very fun and very can be use to hone english skill 👍 👍 👍 👍 👍,en,0.949622631072998,Very fun and very can be used to hone English skills 👍👍👍👍👍,positive,positive,0.5563,positive,0.98139924,0.0019948736,0.016605876,0.98139924
30942,,4,"the application is good, I hope I can smoothly my English, must be consistent and learn every day","the application be good, i hope i can smoothly my english, must be consistent and learn every day",en,0.8657563924789429,"the application is good, I hope I can smoothly my English, must be consistent and learn every day",neutral,positive,0.7003,positive,0.93927544,0.008008506,0.052715994,0.93927544
30943,,5,"The app is good for learning speaking, it can be free can also be paid.","the app be good for learn speaking, it can be free can also be paid.",en,0.9622619152069092,"The app is good for learning speaking, it can be free can also be paid.",positive,positive,0.7351,positive,0.810137,0.0056483634,0.18421468,0.810137
30944,,5,wow impressive this application is very easy to use and I am very fast to understand thank you Elsa,wow impressive this application be very easy to use and i be very fast to understand thank you elsa,en,0.9423421025276184,wow impressive this application is very easy to use and I am very fast to understand thank you Elsa,positive,positive,0.9152,positive,0.9840894,0.0045752013,0.011335491,0.9840894
30945,,5,"The application is really good, very suitable for those who want to learn English","the application be really good, very suitable for those who want to learn english",en,0.9812107682228088,"The application is really good, very suitable for those who want to learn English",positive,positive,0.5413,positive,0.97705096,0.0027169436,0.020232078,0.97705096
30946,,5,"Great, just try and very helpful, apparently there is still a lot of wrong in pronunciation 😅","great, just try and very helpful, apparently there be still a lot of wrong in pronunciation 😅",en,0.9825276136398317,"Great, just try and very helpful, apparently there is still a lot of wrong in pronunciation 😅",positive,positive,0.624,positive,0.70293117,0.1137848,0.18328407,0.70293117
30947,,1,"What application is this slow like this, I don't want to download anymore, don't download this application, there are lots of applications.","what application be this slow like this, i do not want to download anymore, do not download this application, there be lot of applications.",en,0.9237850308418274,"What application is this slow like this, I don't want to download anymore, don't download this application, there are lots of applications.",negative,positive,0.3134,negative,0.9375229,0.9375229,0.05603268,0.0064443354
30948,,1,I have logged in. Then I bought a 1 year package via the link on the 'one percent' youtube video. Why in the apk still free account,i have log in. then i buy a 1 year package via the link on the one percent youtube video. why in the apk still free account,en,0.849443256855011,I have logged in. Then I bought a 1 year package via the link on the 'one percent' youtube video. Why in the apk still free account,negative,positive,0.5106,neutral,0.884214,0.063820384,0.884214,0.051965673
30949,,4,Very good to learn English and Improve Pronunciation,very good to learn english and improve pronunciation,en,0.9406168460845948,Very good to learn English and Improve Pronunciation,neutral,positive,0.7264,positive,0.9682718,0.0046949773,0.027033295,0.9682718
30950,,5,"The application is very helpful to speak English beginners, really nice.","the application be very helpful to speak english beginners, really nice.",en,0.973564386367798,"The application is very helpful to speak English beginners, really nice.",positive,positive,0.734,positive,0.97520715,0.004298068,0.02049483,0.97520715
30951,,5,"The response feels chatting with people, suitable for English speaking training. Thank you Elsa!","the response feel chat with people, suitable for english speaking training. thank you elsa!",en,0.9414395093917848,"The response feels chatting with people, suitable for English speaking training. Thank you Elsa!",positive,positive,0.4199,positive,0.85797757,0.0048871166,0.1371353,0.85797757
30952,,4,Very suitable for training pronunciation with easy and good features,very suitable for train pronunciation with easy and good feature,en,0.9563800692558287,Very suitable for training pronunciation with easy and good features,neutral,positive,0.7003,positive,0.9457386,0.004893504,0.04936784,0.9457386
30953,,5,This application is very good can help me to learn all the languages ​​in this APL.,this application be very good can help me to learn all the language in this apl.,en,0.9310005307197572,This application is very good can help me to learn all the languages ​​in this APL.,positive,positive,0.7316,positive,0.9557476,0.004044694,0.04020773,0.9557476
30954,,2,"Please fill in 2 subtitles, namely the original language of the user, namely Indonesian and English","please fill in 2 subtitles, namely the original language of the user, namely indonesian and english",en,0.7688597440719604,"Please fill in 2 subtitles, namely the original language of the user, namely Indonesian and English",negative,positive,0.5574,neutral,0.8558621,0.016108463,0.8558621,0.1280294
30955,,3,"There are so many features and the way to learn is good, but most premiums","there be so many feature and the way to learn be good, but most premium",en,0.9329888820648192,"There are so many features and the way to learn is good, but most premiums",neutral,neutral,0.2382,neutral,0.42116663,0.052693143,0.42116663,0.5261402
30956,,5,"I just wanted to start learning, hopefully it really helps to improve my English","i just want to start learning, hopefully it really help to improve my english",en,0.9680982232093812,"I just wanted to start learning, hopefully it really helps to improve my English",positive,positive,0.8464,positive,0.9109161,0.006313899,0.082770005,0.9109161
30957,,4,Fun application can speaking English properly and correctly,fun application can speak english properly and correctly,en,0.8646911382675171,Fun application can speaking English properly and correctly,neutral,positive,0.5106,positive,0.8602139,0.008833848,0.13095224,0.8602139
30958,,5,"very helpful to learn speaking, especially for beginners","very helpful to learn speaking, especially for beginner",en,0.9743826985359192,"very helpful to learn speaking, especially for beginners",positive,positive,0.4754,positive,0.951133,0.0056101056,0.043256875,0.951133
30959,,5,very good to improve my English skills. Please try..,very good to improve my english skills. please try.,en,0.9874645471572876,very good to improve my English skills. Please try..,positive,positive,0.8251,positive,0.9695961,0.0039432505,0.026460601,0.9695961
30960,,2,"Sorry, the 2 star used to be because when I wanted to open this application, I couldn't even do it ""couldn't load the details, please try again"" pwpek","sorry, the 2 star use to be because when i want to open this application, i could not even do it ""couldnt load the details, please try again"" pwpek",en,0.9197609424591064,"Sorry, the 2 star used to be because when I wanted to open this application, I couldn't even do it ""couldn't load the details, please try again"" pwpek",negative,positive,0.3182,negative,0.86906135,0.86906135,0.122319125,0.008619566
30961,,5,A good application for learning pronunciation in English.,a good application for learn pronunciation in english.,en,0.8829792737960815,A good application for learning pronunciation in English.,positive,positive,0.4404,neutral,0.3489882,0.013698942,0.3489882,0.63731277
30962,,5,"The apk is really good, I'm the one who can't just say English so it can be even a little '","the apk be really good, i be the one who cannot just say english so it can be even a little",en,0.943467915058136,"The apk is really good, I'm the one who can't just say English so it can be even a little '",positive,positive,0.4927,positive,0.8637019,0.037332598,0.098965526,0.8637019
30963,,5,"The point is good, it's pretty good for learning how to speak English that is true and good","the point be good, it be pretty good for learn how to speak english that be true and good",en,0.9255159497261048,"The point is good, it's pretty good for learning how to speak English that is true and good",positive,positive,0.9287,positive,0.9177209,0.009249733,0.07302934,0.9177209
30964,,5,"Applications that are very useful for those who learn English directly from the source, not complicated top","application that be very useful for those who learn english directly from the source, not complicate top",en,0.9143288731575012,"Applications that are very useful for those who learn English directly from the source, not complicated topppp",positive,positive,0.382,neutral,0.33443725,0.016830344,0.33443725,0.6487324
30965,,1,This apecasi is actually good but just a troubled one! I want to spend it on making it easy!,this apecasi be actually good but just a troubled one! i want to spend it on make it easy!,en,0.9063822031021118,This apecasi is actually good but just a troubled one! I want to spend it on making it easy!,negative,positive,0.428,positive,0.82522756,0.030560426,0.14421201,0.82522756
30966,,5,"good application, very suitable for those who want to learn English","good application, very suitable for those who want to learn english",en,0.9805620312690736,"good application, very suitable for those who want to learn English",positive,positive,0.4939,positive,0.9627062,0.0030817203,0.0342121,0.9627062
30967,,5,"the application is very cool, to help the pronunciation for the better, thank you","the application be very cool, to help the pronunciation for the better, thank you",en,0.93904709815979,"the application is very cool, to help the pronunciation for the better, thank you",positive,positive,0.8737,positive,0.97443175,0.004794695,0.020773582,0.97443175
30968,,1,"Already bought the pro one, but it can't be used, the test can't keep filed, the lesson is filed download","already buy the pro one, but it cannot be used, the test cannot keep filed, the lesson be file download",en,0.9293511509895324,"Already bought the pro one, but it can't be used, the test can't keep filed, the lesson is filed download",negative,neutral,0.0,negative,0.7607619,0.7607619,0.22331974,0.01591831
30969,,5,"I really like this application !!, because I can learn English.","i really like this application! , because i can learn english.",en,0.9213125705718994,"I really like this application !!, because I can learn English.",positive,positive,0.474,positive,0.9869812,0.0026946021,0.010324133,0.9869812
30970,,5,"Good for practicing English, especially speaking and pronunciation","good for practice english, especially speak and pronunciation",en,0.9336503148078918,"Good for practicing English, especially speaking and pronunciation",positive,positive,0.4404,positive,0.84500605,0.009254167,0.14573976,0.84500605
30971,,5,"great application, can learn for the pronunciation","great application, can learn for the pronunciation",en,0.89149010181427,"great application, can learn for the pronunciation",positive,positive,0.6249,positive,0.97802186,0.005186186,0.016791932,0.97802186
30972,,5,Very extraordinary to make us know the English language quickly,very extraordinary to make u know the english language quickly,en,0.9482449293136596,Very extraordinary to make us know the English language quickly,positive,neutral,0.0,positive,0.90354097,0.007841884,0.088617116,0.90354097
30973,,5,very good application. For those of us who just want to learn English,very good application. for those of u who just want to learn english,en,0.9862343072891236,very good application. For those of us who just want to learn English,positive,positive,0.5413,positive,0.96267307,0.003549337,0.03377764,0.96267307
30974,,3,"Quite difficult, other questions that can not be pronunciation of the tongue, not smooth","quite difficult, other question that can not be pronunciation of the tongue, not smooth",en,0.9413534998893738,"Quite difficult, other questions that can not be pronunciation of the tongue, not smooth",neutral,negative,-0.4201,negative,0.6852834,0.6852834,0.30086294,0.013853583
30975,,5,Applications that are very helpful in improving English skills,application that be very helpful in improve english skill,en,0.9433210492134094,Applications that are very helpful in improving English skills,positive,positive,0.7397,positive,0.77721006,0.015066502,0.20772341,0.77721006
30976,,5,"Very good, really taught how to speak in detail","very good, really taught how to speak in detail",en,0.9969118237495422,"Very good, really taught how to speak in detail",positive,positive,0.4927,positive,0.9580621,0.005503524,0.036434375,0.9580621
30977,,5,I came here because Harvard children said learning English is easy to use the Elsa Speak application,i come here because harvard child say learn english be easy to use the elsa speak application,en,0.8615415692329407,I came here because Harvard children said learning English is easy to use the Elsa Speak application,positive,positive,0.4404,neutral,0.65335286,0.047781844,0.65335286,0.29886535
30978,,5,"I like this very helpful if I don't have the application, I certainly can't speak English.","i like this very helpful if i do not have the application, i certainly cannot speak english.",en,0.9707927107810974,"I like this very helpful if I don't have the application, I certainly can't speak English.",positive,positive,0.7902,neutral,0.27504566,0.09246077,0.27504566,0.63249356
30979,,5,"Woww ,, Elsa is really great, the apk is good for training my English speak","woww, elsa be really great, the apk be good for train my english speak",en,0.9357519149780272,"Woww ,, Elsa is really great, the apk is good for training my English speak",positive,positive,0.807,positive,0.98151934,0.004319113,0.014161537,0.98151934
30980,,2,After the list does not appear the initial display even though my wifi internet is high,after the list do not appear the initial display even though my wifi internet be high,en,0.7665069103240967,After the list does not appear the initial display even though my wifi internet is high,negative,neutral,0.0,neutral,0.642968,0.30638653,0.642968,0.050645474
30981,,5,"This is the application I'm looking for. Learn tasty, easy and comfortable without shamelessly laughed at British pretentious","this be the application i be look for. learn tasty, easy and comfortable without shamelessly laugh at british pretentious",en,0.8441987633705139,"This is the application I'm looking for. Learn tasty, easy and comfortable without shamelessly laughed at British pretentious",positive,positive,0.6499,neutral,0.30977228,0.08816438,0.30977228,0.60206336
30982,,5,"good baget app, so I can learn foreign languages","good baget app, so i can learn foreign language",en,0.8084655404090881,"good bagettt app, so I can learn foreign languages",positive,positive,0.4404,positive,0.82679784,0.0074970964,0.16570508,0.82679784
30983,,5,useful applications for learning to improve English speaking skills,useful application for learn to improve english speaking skill,en,0.8776779770851135,useful applications for learning to improve English speaking skills,positive,positive,0.7003,positive,0.72416407,0.012421781,0.26341417,0.72416407
30984,,5,"I got this apk from Tiktok, I want to develop English too","i get this apk from tiktok, i want to develop english too",en,0.8945807814598083,"I got this apk from Tiktok, I want to develop English too",positive,neutral,0.0772,neutral,0.66383374,0.05589431,0.66383374,0.28027192
30985,,5,The APK is very helpful but I hope for all the APK facilities all free hehe,the apk be very helpful but i hope for all the apk facility all free hehe,en,0.8654914498329163,The APK is very helpful but I hope for all the APK facilities all free hehe,positive,positive,0.8943,positive,0.95952344,0.0051334663,0.03534304,0.95952344
30986,,5,useful and good for those who want to train Speaking English,useful and good for those who want to train speaking english,en,0.9721909165382384,useful and good for those who want to train Speaking English,positive,positive,0.7269,positive,0.7747035,0.009553246,0.21574323,0.7747035
30987,,5,"Really good, the main thing, is also easy to understand the learning","really good, the main thing, be also easy to understand the learning",en,0.9820732474327089,"Really good, the main thing, is also easy to understand the learning",positive,positive,0.7264,positive,0.95974326,0.0049024634,0.035354286,0.95974326
30988,,5,"Very good, those of us who are not confident are trained per word for pronunciation. Thank you Elsa 🥰","very good, those of u who be not confident be train per word for pronunciation. thank you elsa 🥰",en,0.8713182806968689,"Very good, those of us who are not confident are trained per word for pronunciation. Thank you Elsa 🥰",positive,positive,0.4705,positive,0.9421733,0.010640371,0.047186315,0.9421733
30989,,2,"I have paid to subscribe to 1 month, but why do I get free features?","i have pay to subscribe to 1 month, but why do i get free features?",en,0.9100919365882874,"I have paid to subscribe to 1 month, but why do I get free features?",negative,positive,0.6428,neutral,0.69337565,0.2744576,0.69337565,0.032166734
30990,,3,"Good, but this app needs a strong signal. if it's not strong, the concertation is very long","good, but this app need a strong signal. if it be not strong, the concertation be very long",en,0.8049999475479126,"Good, but this app needs a strong signal. if it's not strong, the concertation is very long",neutral,positive,0.8968,neutral,0.46818933,0.19653623,0.46818933,0.33527437
30991,,5,"Good application! I am happy, let's download the download, don't have to use scrolls and the comments down, guaranteed this apk is comfortable for you","good application! i be happy, let u download the download, do not have to use scroll and the comment down, guarantee this apk be comfortable for you",en,0.8941832780838013,"Good application! I am happy, let's download the download, don't have to use scrolls and the comments down, guaranteed this apk is comfortable for you",positive,positive,0.9041,positive,0.9480271,0.008547884,0.043425057,0.9480271
30992,,5,cool for beginners who don't know how to pronounce English really helped Walo not subscribe,cool for beginner who do not know how to pronounce english really help walo not subscribe,en,0.9182501435279846,cool for beginners who don't know how to pronounce English really helped Walo not subscribe,positive,positive,0.6478,neutral,0.5043522,0.22128433,0.5043522,0.27436343
30993,,5,"Cool, you have to download, can bnerin your English accent. so that it gets more Caucasians haha","cool, you have to download, can bnerin your english accent. so that it get more caucasian haha",en,0.9369385242462158,"Cool, you have to download, can bnerin your English accent. so that it gets more Caucasians haha",positive,positive,0.6786,positive,0.68384,0.017033782,0.29912624,0.68384
30994,,5,"Extraordinary experience, even through the application, but it feels like being guided.","extraordinary experience, even through the application, but it feel like be guided.",en,0.9641119241714478,"Extraordinary experience, even through the application, but it feels like being guided.",positive,positive,0.5023,positive,0.78272444,0.010467304,0.20680827,0.78272444
30995,,5,Applications that are very helpful in increasing the mastery of pronunciation and speaking.,application that be very helpful in increase the mastery of pronunciation and speaking.,en,0.970782458782196,Applications that are very helpful in increasing the mastery of pronunciation and speaking.,positive,positive,0.6865,positive,0.72209185,0.015721563,0.2621866,0.72209185
30996,,5,Very helpful to learn to be brave in a conversation without awkward and fear of wrong.,very helpful to learn to be brave in a conversation without awkward and fear of wrong.,en,0.9613182544708252,Very helpful to learn to be brave in a conversation without awkward and fear of wrong.,positive,positive,0.7554,positive,0.80953574,0.021030042,0.16943417,0.80953574
30997,,5,Great Job. This application is very interesting and offers many options in learning. The interface is good and easy.,great job. this application be very interesting and offer many option in learning. the interface be good and easy.,en,0.9710860252380372,Great Job. This application is very interesting and offers many options in learning. The interface is good and easy.,positive,positive,0.9168,positive,0.98203677,0.0045344303,0.013428861,0.98203677
30998,,1,"Do not try to tie a trial, my grandmother, automatic funds are cut 765,900 gone instantly. I want to return the funds not to be anjig","do not try to tie a trial, my grandmother, automatic fund be cut 765, 900 go instantly. i want to return the fund not to be anjig",en,0.91500586271286,"Do not try to tie a trial, my grandmother, automatic funds are cut 765,900 gone instantly. I want to return the funds not to be anjig",negative,negative,-0.2023,negative,0.8041494,0.8041494,0.18510412,0.01074657
30999,,5,The possibility will really help me to expedite my English speaking.,the possibility will really help me to expedite my english speaking.,en,0.9555069208145142,The possibility will really help me to expedite my English speaking.,positive,positive,0.4576,positive,0.8994339,0.0047070975,0.09585906,0.8994339
31000,,1,"Hello, I want to do this, why is I uninstalling the apk, the apk is still there in me? I think the APK hasn't been erased, I open the APK Play Stor, it's already erased, how come I still help me, huh 🙏🏻 🙏🏻","hello, i want to do this, why be i uninstalling the apk, the apk be still there in me? i think the apk have not be erased, i open the apk play stor, it be already erased, how come i still help me, huh 🙏 🙏",en,0.9366192817687988,"Hello, I want to do this, why is I uninstalling the apk, the apk is still there in me? I think the APK hasn't been erased, I open the APK Play Stor, it's already erased, how come I still help me, huh 🙏🏻🙏🏻",negative,positive,0.6597,negative,0.64976823,0.64976823,0.32051688,0.029714912
31001,,5,"This application is really good, to train us to speak English !!","this application be really good, to train u to speak english!",en,0.9612662196159364,"This application is really good, to train us to speak English !!",positive,positive,0.54,positive,0.9626871,0.0038523625,0.033460524,0.9626871
31002,,5,useful applications for practicing pronunciation in English thank you Elsa Speak,useful application for practice pronunciation in english thank you elsa speak,en,0.869134247303009,useful applications for practicing pronunciation in English thank you Elsa Speak,positive,positive,0.6597,neutral,0.38984892,0.08108315,0.38984892,0.52906793
31003,,4,This application is good enough to increase knowledge about how to pronounce English,this application be good enough to increase knowledge about how to pronounce english,en,0.9294931292533876,This application is good enough to increase knowledge about how to pronounce English,neutral,positive,0.6369,positive,0.72642815,0.01515937,0.25841245,0.72642815
31004,,1,"How come I have to pay, I've read it in their comments, they say it's free, but I download it, I have to pay, he said, please, please, for free this application because I really want to learn English, please fix it ..... 🥺 🥺 🥺 Please understand 🙏 🙏 🙏","how come i have to pay, i have read it in their comments, they say it be free, but i download it, i have to pay, he said, please, please, for free this application because i really want to learn english, please fix it. 🥺 🥺 🥺 please understand 🙏 🙏 🙏",en,0.984849452972412,"How come I have to pay, I've read it in their comments, they say it's free, but I download it, I have to pay, he said, please, please, for free this application because I really want to learn English, please fix it ..... 🥺🥺🥺 Please understand 🙏🙏🙏",negative,positive,0.9551,negative,0.8129918,0.8129918,0.16865925,0.018348949
31005,,5,Very good for those who want to practice speaking English like native speakers,very good for those who want to practice speak english like native speaker,en,0.9889543056488036,Very good for those who want to practice speaking English like native speakers,positive,positive,0.7178,positive,0.8997275,0.0046265842,0.09564588,0.8997275
31006,,5,"very helpful for me to improve English, but I will try Elsa Pro, thank you","very helpful for me to improve english, but i will try elsa pro, thank you",en,0.9059552550315856,"very helpful for me to improve English, but I will try Elsa Pro, thank you",positive,positive,0.7389,positive,0.9595392,0.0054397765,0.035021026,0.9595392
31007,,5,"It is suitable for those of us who are not smooth in English, thank you Elsa, 🙏 🤗","it be suitable for those of u who be not smooth in english, thank you elsa, 🙏 🤗",en,0.8726571202278137,"It is suitable for those of us who are not smooth in English, thank you Elsa, 🙏🤗",positive,positive,0.3612,positive,0.7828363,0.016664838,0.2004988,0.7828363
31008,,5,Really cool !!!! You can learn English speaking with AI correction,really cool! you can learn english speaking with ai correction,en,0.9639511108398438,Really cool !!!! You can learn English speaking with AI correction,positive,positive,0.4376,positive,0.95122135,0.002592899,0.046185702,0.95122135
31009,,5,"Great, the addition if this can be repetition of the words can slow down so you know how to do the pronunciation","great, the addition if this can be repetition of the word can slow down so you know how to do the pronunciation",en,0.8879151940345764,"Great, the addition if this can be repetition of the words can slow down so you know how to do the pronunciation",positive,positive,0.6249,positive,0.7365819,0.022168403,0.24124971,0.7365819
31010,,5,Very good and useful application for me to learn English,very good and useful application for me to learn english,en,0.956017255783081,Very good and useful application for me to learn English,positive,positive,0.7474,positive,0.97241366,0.002945348,0.024640992,0.97241366
31011,,5,"Cool, we can know where the mistakes in speaking English and the accent ❤","cool, we can know where the mistake in speak english and the accent ❤",en,0.972706377506256,"Cool, we can know where the mistakes in speaking English and the accent ❤",positive,neutral,-0.0258,neutral,0.34708744,0.035187002,0.34708744,0.61772555
31012,,5,APK is very good and helps for conversations that still like to be confused looking for discussion,apk be very good and help for conversation that still like to be confuse look for discussion,en,0.9716352820396424,APK is very good and helps for conversations that still like to be confused looking for discussion,positive,positive,0.7755,positive,0.71302116,0.028437633,0.2585412,0.71302116
31013,,5,Mantapp .... very helping me to learn English ...,mantapp. very help me to learn english.,en,0.9180729985237122,Mantapp .... very helping me to learn English ...,positive,positive,0.4576,positive,0.92774427,0.004058228,0.068197474,0.92774427
31014,,5,really like to learn beginners and there are free ones too thanks for making the application,really like to learn beginner and there be free one too thanks for make the application,en,0.9603154063224792,really like to learn beginners and there are free ones too thanks for making the application,positive,positive,0.8399,positive,0.9220653,0.0071944143,0.07074028,0.9220653
31015,,5,"The learning settings can be adjusted to take the existing mini test, very helpful","the learning setting can be adjust to take the exist mini test, very helpful",en,0.808465301990509,"The learning settings can be adjusted to take the existing mini test, very helpful",positive,positive,0.4754,positive,0.88943493,0.0061401594,0.10442493,0.88943493
31016,,5,good for beginners who want to learn English even if only through the application,good for beginner who want to learn english even if only through the application,en,0.959549844264984,good for beginners who want to learn English even if only through the application,positive,positive,0.4939,positive,0.8017974,0.008289669,0.18991295,0.8017974
31017,,5,"I always wanted to go to America, and that's right that I learned English until now. Yeah it's pretty good","i always want to go to america, and that be right that i learn english until now. yeah it be pretty good",en,0.9688893556594848,"I always wanted to go to America, and that's right that I learned English until now. Yeah it's pretty good",positive,positive,0.8225,positive,0.95735294,0.004916752,0.037730284,0.95735294
31018,,5,the application is very good for those who want to learn English,the application be very good for those who want to learn english,en,0.979405164718628,the application is very good for those who want to learn English,positive,positive,0.5413,positive,0.93941736,0.0037889092,0.056793705,0.93941736
31019,,5,very helpful to learn English for beginners ... Thank you,very helpful to learn english for beginners. thank you,en,0.9584000706672668,very helpful to learn English for beginners ... Thank you,positive,positive,0.6801,positive,0.96277326,0.0049255355,0.032301128,0.96277326
31020,,5,"The application is very good, very helpful for beginners in English.","the application be very good, very helpful for beginner in english.",en,0.957557201385498,"The application is very good, very helpful for beginners in English.",positive,positive,0.7615,positive,0.9780799,0.0031209209,0.018799206,0.9780799
31021,,5,Applications that are very helpful in self -taught learning English.,application that be very helpful in self -taught learning english.,en,0.9385554790496826,Applications that are very helpful in self -taught learning English.,positive,positive,0.4754,positive,0.7225538,0.009085955,0.26836032,0.7225538
31022,,4,This application really helps me to learn English and how to pronounce,this application really help me to learn english and how to pronounce,en,0.9680717587471008,This application really helps me to learn English and how to pronounce,neutral,positive,0.4576,positive,0.90690064,0.0050396845,0.08805962,0.90690064
31023,,5,Elsa is very helpful in learning foreign languages ​​even with limited access free acount.,elsa be very helpful in learn foreign language even with limited access free acount.,en,0.9354992508888244,Elsa is very helpful in learning foreign languages ​​even with limited access free acount.,positive,positive,0.6697,positive,0.8135537,0.008305475,0.17814082,0.8135537
31024,,5,This apk is very helpful for practicing speaking in English,this apk be very helpful for practice speaking in english,en,0.9607611894607544,This apk is very helpful for practicing speaking in English,positive,positive,0.4754,positive,0.918558,0.0051250807,0.07631691,0.918558
31025,,5,applications that are very good for learning English must download,application that be very good for learn english must download,en,0.9684951901435852,applications that are very good for learning English must download,positive,positive,0.4927,positive,0.8847692,0.0065075667,0.10872325,0.8847692
31026,,5,"The application is really kren, really helping to be suitable for school kids who have been deepened in English, I really like it, I really like to learn in English so I like to thank you Elsa Speak","the application be really kren, really help to be suitable for school kid who have be deepen in english, i really like it, i really like to learn in english so i like to thank you elsa speak",en,0.9738049507141112,"The application is really kren, really helping to be suitable for school kids who have been deepened in English, I really like it, I really like to learn in English so I like to thank you Elsa Speak",positive,positive,0.9246,positive,0.9747208,0.004372565,0.020906668,0.9747208
31027,,5,Really helps me who is learning to speak English 🖤,really help me who be learn to speak english 🖤,en,0.982532262802124,Really helps me who is learning to speak English 🖤,positive,positive,0.4576,positive,0.9450448,0.006825715,0.048129495,0.9450448
31028,,5,"Very helpful, learning cool and can enjoy ... teach it really in detail ... Thank you Elsa nice to meet you","very helpful, learn cool and can enjoy. teach it really in detail. thank you elsa nice to meet you",en,0.97811096906662,"Very helpful, learning cool and can enjoy ... teach it really in detail ... Thank you Elsa nice to meet you",positive,positive,0.9249,positive,0.9855322,0.0033072545,0.011160489,0.9855322
31029,,4,Very helpful in learning how to say good words and sentences,very helpful in learn how to say good word and sentence,en,0.9814904928207396,Very helpful in learning how to say good words and sentences,neutral,positive,0.7425,positive,0.797841,0.019271802,0.18288718,0.797841
31030,,5,Cool for applications is very helpful for those who want to learn English,cool for application be very helpful for those who want to learn english,en,0.9716396331787108,Cool for applications is very helpful for those who want to learn English,positive,positive,0.6901,positive,0.9346249,0.0053665536,0.060008552,0.9346249
31031,,5,It's fun to find a partner to upgrade Speaking Skill,it be fun to find a partner to upgrade speaking skill,en,0.96011883020401,It's fun to find a partner to upgrade Speaking Skill,positive,positive,0.5106,positive,0.73237824,0.011850551,0.25577113,0.73237824
31032,,5,applications that really help speaking students / people who want to learn English,application that really help speak student / people who want to learn english,en,0.9880272150039672,applications that really help speaking students / people who want to learn English,positive,positive,0.5095,neutral,0.3490028,0.012321277,0.3490028,0.63867587
31033,,5,"Cool, making English fluently pronunciation","cool, make english fluently pronunciation",en,0.929702639579773,"Cool, making English fluently pronunciation",positive,positive,0.3182,positive,0.7069411,0.021172464,0.2718864,0.7069411
31034,,4,Very helpful to improve English skills,very helpful to improve english skill,en,0.9367209672927856,Very helpful to improve English skills,neutral,positive,0.7397,positive,0.9415111,0.006455587,0.052033328,0.9415111
31035,,5,Recommended Apps to Learn English !! 👍 👍 👍band,recommend apps to learn english! 👍 👍 👍band,en,0.6870847940444946,Recommended Apps to Learn English !! 👍👍👍band,positive,positive,0.4199,positive,0.91957945,0.0045935777,0.07582694,0.91957945
31036,,4,very helpful applications for learning English,very helpful application for learn english,en,0.953328549861908,very helpful applications for learning English,neutral,positive,0.4754,positive,0.9474237,0.005789772,0.046786465,0.9474237
31037,,5,Very helpful for me who is okay in writing but bad in pronunciation ... sy gives five stars.,very helpful for me who be okay in write but bad in pronunciation. sy give five stars.,en,0.9638915657997132,Very helpful for me who is okay in writing but bad in pronunciation ... sy gives five stars.,positive,negative,-0.5029,positive,0.86382234,0.038433637,0.09774405,0.86382234
31038,,3,The application is good very helpful to learn beginner English,the application be good very helpful to learn beginner english,en,0.9250852465629578,The application is good very helpful to learn beginner English,neutral,positive,0.7178,positive,0.96251017,0.0045903684,0.032899536,0.96251017
31039,,5,This application is very helpful for me in good and correct English pronunciation,this application be very helpful for me in good and correct english pronunciation,en,0.9201425313949584,This application is very helpful for me in good and correct English pronunciation,positive,positive,0.7178,positive,0.93335795,0.0044527357,0.062189292,0.93335795
31040,,5,very good to be fluent in English properly with its pronunciation,very good to be fluent in english properly with it be pronunciation,en,0.925181806087494,very good to be fluent in English properly with its pronunciation,positive,positive,0.4927,positive,0.94995445,0.0057493323,0.04429618,0.94995445
31041,,5,applications that can help me learn English pronunciation,application that can help me learn english pronunciation,en,0.8897789716720581,applications that can help me learn English pronunciation,positive,positive,0.4019,neutral,0.6487366,0.0248311,0.6487366,0.32643226
31042,,5,applications that are very suitable for beginners to learn English,application that be very suitable for beginner to learn english,en,0.9607051014900208,applications that are very suitable for beginners to learn English,positive,neutral,0.0,neutral,0.35504422,0.013759567,0.35504422,0.6311962
31043,,5,very helpful to learn the correct English pronunciation,very helpful to learn the correct english pronunciation,en,0.9148614406585692,very helpful to learn the correct English pronunciation,positive,positive,0.4754,positive,0.920133,0.0069293915,0.0729376,0.920133
31044,,5,"Can find out English pronunciation, really good 👍🏻 👍🏻","can find out english pronunciation, really good 👍 👍",en,0.9176903367042542,"Can find out English pronunciation, really good 👍🏻👍🏻",positive,positive,0.4927,positive,0.9771253,0.0035168894,0.01935779,0.9771253
31045,,5,"Good application ,, all can help can speak English","good application, all can help can speak english",en,0.9494475722312928,"Good application ,, all can help can speak English",positive,positive,0.6808,positive,0.952856,0.0059614833,0.04118251,0.952856
31046,,5,I really like this application and can help people want to learn English,i really like this application and can help people want to learn english,en,0.98127681016922,I really like this application and can help people want to learn English,positive,positive,0.6997,positive,0.9801209,0.0026301045,0.017249016,0.9801209
31047,,5,"good for those who want to learn english, but paid","good for those who want to learn english, but pay",en,0.9850799441337584,"good for those who want to learn english, but paid",positive,neutral,0.128,positive,0.6757993,0.024985826,0.2992149,0.6757993
31048,,5,This application is really cool .... really helping for those who want to learn English,this application be really cool. really help for those who want to learn english,en,0.9842336177825928,This application is really cool .... really helping for those who want to learn English,positive,positive,0.7311,positive,0.975609,0.0028504753,0.021540526,0.975609
31049,,5,Very good very helpful for us to learn English,very good very helpful for u to learn english,en,0.9876378774642944,Very good very helpful for us to learn English,positive,positive,0.7615,positive,0.9749898,0.00303497,0.02197533,0.9749898
31050,,5,very interesting ... very helpful for me in practicing English conversations,very interesting. very helpful for me in practice english conversation,en,0.9629033207893372,very interesting ... very helpful for me in practicing English conversations,positive,positive,0.7468,positive,0.9824385,0.002519153,0.015042392,0.9824385
31051,,5,help bengget for those who want to learn English self -taught,help bengget for those who want to learn english self -taught,en,0.931832492351532,help bengget for those who want to learn English self -taught,positive,positive,0.4588,neutral,0.7770801,0.039171524,0.7770801,0.1837483
31052,,5,Very helpful in learning to good luck,very helpful in learn to good luck,en,0.986394703388214,Very helpful in learning to good luck,positive,positive,0.8399,positive,0.9590964,0.008115054,0.03278851,0.9590964
31053,,5,I like the lessons very easy to understand for English ...,i like the lesson very easy to understand for english.,en,0.9598153233528136,I like the lessons very easy to understand for English ...,positive,positive,0.6901,positive,0.9725151,0.004062733,0.023422167,0.9725151
31054,,5,This application is very good and has helped me in English pronunciation,this application be very good and have help me in english pronunciation,en,0.957608163356781,This application is very good and has helped me in English pronunciation,positive,positive,0.7089,positive,0.9695454,0.00428002,0.026174543,0.9695454
31055,,5,The application is very good for learning English for beginners,the application be very good for learn english for beginner,en,0.9336087107658386,The application is very good for learning English for beginners,positive,positive,0.4927,positive,0.94186664,0.0044832644,0.053650055,0.94186664
31056,,4,"Cool Application Recommended 2021, very helpful for beginners to learn English, thanks","cool application recommend 2021, very helpful for beginner to learn english, thanks",en,0.9036406874656676,"Cool Application Recommended 2021, very helpful for beginners to learn English, thanks",neutral,positive,0.8687,positive,0.9804788,0.003725593,0.015795598,0.9804788
31057,,5,Sophisticated and Complete App to Learn English With Happy Without Teachers,sophisticated and complete app to learn english with happy without teacher,en,0.9445363283157348,Sophisticated and Complete App to Learn English With Happy Without Teachers,positive,positive,0.8074,neutral,0.5109816,0.042694435,0.5109816,0.446324
31058,,5,"Uh seriously this application is really good, very suitable for those who want to study English","uh seriously this application be really good, very suitable for those who want to study english",en,0.9817743897438048,"Uh seriously this application is really good, very suitable for those who want to study English",positive,positive,0.4201,positive,0.98370045,0.0028471875,0.013452395,0.98370045
31059,,5,very helpful in learning English independently,very helpful in learn english independently,en,0.9758949875831604,very helpful in learning English independently,positive,positive,0.4754,positive,0.9121685,0.0064765573,0.08135495,0.9121685
31060,,4,"pretty good, but too many limits for free users","pretty good, but too many limit for free user",en,0.9662493467330932,"pretty good, but too many limits for free users",neutral,positive,0.8176,positive,0.7128143,0.06805988,0.21912584,0.7128143
31061,,5,"really good, hopefully we can all speak English smoothly","really good, hopefully we can all speak english smoothly",en,0.9714310169219972,"really good, hopefully we can all speak English smoothly",positive,positive,0.7328,positive,0.9623646,0.0040052105,0.033630203,0.9623646
31062,,5,This Elsa Speak is very good for practicing pronunciation in English,this elsa speak be very good for practice pronunciation in english,en,0.946427583694458,This Elsa Speak is very good for practicing pronunciation in English,positive,positive,0.4927,positive,0.89252466,0.0056828377,0.10179249,0.89252466
31063,,5,It is recommended that those who are still lacking in speaking can practice together in this application 😚,it be recommend that those who be still lack in speaking can practice together in this application 😚,en,0.965126633644104,It is recommended that those who are still lacking in speaking can practice together in this application 😚,positive,neutral,0.0516,positive,0.6519346,0.008272344,0.339793,0.6519346
31064,,5,Good in the first interesting interface and daily program that makes the spirit to follow it,good in the first interesting interface and daily program that make the spirit to follow it,en,0.9268856644630432,Good in the first interesting interface and daily program that makes the spirit to follow it,positive,positive,0.743,positive,0.9549421,0.0041063013,0.040951576,0.9549421
31065,,5,wow this application is good for those of you who want to be able to do the correct English pronunciation,wow this application be good for those of you who want to be able to do the correct english pronunciation,en,0.9375930428504944,wow this application is good for those of you who want to be able to do the correct English pronunciation,positive,positive,0.7906,positive,0.9267549,0.007226217,0.066018954,0.9267549
31066,,5,Bagakss can help to speaking english correctly ❤️ ❤️ ❤️ ❤️,bagakss can help to speak english correctly ❤ ❤ ❤ ❤,en,0.8318453431129456,Bagakss can help to speaking english correctly❤️❤️❤️❤️,positive,positive,0.4019,positive,0.90328807,0.0058486527,0.09086323,0.90328807
31067,,5,Very good helping me to learn English great 👍 ☺️,very good help me to learn english great 👍 ☺,en,0.9519212245941162,Very good helping me to learn English great 👍☺️,positive,positive,0.8826,positive,0.98265034,0.003536239,0.013813376,0.98265034
31068,,5,The application is cool ... very helpful to learn English 🥰,the application be cool. very helpful to learn english 🥰,en,0.9492958188056946,The application is cool ... very helpful to learn English 🥰,positive,positive,0.659,positive,0.98286563,0.0034620664,0.013672304,0.98286563
31069,,4,very helpful to learn English good application,very helpful to learn english good application,en,0.960482656955719,very helpful to learn English good application,neutral,positive,0.7178,positive,0.9726739,0.0055407174,0.02178538,0.9726739
31070,,5,The application is very useful for learning speaking. Good,the application be very useful for learn speaking. good,en,0.9555039405822754,The application is very useful for learning speaking. Good,positive,positive,0.7264,positive,0.9583538,0.0038149226,0.03783126,0.9583538
31071,,5,"This application really helps me to learn English, thank you","this application really help me to learn english, thank you",en,0.9275001883506776,"This application really helps me to learn English, thank you",positive,positive,0.6697,positive,0.97419626,0.004215888,0.021587921,0.97419626
31072,,5,The application is really good for wanting to learn English,the application be really good for want to learn english,en,0.9683592319488524,The application is really good for wanting to learn English,positive,positive,0.5799,positive,0.95383066,0.0047586244,0.041410707,0.95383066
31073,,1,"Already a list of 3 months pro, the application cannot be opened even","already a list of 3 month pro, the application cannot be open even",en,0.8904679417610168,"Already a list of 3 months pro, the application cannot be opened even",negative,neutral,0.0,negative,0.79072756,0.79072756,0.19760486,0.011667558
31074,,5,its good application for beginners in learning English,it be good application for beginner in learn english,en,0.8865051865577698,its good application for beginners in learning English,positive,positive,0.4404,positive,0.77067786,0.010620757,0.2187014,0.77067786
31075,,5,Very helpful in learning to use English words and sentences,very helpful in learn to use english word and sentence,en,0.9711756110191344,Very helpful in learning to use English words and sentences,positive,positive,0.5256,positive,0.8833674,0.007719904,0.108912654,0.8833674
31076,,4,"I like this application, very helping me in pronunciation in English.","i like this application, very help me in pronunciation in english.",en,0.9398754239082336,"I like this application, very helping me in pronunciation in English.",neutral,positive,0.6697,positive,0.9729856,0.004922534,0.022091812,0.9729856
31077,,5,Very helpful for the correct improvement of pronunciation,very helpful for the correct improvement of pronunciation,en,0.9250707626342772,Very helpful for the correct improvement of pronunciation,positive,positive,0.7264,positive,0.8937108,0.0089515615,0.09733762,0.8937108
31078,,5,This application is good for learning English that is good and right.,this application be good for learn english that be good and right.,en,0.9519947171211244,This application is good for learning English that is good and right.,positive,positive,0.7003,positive,0.87770414,0.010008774,0.11228707,0.87770414
31079,,5,Apk Learn English The coolest anyway!,apk learn english the cool anyway!,en,0.920129120349884,Apk Learn English The coolest anyway!,positive,positive,0.3802,positive,0.8913516,0.010222213,0.09842624,0.8913516
31080,,5,The apk is good for beginners who want to learn English,the apk be good for beginner who want to learn english,en,0.9438444972038268,The apk is good for beginners who want to learn English,positive,positive,0.4939,positive,0.7430855,0.010561313,0.24635318,0.7430855
31081,,5,Please add the grammar check feature (grammar checker),please add the grammar check feature grammar checker,en,0.5312120318412781,Please add the grammar check feature (grammar checker),positive,positive,0.3182,neutral,0.7055163,0.11922896,0.7055163,0.1752548
31082,,5,Very good for learning English pronunciation ..,very good for learn english pronunciation.,en,0.9424644708633424,Very good for learning English pronunciation ..,positive,positive,0.4927,positive,0.93950754,0.005127898,0.055364575,0.93950754
31083,,1,"How come it's already true, it's still wrong, how about this speech recognition, how come it's not too suitable for pronounces uk","how come it be already true, it be still wrong, how about this speech recognition, how come it be not too suitable for pronounces uk",en,0.924651861190796,"How come it's already true, it's still wrong, how about this speech recognition, how come it's not too suitable for pronounces uk",negative,neutral,-0.0772,negative,0.9136908,0.9136908,0.08123599,0.0050731795
31084,,5,Help English pronunciation properly,help english pronunciation properly,en,0.5579490065574646,Help English pronunciation properly,positive,positive,0.4019,neutral,0.6118038,0.21465446,0.6118038,0.17354168
31085,,4,The material is updated every day is really cool to add English vocabulary,the material be updated every day be really cool to add english vocabulary,en,0.7251973152160645,The material is updated every day is really cool to add English vocabulary,neutral,positive,0.3804,positive,0.93148166,0.004431851,0.06408651,0.93148166
31086,,5,This application really helps me in learning English,this application really help me in learn english,en,0.955927312374115,This application really helps me in learning English,positive,positive,0.4576,positive,0.9110735,0.005769487,0.083157055,0.9110735
31087,,5,"Train us, we can speak English with true","train us, we can speak english with true",en,0.9524630904197692,"Train us, we can speak English with true",positive,positive,0.4215,neutral,0.56117696,0.01931213,0.56117696,0.41951096
31088,,5,This apk is very good to help you to learn English,this apk be very good to help you to learn english,en,0.9753767251968384,This apk is very good to help you to learn English,positive,positive,0.7316,positive,0.9430691,0.004516703,0.052414212,0.9430691
31089,,5,Really help this application for those who want to learn English,really help this application for those who want to learn english,en,0.9817288517951964,Really help this application for those who want to learn English,positive,positive,0.5095,positive,0.8468033,0.0077019962,0.14549471,0.8468033
31090,,5,"cool, can understand my English which doesn't have a verb","cool, can understand my english which do not have a verb",en,0.9871386885643004,"cool, can understand my English which doesn't have a verb",positive,positive,0.3182,neutral,0.34036034,0.046237275,0.34036034,0.6134024
31091,,5,very helpful for guests who are or want to speak fluently,very helpful for guest who be or want to speak fluently,en,0.994446337223053,very helpful for guests who are or want to speak fluently,positive,positive,0.5256,positive,0.91548204,0.0059506884,0.07856722,0.91548204
31092,,5,really helps our tongue in English pronunciation,really help our tongue in english pronunciation,en,0.9018005132675172,really helps our tongue in English pronunciation,positive,positive,0.4576,positive,0.7270558,0.014633807,0.2583104,0.7270558
31093,,5,Very good to make it easier for us to speak English,very good to make it easy for u to speak english,en,0.986357569694519,Very good to make it easier for us to speak English,positive,positive,0.7264,positive,0.9303169,0.0064651994,0.06321788,0.9303169
31094,,5,"Thank you, very helpful for me to learn English","thank you, very helpful for me to learn english",en,0.9619691371917723,"Thank you, very helpful for me to learn English",positive,positive,0.6801,positive,0.97384405,0.0049372744,0.021218695,0.97384405
31095,,5,The application is very useful for me who has difficulty learning English,the application be very useful for me who have difficulty learn english,en,0.968049705028534,The application is very useful for me who has difficulty learning English,positive,neutral,0.2006,positive,0.7956639,0.011308415,0.19302772,0.7956639
31096,,5,suitable for learning English that does not have time to come or take the time to the course,suitable for learn english that do not have time to come or take the time to the course,en,0.957705557346344,suitable for learning English that does not have time to come or take the time to the course,positive,neutral,0.0,neutral,0.5914542,0.34548536,0.5914542,0.0630605
31097,,5,the application is really good for those who want to learn pronunciation,the application be really good for those who want to learn pronunciation,en,0.9711731672286988,the application is really good for those who want to learn pronunciation,positive,positive,0.5413,positive,0.9427719,0.004696648,0.052531447,0.9427719
31098,,5,"Alhamdulillah, find an application that I really need ... hopefully it can be subscribed soon ..","alhamdulillah, find an application that i really need. hopefully it can be subscribe soon.",en,0.9522370100021362,"Alhamdulillah, find an application that I really need ... hopefully it can be subscribed soon ..",positive,positive,0.4549,positive,0.90241706,0.012284743,0.08529824,0.90241706
31099,,5,really good and helps in practicing English,really good and help in practice english,en,0.978273868560791,really good and helps in practicing English,positive,positive,0.7316,positive,0.9690142,0.003946685,0.027039064,0.9690142
31100,,5,I love five stars. This application is really very good. Very helpful and not boring. 😊 I like it.,i love five stars. this application be really very good. very helpful and not boring. 😊 i like it.,en,0.9870774745941162,I love five stars. This application is really very good. Very helpful and not boring. 😊 I like it.,positive,positive,0.8975,positive,0.98779047,0.0045068203,0.007702687,0.98779047
31101,,5,very helpful to learn English,very helpful to learn english,en,0.976998805999756,very helpful to learn English,positive,positive,0.4754,positive,0.9648613,0.0053406763,0.029798035,0.9648613
31102,,5,very good for learning English pronunciation,very good for learn english pronunciation,en,0.9273227453231812,very good for learning English pronunciation,positive,positive,0.4927,positive,0.9414065,0.0061138636,0.052479662,0.9414065
31103,,5,Really recommendations that have the desire to facilitate English.,really recommendation that have the desire to facilitate english.,en,0.9551008343696594,Really recommendations that have the desire to facilitate English.,positive,positive,0.4019,neutral,0.641649,0.07766178,0.641649,0.28068924
31104,,5,This application helps for children to practice English,this application help for child to practice english,en,0.9158063530921936,This application helps for children to practice English,positive,positive,0.4019,neutral,0.52606577,0.009585382,0.52606577,0.46434885
31105,,5,"very good and very helpful, in learning English ..","very good and very helpful, in learn english.",en,0.9914275407791138,"very good and very helpful, in learning English ..",positive,positive,0.742,positive,0.974944,0.0033109246,0.021745117,0.974944
31106,,4,very good and helps for those who want to learn language,very good and help for those who want to learn language,en,0.9912275671958924,very good and helps for those who want to learn language,neutral,positive,0.7548,positive,0.9282397,0.005151023,0.06660925,0.9282397
31107,,3,"can help in learning English ,, really cool","can help in learn english, really cool",en,0.9485313296318054,"can help in learning English ,, really cool",neutral,positive,0.6478,positive,0.97567165,0.003112381,0.021216048,0.97567165
31108,,5,I am a new user and this application really helps me in learning English.,i be a new user and this application really help me in learn english.,en,0.9441193342208862,I am a new user and this application really helps me in learning English.,positive,positive,0.4576,positive,0.89539695,0.0035955831,0.1010074,0.89539695
31109,,5,very helpful to learn English but not free,very helpful to learn english but not free,en,0.9630913138389589,very helpful to learn English but not free,positive,negative,-0.3625,neutral,0.3720209,0.067230724,0.3720209,0.56074834
31110,,5,Good and full features recommendations for downloading this application will not regret it,good and full feature recommendation for download this application will not regret it,en,0.8787185549736023,Good and full features recommendations for downloading this application will not regret it,positive,positive,0.6407,positive,0.9780621,0.0044311816,0.017506672,0.9780621
31111,,5,This is really cool for beginners who want to learn English,this be really cool for beginner who want to learn english,en,0.9632604122161864,This is really cool for beginners who want to learn English,positive,positive,0.4391,positive,0.96598643,0.0031513018,0.0308623,0.96598643
31112,,5,very helpful to learn to speak English,very helpful to learn to speak english,en,0.991585910320282,very helpful to learn to speak English,positive,positive,0.4754,positive,0.9590863,0.0054025855,0.03551107,0.9590863
31113,,5,The application helps to learn SGT is good 👩‍ 🍳 ❕ ❗,the application help to learn sgt be good 👩 🍳 ❕ ❗,en,0.8370532989501953,The application helps to learn SGT is good👩‍🍳❕❗,positive,positive,0.6808,positive,0.8000524,0.0057178847,0.19422969,0.8000524
31114,,5,This application is really good for learning English,this application be really good for learn english,en,0.94463050365448,This application is really good for learning English,positive,positive,0.4927,positive,0.9624671,0.0049816715,0.032551296,0.9624671
31115,,5,good for beginners who want to learn English like me,good for beginner who want to learn english like me,en,0.9599069356918336,good for beginners who want to learn English like me,positive,positive,0.6908,positive,0.9097273,0.005462365,0.084810376,0.9097273
31116,,5,This application is very helpful for me who wants to learn English.,this application be very helpful for me who want to learn english.,en,0.9640044569969176,This application is very helpful for me who wants to learn English.,positive,positive,0.5256,positive,0.9483474,0.0028950556,0.0487575,0.9483474
31117,,5,very helpful for the learning process B. English for beginners,very helpful for the learning process b. english for beginner,en,0.92352032661438,very helpful for the learning process B. English for beginners,positive,positive,0.4754,positive,0.8916646,0.0039351224,0.104400195,0.8916646
31118,,5,good to be able to smooth the word English word 👍 👍,good to be able to smooth the word english word 👍 👍,en,0.8879523873329163,good to be able to smooth the word English word 👍👍,positive,positive,0.4404,positive,0.93647397,0.0045671053,0.058958914,0.93647397
31119,,5,Good application. Really helping to learn speakes,good application. really help to learn speakes,en,0.9758312702178956,Good application. Really helping to learn speakes,positive,positive,0.7089,positive,0.9578007,0.007969205,0.034230106,0.9578007
31120,,5,very easy to learn English once,very easy to learn english once,en,0.9603537321090698,very easy to learn English once,positive,positive,0.4927,positive,0.8793387,0.007724577,0.11293673,0.8793387
31121,,4,very helpful applications but there are some items that are paid but it's ok aaja,very helpful application but there be some item that be pay but it be ok aaja,en,0.958271026611328,very helpful applications but there are some items that are paid but it's ok aaja,neutral,positive,0.5017,positive,0.8393691,0.021462226,0.13916864,0.8393691
31122,,5,Very good application helps me learn English,very good application help me learn english,en,0.9442588090896606,Very good application helps me learn English,positive,positive,0.7316,positive,0.97582203,0.0039336067,0.020244395,0.97582203
31123,,5,Good is very helpful for learning English,good be very helpful for learn english,en,0.9471885561943054,Good is very helpful for learning English,positive,positive,0.7178,positive,0.922377,0.008267022,0.069356,0.922377
31124,,5,"This material is very helpful for beginners, quite simple and can be understood","this material be very helpful for beginners, quite simple and can be understood",en,0.9205459356307985,"This material is very helpful for beginners, quite simple and can be understood",positive,positive,0.4754,positive,0.97033405,0.0033973246,0.02626859,0.97033405
31125,,5,very helping me to regulate the style of pronunciation in English,very help me to regulate the style of pronunciation in english,en,0.9319626092910768,very helping me to regulate the style of pronunciation in English,positive,positive,0.4576,neutral,0.6256123,0.049310535,0.6256123,0.32507718
31126,,5,exciting interesting application for learning English,excite interesting application for learn english,en,0.8923273086547852,exciting interesting application for learning English,positive,positive,0.7003,positive,0.9810836,0.0029804816,0.015935982,0.9810836
31127,,4,Excellent English learning platform!,excellent english learning platform!,en,0.7743608951568604,Excellent English learning platform!,neutral,positive,0.6114,positive,0.9802376,0.0022002123,0.017562168,0.9802376
31128,,4,This application is very good for learning to speak English,this application be very good for learn to speak english,en,0.9770290851593018,This application is very good for learning to speak English,neutral,positive,0.4927,positive,0.9489919,0.004719765,0.046288405,0.9489919
31129,,5,great application for us to learn speaking from beginner,great application for u to learn speak from beginner,en,0.970530331134796,great application for us to learn speaking from beginner,positive,positive,0.6249,positive,0.9419485,0.0046657277,0.053385768,0.9419485
31130,,5,This Elsa Speak application is very good and can help me in learning English independently,this elsa speak application be very good and can help me in learn english independently,en,0.9674009084701538,This Elsa Speak application is very good and can help me in learning English independently,positive,positive,0.7089,positive,0.9521342,0.0031959878,0.04466975,0.9521342
31131,,4,good for children to learn to speak English,good for child to learn to speak english,en,0.9799337983131408,good for children to learn to speak English,neutral,positive,0.4404,positive,0.79822326,0.015014654,0.18676212,0.79822326
31132,,5,The best English learning application I've ever found 😭 😭 hopefully you can subscribe 🤧,the best english learn application i have ever find 😭 😭 hopefully you can subscribe 🤧,en,0.9096481800079346,The best English learning application I've ever found 😭😭 hopefully you can subscribe 🤧,positive,positive,0.7845,positive,0.9882107,0.0030657118,0.008723573,0.9882107
31133,,4,really good to help us learn English that is true,really good to help u learn english that be true,en,0.9529932737350464,really good to help us learn English that is true,neutral,positive,0.8384,positive,0.9714266,0.0046621114,0.023911236,0.9714266
31134,,5,Cool helps for us to speak English,cool help for u to speak english,en,0.9606665372848512,Cool helps for us to speak English,positive,positive,0.6124,positive,0.8159307,0.0066286563,0.1774407,0.8159307
31135,,5,"cool application, can hone our pronunciation","cool application, can hone our pronunciation",en,0.8147183656692505,"cool application, can hone our pronunciation",positive,positive,0.3182,positive,0.95797205,0.0060220994,0.036005773,0.95797205
31136,,5,Like ... it's easy ... quickly remember,like. it be easy. quickly remember,en,0.9564613103866576,Like ... it's easy ... quickly remember,positive,positive,0.6597,neutral,0.3677081,0.028596766,0.3677081,0.6036952
31137,,5,can't say. The application is really good. MANDATORY DOWNLOAD LEARN LEARNING BACKA British !!!!!.,cannot say. the application be really good. mandatory download learn learn backa british! .,en,0.9137668013572692,can't say. The application is really good. MANDATORY DOWNLOAD LEARN LEARNING BACKA British !!!!!.,positive,positive,0.6204,positive,0.9529187,0.0055660694,0.041515198,0.9529187
31138,,5,fun for learning not bored with other applications,fun for learn not bore with other application,en,0.932701826095581,fun for learning not bored with other applications,positive,positive,0.6174,neutral,0.3569863,0.034728646,0.3569863,0.608285
31139,,5,The application is very good and really helps me in English,the application be very good and really help me in english,en,0.9777815937995912,The application is very good and really helps me in English,positive,positive,0.734,positive,0.97205645,0.003976795,0.023966728,0.97205645
31140,,5,"Good, suitable for those who want to learn English","good, suitable for those who want to learn english",en,0.9720004200935364,"Good, suitable for those who want to learn English",positive,positive,0.4939,positive,0.9160052,0.0036810667,0.080313705,0.9160052
31141,,5,This application is very good for those who want to learn pronunciation ..,this application be very good for those who want to learn pronunciation.,en,0.9749634265899658,This application is very good for those who want to learn pronunciation ..,positive,positive,0.5413,positive,0.9546506,0.0032258565,0.042123586,0.9546506
31142,,5,"very much, but I can't subscribe, even though the Dishoope balance has been filled","very much, but i cannot subscribe, even though the dishoope balance have be fill",en,0.9645057916641236,"very much, but I can't subscribe, even though the Dishoope balance has been filled",positive,neutral,0.0,negative,0.77649444,0.77649444,0.21250509,0.011000473
31143,,5,very helpful in learning English,very helpful in learn english,en,0.9757436513900756,very helpful in learning English,positive,positive,0.4754,positive,0.94445586,0.0058209714,0.04972314,0.94445586
31144,,4,good recommended for those who want to learn English ... awesome,good recommend for those who want to learn english. awesome,en,0.9529042840003968,good recommended for those who want to learn English ... awesome,neutral,positive,0.8689,positive,0.9845756,0.002377142,0.013047253,0.9845756
31145,,5,The application is really good for the first time trying fun to learn English for beginners,the application be really good for the first time try fun to learn english for beginner,en,0.926991045475006,The application is really good for the first time trying fun to learn English for beginners,positive,positive,0.7574,positive,0.96892965,0.0040810322,0.02698931,0.96892965
31146,,1,very good application for training English pronunciation,very good application for train english pronunciation,en,0.9290526509284972,very good application for training English pronunciation,negative,positive,0.4927,positive,0.92728424,0.0067015765,0.066014215,0.92728424
31147,,5,helps for beginners to learn English 😍,help for beginner to learn english 😍,en,0.9201395511627196,helps for beginners to learn English 😍,positive,positive,0.4019,positive,0.9105097,0.0054061273,0.08408417,0.9105097
31148,,5,This application is very helpful for learning English from toddlers age,this application be very helpful for learn english from toddler age,en,0.9453096985816956,This application is very helpful for learning English from toddlers age,positive,positive,0.4754,positive,0.8894655,0.004816551,0.10571794,0.8894655
31149,,5,Applications are easy to use and very helpful in learning,application be easy to use and very helpful in learn,en,0.9621130228042604,Applications are easy to use and very helpful in learning,positive,positive,0.7178,positive,0.9309631,0.0077787023,0.061258182,0.9309631
31150,,5,Practice English carefully and correctly,practice english carefully and correctly,en,0.8878962993621826,Practice English carefully and correctly,positive,neutral,0.128,neutral,0.6301478,0.049920507,0.6301478,0.3199317
31151,,3,Like slow and the design is less attractive.,like slow and the design be less attractive.,en,0.949479341506958,Like slow and the design is less attractive.,neutral,positive,0.6258,negative,0.785418,0.785418,0.19934253,0.015239423
31152,,5,Very useful for learning English pronunciation for beginners like me,very useful for learn english pronunciation for beginner like me,en,0.8848456144332886,Very useful for learning English pronunciation for beginners like me,positive,positive,0.6901,positive,0.9109147,0.0065551675,0.08253014,0.9109147
31153,,4,"This application is really good for beginners .. For those of you who don't know English, please download this application help this app is really good","this application be really good for beginners. for those of you who do not know english, please download this application help this app be really good",en,0.952263593673706,"This application is really good for beginners .. For those of you who don't know English, please download this application help this app is really good",neutral,positive,0.7978,positive,0.9733585,0.0024432112,0.024198234,0.9733585
31154,,5,Very good .. Learning is easier to understand with this application ✨,very good. learning be easy to understand with this application ✨,en,0.9790640473365784,Very good .. Learning is easier to understand with this application✨,positive,positive,0.7264,positive,0.9839563,0.0035587118,0.012485018,0.9839563
31155,,5,This application is really cool to be able to practice speaking English 👍 😆,this application be really cool to be able to practice speak english 👍 😆,en,0.9599468111991882,This application is really cool to be able to practice speaking English 👍😆,positive,positive,0.3804,positive,0.9803268,0.0021046938,0.017568547,0.9803268
31156,,5,apk.nya is really good,apk. nya be really good,en,0.8468233346939087,apk.nya is really good,positive,positive,0.4927,positive,0.8664892,0.0089527685,0.124558136,0.8664892
31157,,5,very easy and helps me say good and correct pronunciation words,very easy and help me say good and correct pronunciation word,en,0.9228299856185912,very easy and helps me say good and correct pronunciation words,positive,positive,0.8425,positive,0.9011295,0.009278264,0.08959228,0.9011295
31158,,5,Very helpful for me who wants to learn English alone 😍,very helpful for me who want to learn english alone 😍,en,0.9780638217926024,Very helpful for me who wants to learn English alone 😍,positive,positive,0.3384,positive,0.9700445,0.002651921,0.027303595,0.9700445
31159,,5,Really tasty so exciting so happy to learn English,really tasty so excite so happy to learn english,en,0.9299030900001526,Really tasty so exciting so happy to learn English,positive,positive,0.8858,positive,0.9894015,0.0027956148,0.0078028864,0.9894015
31160,,4,"I really like it but in the first 4, I hope I will be given an increase again when I read it already hard but still repeated","i really like it but in the first 4, i hope i will be give an increase again when i read it already hard but still repeat",en,0.9444363713264464,"I really like it but in the first 4, I hope I will be given an increase again when I read it already hard but still repeated",neutral,positive,0.7962,positive,0.9604873,0.0047658565,0.03474679,0.9604873
31161,,5,very good so I can speak English slowly the land,very good so i can speak english slowly the land,en,0.9659759402275084,very good so I can speak English slowly the land,positive,positive,0.4927,positive,0.9507874,0.0050623734,0.04415025,0.9507874
31162,,5,"Cool, we can more easily learn language. England 🌷","cool, we can more easily learn language. england 🌷",en,0.9205475449562072,"Cool, we can more easily learn language. England 🌷",positive,positive,0.6115,positive,0.9570639,0.0027280217,0.04020807,0.9570639
31163,,5,"Very helpful to learn English, thank you.","very helpful to learn english, thank you.",en,0.9810025095939636,"Very helpful to learn English, thank you.",positive,positive,0.6801,positive,0.97845274,0.004688629,0.016858652,0.97845274
31164,,5,really recommendations for learning English,really recommendation for learn english,en,0.9364616870880128,really recommendations for learning English,positive,neutral,0.0,positive,0.707397,0.037928473,0.25467452,0.707397
31165,,5,very helpful in the correct English pronunciation,very helpful in the correct english pronunciation,en,0.9030067324638368,very helpful in the correct English pronunciation,positive,positive,0.4754,positive,0.93711907,0.0045356127,0.058345377,0.93711907
31166,,5,Cool is really loyal our English skills,cool be really loyal our english skill,en,0.851820170879364,Cool is really loyal our English skills,positive,positive,0.6901,positive,0.8662546,0.011885142,0.12186026,0.8662546
31167,,5,Helps really for those who want to learn English 👍 👍 👍,help really for those who want to learn english 👍 👍 👍,en,0.9837611317634584,Helps really for those who want to learn English👍👍👍,positive,positive,0.4588,positive,0.8728619,0.0052536665,0.12188445,0.8728619
31168,,3,very good for learning pronunciation ❤️,very good for learn pronunciation ❤,en,0.9336056709289552,very good for learning pronunciation ❤️,neutral,positive,0.4927,positive,0.9686419,0.0045516207,0.026806558,0.9686419
31169,,5,"Thank you Elsa, I learned English easily","thank you elsa, i learn english easily",en,0.7550516724586487,"Thank you Elsa, I learned English easily",positive,positive,0.5994,positive,0.94914937,0.007343704,0.04350685,0.94914937
31170,,5,Refletely helping me in learning English,refletely help me in learn english,en,0.9601369500160216,Refletely helping me in learning English,positive,positive,0.4019,neutral,0.4421235,0.022422092,0.4421235,0.5354544
31171,,5,"The application is really good, especially if you want to practice speaking","the application be really good, especially if you want to practice speaking",en,0.9606280326843262,"The application is really good, especially if you want to practice speaking",positive,positive,0.5799,positive,0.9550003,0.0041201203,0.04087962,0.9550003
31172,,5,"The application is really good, it can facilitate English speaking","the application be really good, it can facilitate english speaking",en,0.9217562675476074,"The application is really good, it can facilitate English speaking",positive,positive,0.4927,positive,0.97334063,0.002933825,0.023725534,0.97334063
31173,,5,Good for those who want to learn English from the start.,good for those who want to learn english from the start.,en,0.975953996181488,Good for those who want to learn English from the start.,positive,positive,0.4939,positive,0.89578354,0.006541041,0.09767543,0.89578354
31174,,5,the application is very good for learning English,the application be very good for learn english,en,0.9468944668769836,the application is very good for learning English,positive,positive,0.4927,positive,0.9399363,0.005232142,0.05483162,0.9399363
31175,,5,It's really good to stay in addition to the meaning of every vocabulary he said,it be really good to stay in addition to the meaning of every vocabulary he say,en,0.9869018197059632,It's really good to stay in addition to the meaning of every vocabulary he said,positive,positive,0.4927,positive,0.83669835,0.01101943,0.15228221,0.83669835
31176,,5,The application is very interesting and easy to learn ...,the application be very interesting and easy to learn.,en,0.9599593281745912,The application is very interesting and easy to learn ...,positive,positive,0.7316,positive,0.9693878,0.003281998,0.02733024,0.9693878
31177,,5,Very good to facilitate English speaking,very good to facilitate english speaking,en,0.9512045383453368,Very good to facilitate English speaking,positive,positive,0.4927,positive,0.9586691,0.003927017,0.03740382,0.9586691
31178,,3,Pretty good but many who paid for this want to pay this want to pay it,pretty good but many who pay for this want to pay this want to pay it,en,0.9948662519454956,Pretty good but many who paid for this want to pay this want to pay it,neutral,neutral,0.2846,positive,0.9002334,0.014163293,0.08560331,0.9002334
31179,,5,really good I like this application but unfortunately I can't access the pro features because it is paid,really good i like this application but unfortunately i cannot access the pro feature because it be pay,en,0.9482845067977904,really good I like this application but unfortunately I can't access the pro features because it is paid,positive,negative,-0.1814,neutral,0.19292484,0.19883826,0.19292484,0.6082369
31180,,2,"good but I hope to be able to enjoy the subjects casually in the free version, thank you","good but i hope to be able to enjoy the subject casually in the free version, thank you",en,0.9429110884666444,"good but I hope to be able to enjoy the subjects casually in the free version, thank u",negative,positive,0.9631,positive,0.9571883,0.0044039157,0.03840771,0.9571883
31181,,5,very useful for those who want to learn English ☺,very useful for those who want to learn english ☺,en,0.9811030626296996,very useful for those who want to learn English ☺,positive,positive,0.5413,positive,0.9349412,0.0034656585,0.061593197,0.9349412
31182,,2,"for the freeing is very limited, many paid people don't help the economy too much","for the freeing be very limited, many pay people do not help the economy too much",en,0.9776498675346376,"for the freeing is very limited, many paid people don't help the economy too much",negative,negative,-0.2534,negative,0.6195179,0.6195179,0.34786317,0.032618836
31183,,5,wow a very good application for learning English,wow a very good application for learn english,en,0.9485104084014891,wow a very good application for learning English,positive,positive,0.7902,positive,0.9764065,0.0038057456,0.019787736,0.9764065
31184,,4,the best English learning application I have ever met,the best english learn application i have ever meet,en,0.9378829002380372,the best English learning application I have ever met,neutral,positive,0.6369,positive,0.9776685,0.0054531028,0.01687841,0.9776685
31185,,5,wow very well used for the correct English learning,wow very well use for the correct english learning,en,0.9479022026062012,wow very well used for the correct English learning,positive,positive,0.7346,positive,0.93916965,0.006333165,0.054497153,0.93916965
31186,,5,"great, I can learn English from this application","great, i can learn english from this application",en,0.9338138699531556,"great, I can learn English from this application",positive,positive,0.6249,positive,0.97605646,0.003037216,0.020906372,0.97605646
31187,,5,"very cool, and very good to understand .. I really like this apk 🥰","very cool, and very good to understand. i really like this apk 🥰",en,0.9959025979042052,"very cool, and very good to understand .. I really like this apk🥰",positive,positive,0.8215,positive,0.9894275,0.0035459043,0.0070265774,0.9894275
31188,,5,This application really helps me to learn Speaking English,this application really help me to learn speak english,en,0.9737985134124756,This application really helps me to learn Speaking English,positive,positive,0.4576,positive,0.9143505,0.0051457137,0.080503754,0.9143505
31189,,5,"really cool can help us learn English better, thank you Elsa Speak","really cool can help u learn english better, thank you elsa speak",en,0.9358429312705994,"really cool can help us learn English better, thank you Elsa Speak",positive,positive,0.8737,positive,0.983295,0.0027925193,0.013912427,0.983295
31190,,5,Very good 😍 😍 but have to pay for some programs. But it's good 😍,very good 😍 😍 but have to pay for some programs. but it be good 😍,en,0.9941210746765136,Very good 😍😍 but have to pay for some programs. But it's good 😍,positive,positive,0.699,positive,0.9614068,0.007806296,0.030786928,0.9614068
31191,,5,Good for practicing English language skills.,good for practice english language skills.,en,0.907344937324524,Good for practicing English language skills.,positive,positive,0.4404,positive,0.8694162,0.006038142,0.12454571,0.8694162
31192,,5,strongly recommended to learn English,strongly recommend to learn english,en,0.919778048992157,strongly recommended to learn English,positive,positive,0.5574,positive,0.93758065,0.006322009,0.056097385,0.93758065
31193,,5,easy to learn English with Elsa ... very helpful,easy to learn english with elsa. very helpful,en,0.9201878309249878,easy to learn English with Elsa ... very helpful,positive,positive,0.7178,positive,0.9627581,0.0041979556,0.033043846,0.9627581
31194,,5,the application is good for learning English,the application be good for learn english,en,0.8672700524330139,the application is good for learning English,positive,positive,0.4404,positive,0.72725177,0.015068412,0.25767973,0.72725177
31195,,5,"good, this application really helps my tongue in English","good, this application really help my tongue in english",en,0.9387744665145874,"good, this application really helps my tongue in English",positive,positive,0.7089,positive,0.9721296,0.0046236077,0.023246799,0.9721296
31196,,5,"Please make a premium for 1 month, don't just one year, please develop the developer :)","please make a premium for 1 month, do not just one year, please develop the developer",en,0.8387389779090881,"Please make a premium for 1 month, don't just one year, please develop the developer :)",positive,positive,0.5574,neutral,0.67087245,0.09148911,0.67087245,0.23763846
31197,,5,very helpful for speaking in learning English,very helpful for speak in learn english,en,0.988034188747406,very helpful for speaking in learning English,positive,positive,0.4754,positive,0.9264509,0.006115655,0.06743346,0.9264509
31198,,5,Learning English becomes more fun,learn english becomes more fun,en,0.9733235239982604,Learning English becomes more fun,positive,positive,0.5563,positive,0.85628974,0.009889605,0.13382064,0.85628974
31199,,5,simple and easy to understand for novice students 👍,simple and easy to understand for novice student 👍,en,0.9101945757865906,simple and easy to understand for novice students 👍,positive,positive,0.4404,positive,0.86974156,0.015187799,0.115070626,0.86974156
31200,,5,It turned out to be very good to learn English in the Elsa application,it turn out to be very good to learn english in the elsa application,en,0.9515053033828736,It turned out to be very good to learn English in the Elsa application,positive,positive,0.4927,positive,0.97798365,0.0025279578,0.019488407,0.97798365
31201,,5,very helpful to learn English with enthusiasm,very helpful to learn english with enthusiasm,en,0.957367181777954,very helpful to learn English with enthusiasm,positive,positive,0.7178,positive,0.96156085,0.0047077024,0.033731468,0.96156085
31202,,5,Applications that are very helpful in learning b.inggris,application that be very helpful in learn b. inggris,en,0.8656966090202332,Applications that are very helpful in learning b.inggris,positive,positive,0.4754,positive,0.8075181,0.0105537195,0.18192817,0.8075181
31203,,5,Very good for improving English skills,very good for improve english skill,en,0.9328978657722472,Very good for improving English skills,positive,positive,0.7474,positive,0.9422293,0.0066175605,0.05115313,0.9422293
31204,,5,Applications that are very helpful in facilitating my pronunciation,application that be very helpful in facilitate my pronunciation,en,0.911323606967926,Applications that are very helpful in facilitating my pronunciation,positive,positive,0.4754,positive,0.7574443,0.014446299,0.22810939,0.7574443
31205,,1,"What application can I not sign up !!!!! Need 8 characters, I have entered it can't be clear !!","what application can i not sign up! need 8 characters, i have enter it cannot be clear!",en,0.9299710392951964,"What application can I not sign up !!!!! Need 8 characters, I have entered it can't be clear !!",negative,negative,-0.4153,negative,0.8004884,0.8004884,0.19030225,0.00920938
31206,,5,This is cool. Really sensitive to our voice. Recommended bgt,this be cool. really sensitive to our voice. recommend bgt,en,0.9574991464614868,This is cool. Really sensitive to our voice. Recommended bgt,positive,positive,0.5859,positive,0.9072558,0.007467866,0.08527628,0.9072558
31207,,5,"I like the application, very helpful to practice my English.","i like the application, very helpful to practice my english.",en,0.9486811757087708,"I like the application, very helpful to practice my English.",positive,positive,0.6801,positive,0.9749108,0.0038592478,0.021230033,0.9749108
31208,,5,really good helping me learn English,really good help me learn english,en,0.951374351978302,really good helping me learn English,positive,positive,0.7328,positive,0.9699868,0.0038459292,0.026167238,0.9699868
31209,,5,The application is good and very suitable for those who are learning pronoun 👍,the application be good and very suitable for those who be learn pronoun 👍,en,0.9604023098945618,The application is good and very suitable for those who are learning pronoun 👍,positive,positive,0.4404,positive,0.94975,0.0046878173,0.045562185,0.94975
31210,,5,good for training pronunciation like a native speaker,good for train pronunciation like a native speaker,en,0.9141821265220642,good for training pronunciation like a native speaker,positive,positive,0.6597,positive,0.70025826,0.015301239,0.28444052,0.70025826
31211,,5,cool application may be not really the English accent,cool application may be not really the english accent,en,0.8932502269744873,cool application may be not really the English accent,positive,positive,0.3182,neutral,0.69104344,0.15840554,0.69104344,0.15055104
31212,,5,very cool this application is very helpful for me to learn English from home,very cool this application be very helpful for me to learn english from home,en,0.970217764377594,very cool this application is very helpful for me to learn English from home,positive,positive,0.6894,positive,0.9795123,0.0028938616,0.017593782,0.9795123
31213,,5,It's good try the free features more great,it be good try the free feature more great,en,0.8239660263061523,It's good try the free features more great,positive,positive,0.8908,positive,0.9717824,0.0033009353,0.024916744,0.9717824
31214,,5,"Very good, there is also learning how to pronounce","very good, there be also learn how to pronounce",en,0.9900172352790833,"Very good, there is also learning how to pronounce",positive,positive,0.4927,positive,0.960704,0.0054167868,0.033879183,0.960704
31215,,1,"Delete the account in difficult how to smooth the account, how come it's only a long loading, can't delete your account","delete the account in difficult how to smooth the account, how come it be only a long loading, cannot delete your account",en,0.9704241752624512,"Delete the account in difficult how to smooth the account, how come it's only a long loading, can't delete your account",negative,negative,-0.3612,negative,0.84496003,0.84496003,0.14813283,0.006907036
31216,,5,The application is very good I really like this application because this application I can learn English.,the application be very good i really like this application because this application i can learn english.,en,0.9499899744987488,The application is very good I really like this application because this application I can learn English.,positive,positive,0.7391,positive,0.98480093,0.0027853954,0.0124137495,0.98480093
31217,,5,This application helps really to learn English,this application help really to learn english,en,0.9643881320953368,This application helps really to learn English,positive,positive,0.4019,positive,0.74409306,0.015261182,0.2406458,0.74409306
31218,,5,Learning English becomes easier;)),learn english becomes easier,en,0.9508368968963624,Learning English becomes easier;)),positive,positive,0.4215,neutral,0.42233083,0.029443689,0.42233083,0.5482255
31219,,4,"good complete than the green bird, but the syg is a daily limit cm can be 5x bljr, must pay dearly wak","good complete than the green bird, but the syg be a daily limit cm can be 5x bljr, must pay dearly wak",en,0.8091928362846375,"good complete than the green bird, but the syg is a daily limit cm can be 5x bljr, must pay dearly wak",neutral,positive,0.6187,negative,0.5483515,0.5483515,0.3792524,0.0723961
31220,,5,very helpful for me who want to learn English at home,very helpful for me who want to learn english at home,en,0.9876002669334412,very helpful for me who want to learn English at home,positive,positive,0.5256,positive,0.9375714,0.0036355618,0.058793038,0.9375714
31221,,5,"Good, so you can learn word pronunciation","good, so you can learn word pronunciation",en,0.8172826766967773,"Good, so you can learn word pronunciation",positive,positive,0.4404,positive,0.6951435,0.03289851,0.271958,0.6951435
31222,,5,It's really cool to help how to talk better especially if the emphasis is also taught to be able to. Elsa You Did A Great Job.,it be really cool to help how to talk well especially if the emphasis be also teach to be able to. elsa you do a great job.,en,0.9700779914855956,It's really cool to help how to talk better especially if the emphasis is also taught to be able to. Elsa You Did A Great Job.,positive,positive,0.8947,positive,0.96660274,0.0053721047,0.028025089,0.96660274
31223,,5,good application to help learn languages,good application to help learn language,en,0.9184010028839112,good application to help learn languages,positive,positive,0.6808,positive,0.8969041,0.0070770313,0.09601888,0.8969041
31224,,5,I learned a lot about how to use English properly and correctly,i learn a lot about how to use english properly and correctly,en,0.8697971701622009,I learned a lot about how to use English properly and correctly,positive,neutral,0.0,positive,0.65571713,0.02015585,0.32412693,0.65571713
31225,,5,This application is very good for those who learn English ... good application,this application be very good for those who learn english. good application,en,0.954826295375824,This application is very good for those who learn English ... good application,positive,positive,0.7496,positive,0.9777338,0.0026162965,0.019649927,0.9777338
31226,,1,"The ai is really trash, already trying as closely as possible, it is still bad","the ai be really trash, already try as closely as possible, it be still bad",en,0.9883873462677002,"The ai is really trash, already trying as closely as possible, it is still bad",negative,negative,-0.5423,negative,0.94807774,0.94807774,0.046665195,0.0052570812
31227,,5,Very exciting even though I want to learn English lazy to be auto enthusiasm 😆 😍 Thank you,very exciting even though i want to learn english lazy to be auto enthusiasm 😆 😍 thank you,en,0.9409920573234558,Very exciting even though I want to learn English lazy to be auto enthusiasm 😆😍 Thank you,positive,positive,0.7713,positive,0.96545124,0.006711246,0.027837496,0.96545124
31228,,5,great for those who want to learn English,great for those who want to learn english,en,0.9808958172798156,great for those who want to learn English,positive,positive,0.6597,positive,0.9554701,0.0032521193,0.041277774,0.9554701
31229,,5,Really good application. Cool .. satisfied with the learning aa,really good application. cool. satisfy with the learning aa,en,0.9587309956550598,Really good application. Cool .. satisfied with the learning aa,positive,positive,0.8297,positive,0.9849068,0.0038554794,0.011237727,0.9849068
31230,,3,There should be an Indonesian setting so that people who learn to understand the explanation of the material,there should be an indonesian setting so that people who learn to understand the explanation of the material,en,0.9354358315467834,There should be an Indonesian setting so that people who learn to understand the explanation of the material,neutral,neutral,0.0,neutral,0.7801428,0.07474191,0.7801428,0.14511527
31231,,5,We can learn English very easily,we can learn english very easily,en,0.9739400148391724,We can learn English very easily,positive,positive,0.4005,positive,0.72123766,0.011571872,0.26719046,0.72123766
31232,,5,Good for English speaking practice,good for english speaking practice,en,0.9316379427909852,Good for English speaking practice,positive,positive,0.4404,positive,0.8328486,0.0059710667,0.16118032,0.8328486
31233,,5,This application is very good for learning beginners English,this application be very good for learn beginner english,en,0.9268345832824708,This application is very good for learning beginners English,positive,positive,0.4927,positive,0.9600975,0.00402877,0.035873745,0.9600975
31234,,5,very very helpful to learn English,very very helpful to learn english,en,0.9919451475143432,very very helpful to learn English,positive,positive,0.5222,positive,0.97570294,0.0039355024,0.020361537,0.97570294
31235,,5,"really good !!!!!!, to learn English","really good! , to learn english",en,0.9731048345565796,"really good !!!!!!, to learn English",positive,positive,0.54,positive,0.9841188,0.0027319856,0.013149186,0.9841188
31236,,5,good for students who want to learn English,good for student who want to learn english,en,0.9771310091018676,good for students who want to learn English,positive,positive,0.4939,positive,0.8715202,0.0062494893,0.122230254,0.8715202
31237,,5,"This is cool, this is very helpful for those who are learning speaking.","this be cool, this be very helpful for those who be learn speaking.",en,0.977641761302948,"This is cool, this is very helpful for those who are learning speaking.",positive,positive,0.659,positive,0.97131675,0.0038020662,0.024881184,0.97131675
31238,,5,Steady for new children beginners study English. Good job.,steady for new child beginner study english. good job.,en,0.8731171488761902,Steady for new children beginners study English. Good job.,positive,positive,0.4404,positive,0.9687561,0.003733719,0.027510189,0.9687561
31239,,5,Really good for beginners and many choices,really good for beginner and many choice,en,0.9852123856544496,Really good for beginners and many choices,positive,positive,0.4927,positive,0.9497956,0.0062971865,0.043907203,0.9497956
31240,,5,Good application for learning the correct pronunciation,good application for learn the correct pronunciation,en,0.855739414691925,Good application for learning the correct pronunciation,positive,positive,0.4404,positive,0.7306496,0.020733824,0.24861655,0.7306496
31241,,5,suitable for learning to speak English ... continue,suitable for learn to speak english. continue,en,0.9478506445884703,suitable for learning to speak English ... continue,positive,neutral,0.0,neutral,0.69818294,0.020116232,0.69818294,0.28170082
31242,,1,I have a premium subscription but why can't it still be opened the material,i have a premium subscription but why cannot it still be open the material,en,0.9163708686828612,I have a premium subscription but why can't it still be opened the material,negative,neutral,0.0,negative,0.55221295,0.55221295,0.43033692,0.017450167
31243,,5,Very useful for the future and present,very useful for the future and present,en,0.9674801230430604,Very useful for the future and present,positive,positive,0.4927,positive,0.92710525,0.0054562865,0.067438446,0.92710525
31244,,5,"good, but how to change the email address?","good, but how to change the email address?",en,0.9539172053337096,"good, but how to change the email address?",positive,neutral,0.2382,neutral,0.7313161,0.08172416,0.7313161,0.18695982
31245,,5,Very good for those who can't speak English and etc.,very good for those who cannot speak english and etc.,en,0.992011308670044,Very good for those who can't speak English and etc.,positive,positive,0.4927,neutral,0.4595576,0.092079505,0.4595576,0.4483629
31246,,5,really helps us learn English,really help u learn english,en,0.9617154002189636,really helps us learn English,positive,positive,0.4576,positive,0.7092756,0.016883321,0.2738411,0.7092756
31247,,5,Good for learning greetings in English,good for learn greeting in english,en,0.9004927277565002,Good for learning greetings in English,positive,positive,0.6705,positive,0.8462743,0.009166443,0.14455925,0.8462743
31248,,5,"great application, so I can learn English","great application, so i can learn english",en,0.8397015333175659,"great application, so I can learn English",positive,positive,0.6249,positive,0.9819395,0.0033857708,0.014674747,0.9819395
31249,,5,"very helpful applications, for beginners, because of training our pronunction","very helpful applications, for beginners, because of train our pronunction",en,0.93702894449234,"very helpful applications, for beginners, because of training our pronunction",positive,positive,0.4754,positive,0.94143873,0.0045456584,0.05401561,0.94143873
31250,,5,"cool apk, if you don't pay more cool h","cool apk, if you do not pay more cool h",en,0.6922065019607544,"cool apk, if you don't pay more cool hhh",positive,positive,0.5988,neutral,0.4715624,0.15734719,0.4715624,0.37109044
31251,,5,good application and I started to speaking english,good application and i start to speak english,en,0.955224335193634,good application and I started to speaking english,positive,positive,0.4404,positive,0.9372568,0.0058116787,0.056931466,0.9372568
31252,,2,"Paid, just login the application no promotion","paid, just login the application no promotion",en,0.8563871383666992,"Paid, just login the application no promotion",negative,negative,-0.296,neutral,0.7593599,0.028022047,0.7593599,0.21261808
31253,,5,"We can talk to cellphones, shameless is wrong, and can repeat and think, and become more confident to start talking","we can talk to cellphones, shameless be wrong, and can repeat and think, and become more confident to start talk",en,0.9768583178520204,"We can talk to cellphones, shameless is wrong, and can repeat and think, and become more confident to start talking",positive,negative,-0.2516,neutral,0.50572175,0.035148144,0.50572175,0.45913014
31254,,4,"Its nice, but paid is quite expensive for q-q students","it be nice, but pay be quite expensive for q-q student",en,0.9646414518356324,"Its nice, but paid is quite expensive for q-q students",neutral,neutral,0.0772,neutral,0.61077183,0.3013199,0.61077183,0.087908246
31255,,5,please use the English language too,please use the english language too,en,0.7796976566314697,please use the English language too,positive,positive,0.3182,neutral,0.612672,0.045352682,0.612672,0.34197536
31256,,5,Very good so that Faseh speaks his English,very good so that faseh speak his english,en,0.9976842403411864,Very good so that Faseh speaks his English,positive,positive,0.4927,positive,0.960433,0.0039846133,0.0355824,0.960433
31257,,5,"Really good learning language, can chat with AI","really good learn language, can chat with ai",en,0.9626431465148926,"Really good learning language, can chat with AI",positive,positive,0.4927,positive,0.9674047,0.003617203,0.02897811,0.9674047
31258,,5,Very interesting 🖤 Like the material and fun learning,very interesting 🖤 like the material and fun learning,en,0.9554865956306458,Very interesting 🖤 Like the material and fun learning,positive,positive,0.8431,positive,0.98523974,0.0036987874,0.011061449,0.98523974
31259,,4,"good enough, to learn pronunciation","good enough, to learn pronunciation",en,0.9098260998725892,"good enough, to learn pronunciation",neutral,positive,0.4404,neutral,0.6104329,0.042259008,0.6104329,0.3473081
31260,,4,It is suitable for me who just learned English vocabulary,it be suitable for me who just learn english vocabulary,en,0.8672818541526794,It is suitable for me who just learned English vocabulary,neutral,neutral,0.0,neutral,0.6032601,0.023198027,0.6032601,0.37354192
31261,,5,"Thank you very much, Elsa Speak ... I really helped this apkh because many of them haven't talked about English ...","thank you very much, elsa speak. i really help this apkh because many of them have not talk about english.",en,0.9874042272567748,"Thank you very much, Elsa Speak ... I really helped this apkh because many of them haven't talked about English ...",positive,positive,0.6697,positive,0.87963414,0.022525774,0.09784011,0.87963414
31262,,5,very good to train to hear and correct pronunciation,very good to train to hear and correct pronunciation,en,0.978787899017334,very good to train to hear and correct pronunciation,positive,positive,0.4927,positive,0.9467068,0.0071235886,0.046169583,0.9467068
31263,,5,good application for improving pronunciation,good application for improve pronunciation,en,0.8007882833480835,good application for improving pronunciation,positive,positive,0.7003,positive,0.8365223,0.02121053,0.14226714,0.8365223
31264,,5,Suitable for those who are uprooting pronunciation ..,suitable for those who be uproot pronunciation.,en,0.8905071020126343,Suitable for those who are uprooting pronunciation ..,positive,neutral,0.0,neutral,0.7754072,0.08247278,0.7754072,0.14212
31265,,5,"Good Just this time found an application that is perfect correction, thank you 😁","good just this time find an application that be perfect correction, thank you 😁",en,0.9002686738967896,"Good Just this time found an application that is perfect correction, thank you😁",positive,positive,0.8442,positive,0.9211105,0.012815004,0.06607444,0.9211105
31266,,1,problems with the speaker. I uninstall it too.,problem with the speaker. i uninstall it too.,en,0.9446058869361876,problems with the speaker. I uninstall it too.,negative,negative,-0.4019,negative,0.76052874,0.76052874,0.22760227,0.011868952
31267,,5,It's cool to learn to use Elsa. its use is easy. Feeling to have an online teacher.,it be cool to learn to use elsa. it be use be easy. feel to have an online teacher.,en,0.9121711254119872,It's cool to learn to use Elsa. its use is easy. Feeling to have an online teacher.,positive,positive,0.6369,positive,0.93250924,0.005113575,0.062377185,0.93250924
31268,,5,good for learning English for beginners,good for learn english for beginner,en,0.8846991658210754,good for learning English for beginners,positive,positive,0.4404,positive,0.88688624,0.007634639,0.105479136,0.88688624
31269,,5,Per day given 5 opportunities for free accounts that are more than enough. Thank you dev ...,per day give 5 opportunity for free account that be more than enough. thank you dev.,en,0.8581745028495789,Per day given 5 opportunities for free accounts that are more than enough. Thank you dev ...,positive,positive,0.8344,positive,0.9334232,0.004033169,0.06254361,0.9334232
31270,,5,"The application is very helpful and very good, very fun","the application be very helpful and very good, very fun",en,0.9864959716796876,"The application is very helpful and very good, very fun",positive,positive,0.8791,positive,0.983454,0.0046509686,0.011894965,0.983454
31271,,5,"Thank you very much .. Because of this application, I can speak English better","thank you very much. because of this application, i can speak english good",en,0.9771549701690674,"Thank you very much .. Because of this application, I can speak English better",positive,positive,0.6597,positive,0.97290844,0.0040675113,0.023024116,0.97290844
31272,,5,Very good to improve the ability of speaking,very good to improve the ability of speaking,en,0.9848520755767822,Very good to improve the ability of speaking,positive,positive,0.8251,positive,0.93288827,0.006925989,0.060185716,0.93288827
31273,,5,"Very helpful, I can learn more here, especially the introduction of phrases 👍 👍","very helpful, i can learn more here, especially the introduction of phrase 👍 👍",en,0.9290111660957336,"Very helpful, I can learn more here, especially the introduction of phrases 👍👍",positive,positive,0.4754,positive,0.97805446,0.003723386,0.018222088,0.97805446
31274,,5,This is very helpful for you to learn english,this be very helpful for you to learn english,en,0.9669438004493712,This is very helpful for you to learn english,positive,positive,0.4754,positive,0.91425884,0.0049039433,0.08083723,0.91425884
31275,,3,"While I made 3 stars first, because I just used the application. Later if I have added the star for a few days","while i make 3 star first, because i just use the application. later if i have add the star for a few day",en,0.9154943823814392,"While I made 3 stars first, because I just used the application. Later if I have added the star for a few days",neutral,neutral,0.0,neutral,0.79869497,0.00674899,0.79869497,0.19455604
31276,,5,The application is very helpful but yes I have to make payments to feel the other features in this application ...,the application be very helpful but yes i have to make payment to feel the other feature in this application.,en,0.9680858850479126,The application is very helpful but yes I have to make payments to feel the other features in this application ...,positive,positive,0.7177,positive,0.8311107,0.009494885,0.15939444,0.8311107
31277,,5,App Learn English Fun,app learn english fun,en,0.7348971962928772,App Learn English Fun,positive,positive,0.5106,positive,0.82311153,0.007962007,0.16892649,0.82311153
31278,,5,Very helpful in speaking English,very helpful in speak english,en,0.9910545945167542,Very helpful in speaking English,positive,positive,0.4754,positive,0.95126635,0.0052890624,0.043444574,0.95126635
31279,,5,Help the habit of using English. Very helpful.,help the habit of use english. very helpful.,en,0.9357810020446776,Help the habit of using English. Very helpful.,positive,positive,0.6997,positive,0.9520498,0.004692031,0.043258123,0.9520498
31280,,5,very helping me in learning English,very help me in learn english,en,0.9760320782661438,very helping me in learning English,positive,positive,0.4576,positive,0.77533126,0.015843756,0.20882495,0.77533126
31281,,1,"The VIP subscription is too expensive, 300 thousand to 1 million mending me to take the course if it costs that much ..","the vip subscription be too expensive, 300 thousand to 1 million mend me to take the course if it cost that much.",en,0.9060624837875366,"The VIP subscription is too expensive, 300 thousand to 1 million mending me to take the course if it costs that much ..",negative,positive,0.5106,negative,0.78958774,0.78958774,0.19872984,0.011682405
31282,,5,bad for those who want to learn to talk to using English but no one is guiding,bad for those who want to learn to talk to use english but no one be guide,en,0.9721260666847228,bad for those who want to learn to talk to using English but no one is guiding,positive,negative,-0.5994,negative,0.7691059,0.7691059,0.21705574,0.013838389
31283,,5,Learning Application Elsa English pronunciation is the best,learn application elsa english pronunciation be the best,en,0.682767391204834,Learning Application Elsa English pronunciation is the best,positive,positive,0.6369,positive,0.90253323,0.010559595,0.086907156,0.90253323
31284,,5,It is Great App! Awesome! Oh yeah where do you go? A few days ago wasn't in Playstore!,it be great app! awesome! oh yeah where do you go? a few day ago be not in playstore!,en,0.8073908686637878,It is Great App! Awesome! Oh yeah where do you go? A few days ago wasn't in Playstore!,positive,positive,0.9057,positive,0.97503906,0.0033863997,0.021574548,0.97503906
31285,,3,good for increasing the willingness to learn.,good for increase the willingness to learn.,en,0.8738781809806824,good for increasing the willingness to learn.,neutral,positive,0.743,positive,0.89954317,0.0072271493,0.09322966,0.89954317
31286,,5,"good really apk, hopefully a lot of discounts","good really apk, hopefully a lot of discount",en,0.9819099307060242,"good really apk, hopefully a lot of discounts",positive,positive,0.7076,positive,0.97020334,0.0059519303,0.023844702,0.97020334
31287,,5,Good I like it only after the experiment I have to pay it turns out I thought I was free at any time,good i like it only after the experiment i have to pay it turn out i think i be free at any time,en,0.957988142967224,Good I like it only after the experiment I have to pay it turns out I thought I was free at any time,positive,positive,0.8074,positive,0.90792286,0.010788196,0.0812889,0.90792286
31288,,4,This application really helps me in learning English 👍,this application really help me in learn english 👍,en,0.9494146704673768,This application really helps me in learning English 👍,neutral,positive,0.4576,positive,0.9646096,0.0034835006,0.031906847,0.9646096
31289,,5,Very helpful but learn speaking,very helpful but learn speaking,en,0.9894726276397704,Very helpful but learn speaking,positive,neutral,0.2609,positive,0.90443164,0.011812018,0.0837563,0.90443164
31290,,4,"Hi. I want to ask. I have paid the IELTS course bundle plus tax on June 22, 2023 of Rp.220,890 and today pay One Year Membership of Rp. 319,000 per year, but why is IELTS still locked and I am other parts like the Practice Daily is also locked huh? What are the benefits of membership?","hi. i want to ask. i have pay the ielts course bundle plus tax on june 22, 2023 of rp. 220, 890 and today pay one year membership of rp. 319, 000 per year, but why be ielts still lock and i be other part like the practice daily be also lock huh? what be the benefit of membership?",en,0.9202849864959716,"Hi. I want to ask. I have paid the IELTS course bundle plus tax on June 22, 2023 of Rp.220,890 and today pay One Year Membership of Rp. 319,000 per year, but why is IELTS still locked and I am other parts like the Practice Daily is also locked huh? What are the benefits of membership?",neutral,positive,0.8105,neutral,0.8524931,0.11798636,0.8524931,0.029520575
31291,,4,very helpful for me who just know English,very helpful for me who just know english,en,0.9803954362869264,very helpful for me who just know English,neutral,positive,0.4754,positive,0.9589839,0.003760746,0.03725539,0.9589839
31292,,5,"good ,,,, only maybe if our mic is not sensitive, the pronunciation is considered wrong","good, only maybe if our mic be not sensitive, the pronunciation be consider wrong",en,0.8950979113578796,"good ,,,, only maybe if our mic is not sensitive, the pronunciation is considered wrong",positive,neutral,-0.0516,neutral,0.55853564,0.27599174,0.55853564,0.16547263
31293,,5,Suitable for learning speaking and learning from the bottom,suitable for learn speaking and learn from the bottom,en,0.9487614035606384,Suitable for learning speaking and learning from the bottom,positive,neutral,0.0,neutral,0.78840685,0.0672417,0.78840685,0.14435148
31294,,2,"too much that needs this premium is that, so rarely use Elsa because it is paid","too much that need this premium be that, so rarely use elsa because it be pay",en,0.9632606506347656,"too much that needs this premium is that, so rarely use Elsa because it is paid",negative,neutral,-0.1027,negative,0.76789993,0.76789993,0.20987149,0.022228621
31295,,5,very good for improving my speaking english,very good for improve my speaking english,en,0.9625126719474792,very good for improving my speaking english,positive,positive,0.7474,positive,0.9623717,0.0052280044,0.032400314,0.9623717
31296,,5,good can be corrected directly the pronunciation,good can be correct directly the pronunciation,en,0.6623951196670532,good can be corrected directly the pronunciation,positive,positive,0.4404,neutral,0.54352677,0.05380912,0.54352677,0.40266415
31297,,5,Auto 5 deh ... this is just the beginning but good guys. later you can,auto 5 deh. this be just the beginning but good guys. later you can,en,0.9331820011138916,Auto 5 dehhh ... this is just the beginning but good guys. later you can,positive,positive,0.5927,positive,0.7965241,0.024504853,0.17897104,0.7965241
31298,,3,"Stuck at the beginning, can't push anything","stick at the beginning, cannot push anything",en,0.965695321559906,"Stuck at the beginning, can't push anything",neutral,neutral,0.0,neutral,0.6984403,0.17404747,0.6984403,0.12751225
31299,,4,I have made a payment but it hasn't been seen that the application has been to the pro ... where is the difference in the paid application and the free,i have make a payment but it have not be see that the application have be to the pro. where be the difference in the pay application and the free,en,0.9649015069007874,I have made a payment but it hasn't been seen that the application has been to the pro ... where is the difference in the paid application and the free,neutral,positive,0.5927,neutral,0.7162757,0.25265607,0.7162757,0.031068256
31300,,4,Good for training pronunciation,good for train pronunciation,en,0.8422908186912537,Good for training pronunciation,neutral,positive,0.4404,neutral,0.36574566,0.02729649,0.36574566,0.6069578
31301,,5,This application really helps me to understand the grammar,this application really help me to understand the grammar,en,0.9612181782722472,This application really helps me to understand the grammar,positive,positive,0.4576,positive,0.82879853,0.012082983,0.15911853,0.82879853
31302,,5,"This oath is really cool, the tajem is very hearing, you really have to try","this oath be really cool, the tajem be very hearing, you really have to try",en,0.9809892177581788,"This oath is really cool, the tajem is very hearing, you really have to try",positive,positive,0.3804,positive,0.96165216,0.008020198,0.030327627,0.96165216
31303,,5,This is very helpful for my English pronunciation!,this be very helpful for my english pronunciation!,en,0.8679643273353577,This is very helpful for my English pronunciation!,positive,positive,0.5244,positive,0.9622409,0.004057782,0.033701412,0.9622409
31304,,5,"This is what I'm looking for, learning English more practically","this be what i be look for, learn english more practically",en,0.804266095161438,"This is what I'm looking for, learning English more practically",positive,neutral,0.0,neutral,0.6824545,0.13601348,0.6824545,0.18153198
31305,,5,very helpful in English language practice,very helpful in english language practice,en,0.9477184414863586,very helpful in English language practice,positive,positive,0.4754,positive,0.9478091,0.0033816951,0.048809227,0.9478091
31306,,4,very helpful for those of us who want to learn b.inggris,very helpful for those of u who want to learn b. inggris,en,0.950592041015625,very helpful for those of us who want to learn b.inggris,neutral,positive,0.5256,positive,0.91627747,0.004597535,0.07912506,0.91627747
31307,,5,This application is great for learning English,this application be great for learn english,en,0.8681158423423767,This application is great for learning English,positive,positive,0.6249,positive,0.9705531,0.0043409714,0.025105948,0.9705531
31308,,5,Applications that are able to measure English understanding 😀,application that be able to measure english understanding 😀,en,0.9463377594947816,Applications that are able to measure English understanding 😀,positive,neutral,0.0,neutral,0.4629708,0.017836997,0.4629708,0.5191922
31309,,4,This is a good APK for practicing speaking.,this be a good apk for practice speaking.,en,0.9435055255889891,This is a good APK for practicing speaking.,neutral,positive,0.4404,positive,0.86629575,0.0059393547,0.12776482,0.86629575
31310,,5,Practicing more detailed pronunciations such as sound pressure and detailed siara,practice more detailed pronunciation such as sound pressure and detailed siara,en,0.912310004234314,Practicing more detailed pronunciations such as sound pressure and detailed siara,positive,negative,-0.296,neutral,0.8623218,0.043105952,0.8623218,0.094572216
31311,,5,very helpful to learn speaking,very helpful to learn speaking,en,0.9906100034713744,very helpful to learn speaking,positive,positive,0.4754,positive,0.95451987,0.007181495,0.038298678,0.95451987
31312,,5,suitable for beginners who want to learn English,suitable for beginner who want to learn english,en,0.9521987438201904,suitable for beginners who want to learn English,positive,neutral,0.0772,neutral,0.47595,0.018063437,0.47595,0.5059866
31313,,5,This really helps learning English,this really help learn english,en,0.961839199066162,This really helps learning English,positive,positive,0.4576,positive,0.9380089,0.0070664645,0.054924678,0.9380089
31314,,5,very helpful for those who have difficulty in pronunciation of English,very helpful for those who have difficulty in pronunciation of english,en,0.985958218574524,very helpful for those who have difficulty in pronunciation of English,positive,neutral,0.1761,neutral,0.31025636,0.040806614,0.31025636,0.648937
31315,,5,Great can learn English,great can learn english,en,0.8919830918312073,Great can learn English,positive,positive,0.6249,positive,0.9558739,0.0047294875,0.039396543,0.9558739
31316,,1,Why my account becomes a free account. . Even though I have subscribed to Elsa Pro per year. . Please fix it immediately?,why my account become a free account. . even though i have subscribe to elsa pro per year. . please fix it immediately?,en,0.942003071308136,Why my account becomes a free account. . Even though I have subscribed to Elsa Pro per year. . Please fix it immediately?,negative,positive,0.6808,negative,0.7817479,0.7817479,0.20741157,0.0108406255
31317,,5,very suitable for learning English,very suitable for learn english,en,0.9691433906555176,very suitable for learning English,positive,neutral,0.0,positive,0.92210585,0.004401154,0.07349297,0.92210585
31318,,5,"very good for beginners like me, thank you","very good for beginner like me, thank you",en,0.9744203686714172,"very good for beginners like me, thank you",positive,positive,0.8016,positive,0.97565633,0.004590299,0.019753423,0.97565633
31319,,5,"good job, an attractive application","good job, an attractive application",en,0.91004478931427,"good job, an attractive application",positive,positive,0.7003,positive,0.9607748,0.014804065,0.024421165,0.9607748
31320,,5,This application really helps I like,this application really help i like,en,0.9702681303024292,This application really helps I like,positive,positive,0.6976,positive,0.9736129,0.0054012276,0.020985812,0.9736129
31321,,1,"Sorry, I can't use a microphone to speak. Please help, thank you","sorry, i cannot use a microphone to speak. please help, thank you",en,0.8788124322891235,"Sorry, I can't use a microphone to speak. Please help, thank you",negative,positive,0.7351,negative,0.6821828,0.6821828,0.29757136,0.020245872
31322,,5,Very good for beginners in English,very good for beginner in english,en,0.9718121290206908,Very good for beginners in English,positive,positive,0.4927,positive,0.9582931,0.003342566,0.038364332,0.9582931
31323,,5,very helpful to improve English,very helpful to improve english,en,0.9542326331138612,very helpful to improve English,positive,positive,0.7397,positive,0.94839597,0.006758226,0.04484577,0.94839597
31324,,5,The application is very helpful ... Bagus .. Thank you very much for making this application :)),the application be very helpful. bagus. thank you very much for make this application,en,0.9739830493927002,The application is very helpful ... Bagussssssss .. Thank you very much for making this application :)),positive,positive,0.7056,positive,0.9789108,0.0052198814,0.015869316,0.9789108
31325,,2,can't log in,cannot log in,en,0.9870152473449708,can't log in,negative,neutral,0.0,neutral,0.6083633,0.35482916,0.6083633,0.036807492
31326,,5,the application is very good for learning languages,the application be very good for learn language,en,0.9466715455055236,the application is very good for learning languages,positive,positive,0.4927,positive,0.94687235,0.0052598673,0.047867775,0.94687235
31327,,5,really helping to learn the right pronunciation,really help to learn the right pronunciation,en,0.9267128705978394,really helping to learn the right pronunciation,positive,positive,0.4576,neutral,0.3569411,0.03603608,0.3569411,0.6070228
31328,,5,good for learning pronunciation for beginners,good for learn pronunciation for beginner,en,0.8511195182800293,good for learning pronunciation for beginners,positive,positive,0.4404,positive,0.8037561,0.014824795,0.18141915,0.8037561
31329,,5,I love this application. Very clear and easy. You guys have to try it!,i love this application. very clear and easy. you guy have to try it!,en,0.9793108105659484,I love this application. Very clear and easy. You guys have to try it!,positive,positive,0.8897,positive,0.98773336,0.0043474315,0.007919241,0.98773336
31330,,1,"Don't download your quota, this application must be paid for you, you can use it","do not download your quota, this application must be pay for you, you can use it",en,0.9222943782806396,"Don't download your quota, this application must be paid for you, you can use it",negative,neutral,-0.1027,neutral,0.7948589,0.0883552,0.7948589,0.11678595
31331,,1,very good application for learning English,very good application for learn english,en,0.964484930038452,very good application for learning English,negative,positive,0.4927,positive,0.9514776,0.0055613844,0.042961005,0.9514776
31332,,5,Suitable for those who want to improve their English skills,suitable for those who want to improve their english skill,en,0.98171466588974,Suitable for those who want to improve their English skills,positive,positive,0.4939,neutral,0.51429874,0.015047557,0.51429874,0.47065374
31334,,5,Very good for learning speaking,very good for learn speaking,en,0.9915530681610109,Very good for learning speaking,positive,positive,0.4927,positive,0.924586,0.007843278,0.06757077,0.924586
31335,,1,Lately the application is not smooth (traffic jam) please improve,lately the application be not smooth traffic jam please improve,en,0.8768646717071533,Lately the application is not smooth (traffic jam) please improve,negative,positive,0.6369,negative,0.8818743,0.8818743,0.10976373,0.008361924
31336,,5,This application is very helpful for those who are interested in Speak English :) Thanks,this application be very helpful for those who be interested in speak english thanks,en,0.9703015089035034,This application is very helpful for those who are interested in Speak English :) Thanks,positive,positive,0.8268,positive,0.9379486,0.0040370952,0.058014352,0.9379486
31337,,4,"good, also suitable for learning to talk, just have to pay sii","good, also suitable for learn to talk, just have to pay sii",en,0.9937836527824402,"good, also suitable for learning to talk, just have to pay sii",neutral,positive,0.3612,positive,0.7479511,0.016192963,0.23585594,0.7479511
31338,,4,"Even though I'm a new user in this ELSA application, but this application is really helping me in learning my speaking a day '' 👍 😍 😍 😍","even though i be a new user in this elsa application, but this application be really help me in learn my speak a day 👍 😍 😍 😍",en,0.9651582837104796,"Even though I'm a new user in this ELSA application, but this application is really helping me in learning my speaking a day '' 👍😍😍😍",neutral,positive,0.611,positive,0.9719837,0.0026595283,0.025356758,0.9719837
31339,,5,"Cool, it's easier to speak English with Elsa, 👍","cool, it be easy to speak english with elsa, 👍",en,0.9544799327850342,"Cool, it's easier to speak English with Elsa, 👍",positive,positive,0.6369,positive,0.921567,0.004655856,0.07377709,0.921567
31340,,1,"Floating my 900 thousand katany can be canceled subscribed, instead I just play with my money and can't be returned. Horrified","float my 900 thousand katany can be cancel subscribed, instead i just play with my money and cannot be returned. horrified",en,0.8841033577919006,"Floating my 900 thousand katany can be canceled subscribed, instead I just play with my money and can't be returned. Horrified",negative,positive,0.5023,negative,0.9025105,0.9025105,0.090354376,0.0071351165
31341,,4,Response to every conversation is very fast and quite accurate,response to every conversation be very fast and quite accurate,en,0.9824153780937196,Response to every conversation is very fast and quite accurate,neutral,neutral,0.0,positive,0.77959657,0.009802601,0.21060084,0.77959657
31342,,5,This APK is really good than my expectation I learned B. English using this fire for schools can be a little bit a little,this apk be really good than my expectation i learn b. english use this fire for school can be a little bit a little,en,0.9109567403793336,This APK is really good than my expectation I learned B. English using this fire for schools can be a little bit a little,positive,neutral,0.1136,positive,0.93409276,0.0083966665,0.057510585,0.93409276
31343,,5,Great for learning speaking,great for learn speaking,en,0.9641757607460022,Great for learning speaking,positive,positive,0.6249,positive,0.93236476,0.0077974377,0.05983774,0.93236476
31344,,5,"Suitable for learning speaking, stars who speak 👍🏻","suitable for learn speaking, star who speak 👍",en,0.9675108790397644,"Suitable for learning speaking, stars who speak 👍🏻",positive,neutral,0.0,positive,0.88972837,0.0067788446,0.103492826,0.88972837
31345,,5,"Really ugly, I regret it, I download this back my quota !!!! but boong hayuk applications really exciting","really ugly, i regret it, i download this back my quota! but boong hayuk application really excite",en,0.8705573678016663,"Really ugly, I regret it, I download this back my quota !!!! #### but boong hayuk applications really exciting ####",positive,positive,0.3707,negative,0.91248167,0.91248167,0.0730324,0.014485924
31346,,5,"It's a shame that the IELTS part, the TOEFL must pay again which is expensive","it be a shame that the ielts part, the toefl must pay again which be expensive",en,0.8973751068115234,"It's a shame that the IELTS part, the TOEFL must pay again which is expensive",positive,negative,-0.5423,negative,0.7855532,0.7855532,0.20442016,0.010026579
31347,,4,"I give a 4 star because I often jammed, if I didn't get jammed, I would give you a 5 star","i give a 4 star because i often jammed, if i do not get jammed, i would give you a 5 star",en,0.9326390027999878,"I give a 4 star because I often jammed, if I didn't get jammed, I would give you a 5 star",neutral,neutral,0.0,neutral,0.7221618,0.066616245,0.7221618,0.21122192
31348,,5,"Crazy, this is really good application, please, which hasn't tried it, you have to try really recommending this application ❤ Thanks Elsa ❤ ❤ ❤","crazy, this be really good application, please, which have not try it, you have to try really recommend this application ❤ thanks elsa ❤ ❤ ❤",en,0.9851709008216858,"Crazy, this is really good application, please, which hasn't tried it, you have to try really recommending this application ❤ Thanks Elsa ❤❤❤",positive,positive,0.8422,positive,0.9879418,0.0032211593,0.008837085,0.9879418
31349,,5,Really helps me in learning language,really help me in learn language,en,0.9715986251831056,Really helps me in learning language,positive,positive,0.4576,positive,0.81425536,0.014213451,0.17153117,0.81425536
31350,,3,I hope this can help me to learn English,i hope this can help me to learn english,en,0.9099994897842408,I hope this can help me to learn English,neutral,positive,0.6808,positive,0.87002087,0.006250613,0.12372855,0.87002087
31351,,5,I am very happy to find an application that can help speaking from per word,i be very happy to find an application that can help speak from per word,en,0.9748443365097046,I am very happy to find an application that can help speaking from per word,positive,positive,0.7713,positive,0.8514526,0.008864993,0.13968238,0.8514526
31352,,5,Really delicious for learning pronounces,really delicious for learn pronounces,en,0.9537649154663086,Really delicious for learning pronounces,positive,positive,0.6115,positive,0.9700484,0.004810563,0.025140984,0.9700484
31353,,4,This is very good for training pronunciation. Thanks for build this app,this be very good for train pronunciation. thanks for build this app,en,0.9416033029556274,This is very good for training pronunciation. Thanks for build this app,neutral,positive,0.7264,positive,0.9653194,0.0043501183,0.030330483,0.9653194
31354,,5,Applications that really help me in English,application that really help me in english,en,0.9781356453895568,Applications that really help me in English,positive,positive,0.4576,positive,0.70306605,0.01829639,0.27863756,0.70306605
31355,,4,Really like me who is still wrong in pronunciation,really like me who be still wrong in pronunciation,en,0.9794217944145204,Really like me who is still wrong in pronunciation,neutral,neutral,-0.079,neutral,0.49154514,0.2195551,0.49154514,0.2888998
31356,,5,very good for learning foreign languages,very good for learn foreign language,en,0.9677674174308776,very good for learning foreign languages,positive,positive,0.4927,positive,0.93122977,0.006903193,0.06186702,0.93122977
31357,,5,very helpful in learning speaking,very helpful in learn speaking,en,0.9900320172309875,very helpful in learning speaking,positive,positive,0.4754,positive,0.9164172,0.008248163,0.075334646,0.9164172
31358,,5,good for learning native speakers,good for learn native speaker,en,0.9469872117042542,good for learning native speakers,positive,positive,0.4404,positive,0.87708753,0.007198835,0.11571368,0.87708753
31359,,5,Very very helpful. The application is smart beud so know where the pronunciation is wrong. Love Love,very very helpful. the application be smart beud so know where the pronunciation be wrong. love love,en,0.9134749174118042,Very very helpful. The application is smart beud so know where the pronunciation is wrong. Love Love,positive,positive,0.9076,positive,0.88741124,0.027711997,0.08487677,0.88741124
31360,,5,"Thank you very much Elsa, so I can learn independent English","thank you very much elsa, so i can learn independent english",en,0.9523022770881652,"Thank you very much Elsa, so I can learn independent English",positive,positive,0.3612,positive,0.9654398,0.005059734,0.029500507,0.9654398
31361,,4,"pretty good, if it's free, it turns out that there is paid","pretty good, if it be free, it turn out that there be pay",en,0.8652504682540894,"pretty good, if it's free, it turns out that there is paid",neutral,positive,0.8402,positive,0.92684394,0.00921256,0.06394344,0.92684394
31362,,5,Learning English here is very good and easy to die hurry up and download for you to be English 🤩 🤩,learn english here be very good and easy to die hurry up and download for you to be english 🤩 🤩,en,0.913563072681427,Learning English here is very good and easy to die hurry up and download for you to be English 🤩🤩,positive,positive,0.352,positive,0.94212824,0.00935684,0.04851499,0.94212824
31363,,5,I highly recommend this application for those of you who want to learn English,i highly recommend this application for those of you who want to learn english,en,0.9736433625221252,I highly recommend this application for those of you who want to learn English,positive,positive,0.4754,positive,0.9536112,0.0028744705,0.04351427,0.9536112
31364,,4,Untried. Directly download because you know info this application from 1%. Hope it is useful.,untried. directly download because you know info this application from 1%. hope it be useful.,en,0.8846092820167542,Untried. Directly download because you know info this application from 1%. Hope it is useful.,neutral,positive,0.7003,positive,0.7722112,0.009860585,0.21792826,0.7722112
31365,,4,Good . very helpful for those who are learning,good. very helpful for those who be learn,en,0.98618483543396,Good . very helpful for those who are learning,neutral,positive,0.7178,positive,0.95045376,0.007090976,0.04245521,0.95045376
31366,,5,"This is very good, this is a very complete application, the best, so I give you five stars","this be very good, this be a very complete application, the best, so i give you five star",en,0.9194325804710388,"This is very good, this is a very complete application, the best, so I give you five stars",positive,positive,0.8122,positive,0.98461896,0.004529292,0.0108517865,0.98461896
31367,,5,"good for learning, and for beginners must be active and pursued","good for learning, and for beginner must be active and pursue",en,0.9690937995910645,"good for learning, and for beginners must be active and pursued",positive,positive,0.6808,positive,0.8085701,0.0088577615,0.18257216,0.8085701
31368,,4,Here can be smooth English,here can be smooth english,en,0.7956758141517639,Here can be smooth English,neutral,neutral,0.0,neutral,0.62999105,0.045827907,0.62999105,0.324181
31369,,5,Very helpful for English,very helpful for english,en,0.9704478979110718,Very helpful for English,positive,positive,0.4754,positive,0.94539607,0.0056921206,0.04891185,0.94539607
31370,,1,want to just learn to pay,want to just learn to pay,en,0.9967994093894958,want to just learn to pay,negative,neutral,-0.0258,neutral,0.6453861,0.26919606,0.6453861,0.085417844
31371,,5,Train us to speak properly in English,train u to speak properly in english,en,0.9624067544937134,Train us to speak properly in English,positive,neutral,0.0,neutral,0.76025075,0.1150752,0.76025075,0.12467403
31372,,5,Unfortunately there is no Indonesian translation. or I really can't manage it,unfortunately there be no indonesian translation. or i really cannot manage it,en,0.9102779626846312,Unfortunately there is no Indonesian translation. or I really can't manage it,positive,negative,-0.5574,negative,0.9205165,0.9205165,0.0736046,0.0058788625
31373,,4,Is this paid?,be this paid?,en,0.9238846302032472,Is this paid?,neutral,neutral,0.0,neutral,0.88721144,0.0670437,0.88721144,0.0457449
31374,,5,help pronunciation of English to make it clearer,help pronunciation of english to make it clear,en,0.8680001497268677,help pronunciation of English to make it clearer,positive,positive,0.6486,neutral,0.7781215,0.13439998,0.7781215,0.087478496
31375,,4,It's fun to learn English in this app,it be fun to learn english in this app,en,0.910846471786499,It's fun to learn English in this app,neutral,positive,0.5106,positive,0.80071485,0.014705308,0.18457985,0.80071485
31376,,5,"Alhamdulillah, it is very helpful to recite words for word ..","alhamdulillah, it be very helpful to recite word for word.",en,0.8748754262924194,"Alhamdulillah, it is very helpful to recite words for word ..",positive,positive,0.4754,positive,0.92724085,0.0067954226,0.06596371,0.92724085
31377,,5,Very helpful to learn language,very helpful to learn language,en,0.9760369062423706,Very helpful to learn language,positive,positive,0.4754,positive,0.94626915,0.008160883,0.0455699,0.94626915
31378,,4,"Not bad, but a little confused because there is no translation","not bad, but a little confused because there be no translation",en,0.8726089596748352,"Not bad, but a little confused because there is no translation",neutral,negative,-0.5244,negative,0.69807595,0.69807595,0.28509852,0.016825499
31379,,5,Very very love and recommended for friends who intend to be English,very very love and recommend for friend who intend to be english,en,0.9725353121757508,Very very love and recommended for friends who intend to be English,positive,positive,0.8942,positive,0.97031826,0.003639464,0.026042292,0.97031826
31380,,5,Cool because he doesn't go to another application he can detect how to speak our English,cool because he do not go to another application he can detect how to speak our english,en,0.9559042453765868,Cool because he doesn't go to another application he can detect how to speak our English,positive,positive,0.3182,neutral,0.3361876,0.020919258,0.3361876,0.6428931
31381,,5,great hopefully it can run smoothly in English,great hopefully it can run smoothly in english,en,0.9285674095153807,great hopefully it can run smoothly in English,positive,positive,0.7783,positive,0.9684983,0.0032765605,0.028225126,0.9684983
31382,,5,Thank you Elsa for this application I can better understand how to use English,thank you elsa for this application i can better understand how to use english,en,0.9017195105552672,Thank you Elsa for this application I can better understand how to use English,positive,positive,0.6597,positive,0.92942697,0.008709162,0.061863918,0.92942697
31383,,4,"Honestly, I like it, but I have to upgrade first to premium ...","honestly, i like it, but i have to upgrade first to premium.",en,0.9826635122299194,"Honestly, I like it, but I have to upgrade first to premium ...",neutral,positive,0.4118,positive,0.8162722,0.012877843,0.17084998,0.8162722
31384,,5,Very helpful in the correct pronunciation according to the original speaker.,very helpful in the correct pronunciation accord to the original speaker.,en,0.915966808795929,Very helpful in the correct pronunciation according to the original speaker.,positive,positive,0.659,positive,0.86576426,0.008246609,0.12598911,0.86576426
31385,,5,applications that can help speak English,application that can help speak english,en,0.9746623039245604,applications that can help speak English,positive,positive,0.4019,neutral,0.62595445,0.028766563,0.62595445,0.34527895
31386,,5,Recommended for those who want to improve speaking skills,recommend for those who want to improve speaking skill,en,0.9711917638778688,Recommended for those who want to improve speaking skills,positive,positive,0.6908,neutral,0.6419669,0.02295912,0.6419669,0.33507395
31387,,5,"Hope it can help, so far the APK is good","hope it can help, so far the apk be good",en,0.7925034761428833,"Hope it can help, so far the APK is good",positive,positive,0.8176,positive,0.9510339,0.008329974,0.040636066,0.9510339
31388,,5,very helpful in pronunciation to get used to saying in a sound that is almost native ☺️Thanks Elsa Speak,very helpful in pronunciation to get use to say in a sound that be almost native ☺ thanks elsa speak,en,0.9692856073379515,very helpful in pronunciation to get used to saying in a sound that is almost native ☺️Thanks Elsa Speak,positive,positive,0.6922,positive,0.9717739,0.0035928248,0.024633262,0.9717739
31389,,5,very helpful in English,very helpful in english,en,0.9804530143737792,very helpful in English,positive,positive,0.4754,positive,0.95420986,0.0048526777,0.040937375,0.95420986
31390,,5,This game is really good for beginners,this game be really good for beginner,en,0.9590291380882264,This game is really good for beginners,positive,positive,0.4927,positive,0.9717543,0.0030945037,0.025151188,0.9717543
31391,,5,"Wow, this application is very good and very sophisticated. worth it if it is paid","wow, this application be very good and very sophisticated. worth it if it be pay",en,0.9486528635025024,"Wow, this application is very good and very sophisticated. worth it if it is paid",positive,positive,0.9129,positive,0.98239905,0.005498836,0.012102166,0.98239905
31392,,5,"This application is really good, hope it helps to level up the next level","this application be really good, hope it help to level up the next level",en,0.9292529225349426,"This application is really good, hope it helps to level up the next level",positive,positive,0.8431,positive,0.98373175,0.0035776407,0.01269059,0.98373175
31393,,5,Very complete,very complete,en,0.9772993326187134,Very complete,positive,neutral,0.0,positive,0.75263673,0.01611573,0.23124757,0.75263673
31394,,5,This application is very complete to help me learn well,this application be very complete to help me learn well,en,0.9592401385307312,This application is very complete to help me learn well,positive,positive,0.6204,positive,0.91665584,0.0047003855,0.07864375,0.91665584
31395,,5,I have been studying English all this time,i have be study english all this time,en,0.9014409184455872,I have been studying English all this time,positive,neutral,0.0,neutral,0.6697192,0.23482467,0.6697192,0.09545621
31396,,1,"please return my funds, suddenly cut my own, even though I don't subscribe every year, but yesterday it was pushing, so please return my balance money","please return my funds, suddenly cut my own, even though i do not subscribe every year, but yesterday it be pushing, so please return my balance money",en,0.8825592994689941,"please return my funds, suddenly cut my own, even though I don't subscribe every year, but yesterday it was pushing, so please return my balance money",negative,positive,0.4678,negative,0.53260845,0.53260845,0.4269978,0.040393725
31397,,5,really good and very helpful for beginners like me it's just that we have to pay,really good and very helpful for beginner like me it be just that we have to pay,en,0.9923433661460876,really good and very helpful for beginners like me it's just that we have to pay,positive,positive,0.8119,positive,0.9350629,0.008736027,0.056201126,0.9350629
31398,,5,"Alhamdulillah, studying here is delicious ... but I myself have another English course ... God willing","alhamdulillah, study here be delicious. but i myself have another english course. god willing",en,0.8586878180503845,"Alhamdulillah, studying here is delicious ... but I myself have another English course ... God willing",positive,positive,0.6124,positive,0.9580439,0.004263389,0.037692815,0.9580439
31399,,5,can learn English I like 🥰,can learn english i like 🥰,en,0.9115182161331176,can learn English I like 🥰,positive,positive,0.3612,positive,0.9660284,0.0028832825,0.031088326,0.9660284
31400,,5,"really cool, the details are the apk","really cool, the detail be the apk",en,0.9709312915802002,"really cool, the details are the apk",positive,positive,0.3804,positive,0.97059804,0.007082677,0.022319337,0.97059804
31401,,3,"The free version can not be accessed there must be a payment agreement first,","the free version can not be access there must be a payment agreement first,",en,0.8911085724830627,"The free version can not be accessed there must be a payment agreement first,",neutral,positive,0.7579,neutral,0.66885376,0.29878122,0.66885376,0.032365035
31402,,5,"Actually very interesting, but using pay.","actually very interesting, but use pay.",en,0.9701791405677797,"Actually very interesting, but using pay.",positive,neutral,0.1018,positive,0.9297629,0.0063396394,0.063897505,0.9297629
31403,,5,"This APK will be much better if the features are not limited, but thank you","this apk will be much good if the feature be not limited, but thank you",en,0.8694689273834229,"This APK will be much better if the features are not limited, but thank you",positive,neutral,-0.0982,positive,0.9482459,0.006512886,0.045241192,0.9482459
31404,,5,"good ,, hopefully bring blessings for those who are still learning from the beginning amen ..","good, hopefully bring blessing for those who be still learn from the beginning amen.",en,0.9173399209976196,"good ,, hopefully bring blessings for those who are still learning from the beginning amen ..",positive,positive,0.8316,positive,0.9572178,0.005434514,0.037347693,0.9572178
31405,,5,Learning language is much easier here,learn language be much easy here,en,0.9218123555183412,Learning language is much easier here,positive,positive,0.4404,positive,0.6846377,0.02542862,0.28993362,0.6846377
31406,,5,The apk is really essomy ... to update our skills .... recommended ... hurry up and download,the apk be really essomy. to update our skills. recommended. hurry up and download,en,0.966069757938385,The apk is really eeeeeeeeeeeeeeeessomy ... to update our skills .... recommended ... hurry up and download,positive,neutral,0.2023,neutral,0.3218058,0.028914932,0.3218058,0.6492793
31407,,5,Good bangeet. Keren .. doesn't make you bored learning,good bangeet. keren. do not make you bore learn,en,0.795795202255249,Good bangeetttt. Kerennn .. doesn't make you bored learning,positive,positive,0.5632,neutral,0.3359753,0.08088742,0.3359753,0.58313733
31408,,5,"very helpful, and very easy to use this application","very helpful, and very easy to use this application",en,0.9841346144676208,"very helpful, and very easy to use this application",positive,positive,0.742,positive,0.9804627,0.00388707,0.015650261,0.9804627
31409,,1,"Already download the application but how come you can't continue, you are told to write the email, what do you mean","already download the application but how come you cannot continue, you be tell to write the email, what do you mean",en,0.9595123529434204,"Already download the application but how come you can't continue, you are told to write the email, what do you mean",negative,neutral,0.0,negative,0.7006257,0.7006257,0.28816405,0.011210225
31410,,5,This application is very helpful for facilitating pronunciation,this application be very helpful for facilitate pronunciation,en,0.8411241173744202,This application is very helpful for facilitating pronunciation,positive,positive,0.4754,positive,0.9371909,0.004938627,0.0578705,0.9371909
31411,,5,This really helps me in English pronunciation,this really help me in english pronunciation,en,0.9161343574523926,This really helps me in English pronunciation,positive,positive,0.4576,positive,0.94173247,0.005889176,0.052378412,0.94173247
31412,,3,"The application is good, it's just because paid is a 3 star first ,,,,","the application be good, it be just because pay be a 3 star first,",en,0.8288391828536987,"The application is good, it's just because paid is a 3 star first ,,,,",neutral,positive,0.3612,positive,0.826115,0.01435713,0.15952782,0.826115
31413,,5,"Good for the application, very helpful","good for the application, very helpful",en,0.9663457870483398,"Good for the application, very helpful",positive,positive,0.7178,positive,0.96972466,0.0060099643,0.024265414,0.96972466
31414,,5,the apk is very helpful in learning English ....... thanks you elsa speak,the apk be very helpful in learn english. thanks you elsa speak,en,0.960676610469818,the apk is very helpful in learning English ....... thanks you elsa speak,positive,positive,0.7178,positive,0.9437342,0.005666281,0.050599497,0.9437342
31415,,5,"good, but you have to save first for the pro package","good, but you have to save first for the pro package",en,0.9556180834770204,"good, but you have to save first for the pro package",positive,positive,0.7391,positive,0.66905993,0.02131754,0.30962253,0.66905993
31416,,4,"It's good, but is it mandatory to pay? Can't enter free, no need premium? If possible, don't have to premium, I'll give you a 5 star. Thank you","it be good, but be it mandatory to pay? cannot enter free, no need premium? if possible, do not have to premium, i will give you a 5 star. thank you",en,0.8414705991744995,"It's good, but is it mandatory to pay? Can't enter free, no need premium? If possible, don't have to premium, I'll give you a 5 star. Thank you",neutral,positive,0.492,neutral,0.31784612,0.03216927,0.31784612,0.6499846
31417,,5,help in people who can't speak not,help in people who cannot speak not,en,0.9945036768913268,help in people who can't speak not,positive,positive,0.4019,negative,0.54518867,0.54518867,0.427828,0.0269833
31418,,5,"I really like the application, first use this application and help me in learning pronunciation","i really like the application, first use this application and help me in learn pronunciation",en,0.9348308444023132,"I really like the application, first use this application and help me in learning pronunciation",positive,positive,0.6697,positive,0.9774155,0.003499977,0.019084541,0.9774155
31419,,3,"pretty good, for beginners this is still not fun","pretty good, for beginner this be still not fun",en,0.8801905512809753,"pretty good, for beginners this is still not fun",neutral,positive,0.5264,neutral,0.35426483,0.29562378,0.35426483,0.35011137
31421,,5,I just want to be able to learn English,i just want to be able to learn english,en,0.9762512445449828,I just want to be able to learn English,positive,neutral,0.0772,neutral,0.55855525,0.18853818,0.55855525,0.2529066
31422,,5,"This application is very good, Ss, don't, vilify, explain in this application, the application is good","this application be very good, ss, dont, vilify, explain in this application, the application be good",en,0.9230167269706726,"This application is very good, Sssssss, don't, vilify, explain in this application, the application is good",positive,positive,0.7496,positive,0.95844185,0.010084702,0.03147347,0.95844185
31423,,5,This application is really good .... very extraordinary help. ..Thanks,this application be really good. very extraordinary help. . thanks,en,0.9697055220603944,This application is really good .... very extraordinary help. ..Thanks,positive,positive,0.8532,positive,0.984458,0.0041377796,0.01140425,0.984458
31424,,5,cool can chat English,cool can chat english,en,0.601694643497467,cool can chat English,positive,positive,0.3182,neutral,0.40149748,0.009685178,0.40149748,0.5888173
31425,,5,"I really like what, I can quickly learn the language","i really like what, i can quickly learn the language",en,0.96801096200943,"I really like what, I can quickly learn the language",positive,positive,0.4201,positive,0.9730907,0.0041431156,0.022766186,0.9730907
31426,,5,good for practicing the correct pronunciation,good for practice the correct pronunciation,en,0.8328106999397278,good for practicing the correct pronunciation,positive,positive,0.4404,positive,0.8531827,0.010765066,0.13605228,0.8531827
31427,,4,"Amazing, hopefully it can quickly run smoothly ... thank you","amazing, hopefully it can quickly run smoothly. thank you",en,0.9572744369506836,"Amazing, hopefully it can quickly run smoothly ... thank you",neutral,positive,0.8402,positive,0.9841362,0.0031595554,0.012704195,0.9841362
31428,,4,"very good, but unfortunately there is no meaning","very good, but unfortunately there be no meaning",en,0.9829627871513368,"very good, but unfortunately there is no meaning",neutral,negative,-0.6368,negative,0.78411806,0.78411806,0.1797188,0.036163114
31429,,2,A good application is only stingy. Up.,a good application be only stingy. up.,en,0.9446709752082824,A good application is only stingy. Up.,negative,neutral,0.0772,negative,0.74544394,0.74544394,0.22516418,0.029391877
31430,,5,"It's really good, I don't know what I want to say anyway, I guarantee it is really good","it be really good, i do not know what i want to say anyway, i guarantee it be really good",en,0.9704286456108092,"It's really good, I don't know what I want to say anyway, I guarantee it is really good",positive,positive,0.8,positive,0.94526213,0.016014913,0.038722936,0.94526213
31431,,5,Good. recommendations for learning the conversation,good. recommendation for learn the conversation,en,0.8672729730606079,Good. recommendations for learning the conversation,positive,positive,0.4404,positive,0.8372664,0.015624016,0.14710963,0.8372664
31432,,5,mantap .. I hope I can speak English through this application 👏 👏,mantap. i hope i can speak english through this application 👏 👏,en,0.91748309135437,mantaaapppp .. I hope I can speak English through this application 👏👏,positive,positive,0.4404,positive,0.8962623,0.0042899232,0.09944784,0.8962623
31433,,4,Elsa Speak is very helpful for me in learning English (Speak Inglish),elsa speak be very helpful for me in learn english speak inglish,en,0.9550681114196776,Elsa Speak is very helpful for me in learning English (Speak Inglish),neutral,positive,0.4754,positive,0.8498555,0.0074920906,0.14265247,0.8498555
31434,,5,"best, can help in conversation","best, can help in conversation",en,0.8804012537002563,"best, can help in conversation",positive,positive,0.7845,positive,0.8119231,0.011379811,0.17669712,0.8119231
31435,,5,"good, easy to use, cool","good, easy to use, cool",en,0.789304256439209,"good, easy to use, cool",positive,positive,0.7964,positive,0.9584599,0.0074691074,0.034070984,0.9584599
31436,,5,Very good for learning Accent,very good for learn accent,en,0.9804370999336244,Very good for learning Accent,positive,positive,0.4927,positive,0.921877,0.009274298,0.068848714,0.921877
31437,,5,How better there is a translation,how good there be a translation,en,0.8491426110267639,How better there is a translation,positive,positive,0.4404,neutral,0.41202465,0.08107181,0.41202465,0.5069035
31438,,5,"Very good, my pronunciation became even more and more precise","very good, my pronunciation become even more and more precise",en,0.9740137457847596,"Very good, my pronunciation became even more and more precise",positive,positive,0.4927,positive,0.98255277,0.0039844685,0.013462828,0.98255277
31439,,5,very helping me in justifying my English,very help me in justify my english,en,0.9484613537788392,very helping me in justifying my English,positive,positive,0.4576,neutral,0.45912805,0.053315748,0.45912805,0.48755625
31440,,5,really great learning speaking in this app :),really great learn speaking in this app,en,0.9861342310905457,really great learning speaking in this app :),positive,positive,0.659,positive,0.9788174,0.0043363115,0.016846262,0.9788174
31441,,5,APK recommendations for students because it is really good for learning,apk recommendation for student because it be really good for learn,en,0.954191029071808,APK recommendations for students because it is really good for learning,positive,positive,0.4927,positive,0.9309208,0.006902765,0.062176447,0.9309208
31442,,5,So it's very easy to learn language. English 😍,so it be very easy to learn language. english 😍,en,0.9123354554176332,So it's very easy to learn language. English😍,positive,positive,0.4927,positive,0.9785297,0.0024531877,0.01901715,0.9785297
31443,,5,"the application is good, teaching slowly","the application be good, teach slowly",en,0.9236544370651244,"the application is good, teaching slowly",positive,positive,0.4404,positive,0.7709042,0.017633831,0.21146202,0.7709042
31444,,5,Nice !!! This app is really good! I like it. My Prononconation's ability is getting better. Thanks Elsa! ♡,nice! this app be really good! i like it. my prononconations ability be get better. thanks elsa! ♡,en,0.9168314337730408,Nice !!! This app is really good! I like it. My Prononconation's ability is getting better. Thanks Elsa! ♡,positive,positive,0.9497,positive,0.98870367,0.003514611,0.0077817454,0.98870367
31445,,5,"Pliss I tried and EMG so 90% smooth b english !! , Must download itRte","pliss i try and emg so 90% smooth b english! , must download itrte",en,0.5920843482017517,"Pliss I tried and EMG so 90% smooth b english !! , Must download itRte",positive,neutral,0.0,positive,0.7578331,0.01717581,0.22499105,0.7578331
31446,,5,very helpful ... suitable for those who want to fix the speaking,very helpful. suitable for those who want to fix the speaking,en,0.9899298548698424,very helpful ... suitable for those who want to fix the speaking,positive,positive,0.5256,positive,0.8511181,0.01931023,0.1295717,0.8511181
31447,,5,suitable for those who want to be like a native speaker,suitable for those who want to be like a native speaker,en,0.9781128764152528,suitable for those who want to be like a native speaker,positive,positive,0.4215,neutral,0.7542428,0.027549569,0.7542428,0.21820769
31448,,1,already paid forever but instead returned trial mode .. the application is cheating,already pay forever but instead return trial mode. the application be cheat,en,0.7284027934074402,already paid forever but instead returned trial mode .. the application is cheating,negative,negative,-0.6369,negative,0.8918386,0.8918386,0.1007474,0.0074139647
31449,,5,Good I like it. Slowly start to say words b. English,good i like it. slowly start to say word b. english,en,0.9513158202171326,Good I like it. Slowly start to say words b. English,positive,positive,0.6597,positive,0.9641328,0.0038787257,0.031988475,0.9641328
31450,,5,This application really helped me learn language,this application really help me learn language,en,0.9388742446899414,This application really helped me learn language,positive,positive,0.4576,positive,0.9122868,0.0055697476,0.082143426,0.9122868
31451,,5,"really likes, what's the help there is a score","really likes, what be the help there be a score",en,0.9580087661743164,"really likes, what's the help there is a score",positive,positive,0.6997,positive,0.83746666,0.00865508,0.15387824,0.83746666
31452,,5,very interesting and increase speaking correctly,very interesting and increase speaking correctly,en,0.953912615776062,very interesting and increase speaking correctly,positive,positive,0.6764,positive,0.9533429,0.006359208,0.040297918,0.9533429
31453,,5,to learn this pronunciation is good,to learn this pronunciation be good,en,0.842189371585846,to learn this pronunciation is good,positive,positive,0.4404,neutral,0.3671299,0.03638536,0.3671299,0.5964847
31454,,5,Learning English so fun,learn english so fun,en,0.5247042775154114,Learning English so fun,positive,positive,0.6418,positive,0.9595426,0.0044317795,0.036025662,0.9595426
31455,,5,very helpful in the learning process,very helpful in the learning process,en,0.979578137397766,very helpful in the learning process,positive,positive,0.4754,positive,0.93693334,0.005951811,0.05711485,0.93693334
31456,,5,The application is ok but the connection must be strong,the application be ok but the connection must be strong,en,0.9124736785888672,The application is ok but the connection must be strong,positive,positive,0.7227,neutral,0.39936376,0.027150743,0.39936376,0.5734855
31457,,4,good but for the price I hope there is a promotion,good but for the price i hope there be a promotion,en,0.913232445716858,good but for the price I hope there is a promotion,neutral,positive,0.7003,positive,0.86180836,0.016941013,0.121250615,0.86180836
31458,,4,"This really helps me as a beginner, max for the apk","this really help me as a beginner, max for the apk",en,0.983249843120575,"This really helps me as a beginner, max for the apk",neutral,positive,0.4576,positive,0.9506814,0.0072644698,0.042054202,0.9506814
31459,,5,"Quality but not yet able to pay, maybe next time to use again.","quality but not yet able to pay, maybe next time to use again.",en,0.9916361570358276,"Quality but not yet able to pay, maybe next time to use again.",positive,negative,-0.1531,negative,0.5965151,0.5965151,0.35079333,0.052691605
31460,,5,I am more able to express words in English,i be more able to express word in english,en,0.898068368434906,I am more able to express words in English,positive,neutral,0.0,neutral,0.46051523,0.027451446,0.46051523,0.51203334
31461,,5,"Hihi exciting, so I'm not bored learning English !!","hihi exciting, so i be not bore learning english!",en,0.670803427696228,"Hihi exciting, so I'm not bored learning English !!",positive,positive,0.67,positive,0.98129267,0.0035282914,0.015178988,0.98129267
31462,,5,very good. And can understand quickly 🙏,very good. and can understand quickly 🙏,en,0.9944772124290466,very good. And can understand quickly 🙏,positive,positive,0.4927,positive,0.9741625,0.0039513805,0.021886138,0.9741625
31463,,5,"impressive, very satisfying and helping 🤩 🥰","impressive, very satisfy and help 🤩 🥰",en,0.9674126505851746,"impressive, very satisfying and helping 🤩🥰",positive,positive,0.861,positive,0.98809075,0.0039751246,0.007934159,0.98809075
31464,,3,"There should be a meaning of Indonesian language so you know what purpose it is said, later it can say but do not know what the purpose is, in my opinion there must be meaning.","there should be a meaning of indonesian language so you know what purpose it be said, later it can say but do not know what the purpose is, in my opinion there must be meaning.",en,0.9666315913200378,"There should be a meaning of Indonesian language so you know what purpose it is said, later it can say but do not know what the purpose is, in my opinion there must be meaning.",neutral,neutral,0.0,neutral,0.73221904,0.14028326,0.73221904,0.12749769
31465,,5,Very good for improving prononsization,very good for improve prononsization,en,0.9469884037971495,Very good for improving prononsization,positive,positive,0.7474,positive,0.933115,0.008921125,0.057963833,0.933115
31466,,3,I think this is a bangus for English pronunciation,i think this be a bangus for english pronunciation,en,0.8378056883811951,I think this is a bangus for English pronunciation,neutral,neutral,0.0,neutral,0.90895665,0.041603744,0.90895665,0.04943962
31467,,5,very helping me in my English pronunciation,very help me in my english pronunciation,en,0.920680046081543,very helping me in my English pronunciation,positive,positive,0.4576,neutral,0.4925423,0.05442603,0.4925423,0.4530317
31468,,5,Admin is very fast response and solutive 👏🏻,admin be very fast response and solutive 👏,en,0.9596275687217712,Admin is very fast response and solutive 👏🏻,positive,neutral,0.0,positive,0.94583726,0.009684112,0.04447865,0.94583726
31469,,4,Not bad for upgrade the British skill,not bad for upgrade the british skill,en,0.9174471497535706,Not bad for upgrade the British skill,neutral,positive,0.431,neutral,0.50074035,0.035290718,0.50074035,0.46396887
31470,,5,very helpful and highly recommended for beginners like me,very helpful and highly recommend for beginner like me,en,0.9739199876785278,very helpful and highly recommended for beginners like me,positive,positive,0.8119,positive,0.98168373,0.004170162,0.014146183,0.98168373
31471,,2,"I have topped up through Google Play, instead the payment of the Google Play method can't.","i have top up through google play, instead the payment of the google play method cant.",en,0.9135045409202576,"I have topped up through Google Play, instead the payment of the Google Play method can't.",negative,positive,0.6808,negative,0.5536004,0.5536004,0.4216701,0.02472956
31472,,5,"Very helpful, and very useful because it can help us communicate","very helpful, and very useful because it can help u communicate",en,0.9706633687019348,"Very helpful, and very useful because it can help us communicate",positive,positive,0.8396,positive,0.9595442,0.0031013612,0.03735447,0.9595442
31473,,1,Paid all the Aj Bineending Duolingo completely free,pay all the aj bineending duolingo completely free,en,0.7373155951499939,Paid all the Aj Bineending Duolingo completely free,negative,positive,0.4927,neutral,0.7870275,0.03774264,0.7870275,0.17522988
31474,,4,"Just the beginning of learning, when the interview was real, instead of being excited, there was even pride hahah 😅","just the beginning of learning, when the interview be real, instead of be excited, there be even pride hahah 😅",en,0.8088251948356628,"Just the beginning of learning, when the interview was real, instead of being excited, there was even pride hahah😅",neutral,positive,0.5859,positive,0.84161955,0.015926521,0.14245395,0.84161955
31475,,4,Help really for those who want to learn English,help really for those who want to learn english,en,0.990482211112976,Help really for those who want to learn English,neutral,positive,0.4588,neutral,0.5919386,0.026336337,0.5919386,0.38172507
31476,,5,"This is the first time trying to directly like the application, many choices for beginners like me","this be the first time try to directly like the application, many choice for beginner like me",en,0.9190534949302672,"This is the first time trying to directly like the application, many choices for beginners like me",positive,positive,0.6124,neutral,0.6327951,0.066650644,0.6327951,0.3005543
31477,,4,very helpful to study b english,very helpful to study b english,en,0.9672017097473145,very helpful to study b english,neutral,positive,0.4754,positive,0.9519542,0.0052352115,0.04281058,0.9519542
31478,,5,This can practice English,this can practice english,en,0.8870264887809753,This can practice English,positive,neutral,0.0,neutral,0.6817727,0.10746138,0.6817727,0.21076584
31479,,5,Thank you for helping .. Really right. Not boring. then if it's wrong in speaking in the right?,thank you for helping. really right. not boring. then if it be wrong in speak in the right?,en,0.9780500531196594,Thank you for helping .. Really right. Not boring. then if it's wrong in speaking in the right?,positive,positive,0.4264,positive,0.7164515,0.05036428,0.23318417,0.7164515
31480,,5,This really helps me in learning the right pronunciation,this really help me in learn the right pronunciation,en,0.9027646780014038,This really helps me in learning the right pronunciation,positive,positive,0.4576,positive,0.91006106,0.008528731,0.081410244,0.91006106
31481,,5,Very helpful for me in English,very helpful for me in english,en,0.9740526080131532,Very helpful for me in English,positive,positive,0.4754,positive,0.9648735,0.0031403012,0.031986225,0.9648735
31482,,5,Uninstall again ... because you have to pay. still open another apk that is free ...,uninstall again. because you have to pay. still open another apk that be free.,en,0.9838570952415466,Uninstall again ... because you have to pay. still open another apk that is free ...,positive,positive,0.4404,neutral,0.7311981,0.20726217,0.7311981,0.061539706
31483,,1,"Customer service does not help at all, like chat with the wall is not connected and not friendly either, I swear to be disappointed","customer service do not help at all, like chat with the wall be not connect and not friendly either, i swear to be disappoint",en,0.8844981789588928,"Customer service does not help at all, like chat with the wall is not connected and not friendly either, I swear to be disappointed",negative,negative,-0.6044,negative,0.94379824,0.94379824,0.049832877,0.0063689617
31484,,5,"cool even though I'm a free user, but this is cool","cool even though i be a free user, but this be cool",en,0.8164634108543396,"cool even though I'm a free user, but this is cool",positive,positive,0.6956,positive,0.79722804,0.013458785,0.1893132,0.79722804
31485,,4,good and rather angry I'm a little bit a little more little more but I just give it a 4 star,good and rather angry i be a little bit a little more little more but i just give it a 4 star,en,0.9083545804023744,good and rather angry I'm a little bit a little more little more but I just give it a 4 star,neutral,neutral,-0.0516,positive,0.8536026,0.03732187,0.109075494,0.8536026
31486,,5,Help English Process,help english process,en,0.8338172435760498,Help English Process,positive,positive,0.4019,neutral,0.7362851,0.13064238,0.7362851,0.13307251
31487,,5,"The application is really cool, it really helps me, in my opinion","the application be really cool, it really help me, in my opinion",en,0.9863328337669371,"The application is really cool, it really helps me, in my opinion",positive,positive,0.6794,positive,0.98103654,0.004570674,0.014392782,0.98103654
31488,,5,very good apk we feel like learning while playing games,very good apk we feel like learn while play game,en,0.979902982711792,very good apk we feel like learning while playing games,positive,positive,0.796,positive,0.9752371,0.003660618,0.021102363,0.9752371
31489,,5,Cool. Very detailed giving an explanation.,cool. very detailed give an explanation.,en,0.9642629027366638,Cool. Very detailed giving an explanation.,positive,positive,0.3182,positive,0.88673574,0.009676885,0.10358736,0.88673574
31490,,5,"really good, we are taught really","really good, we be teach really",en,0.9910724759101868,"really good, we are taught really",positive,positive,0.4927,positive,0.97300243,0.006265951,0.020731585,0.97300243
31491,,5,I am a grade 3 elementary school student very satisfying,i be a grade 3 elementary school student very satisfy,en,0.9513742327690125,I am a grade 3 elementary school student very satisfying,positive,positive,0.5095,neutral,0.66161597,0.059050307,0.66161597,0.27933374
31492,,5,very helpful in the learning process for beginners,very helpful in the learning process for beginner,en,0.965684711933136,very helpful in the learning process for beginners,positive,positive,0.4754,positive,0.9110262,0.005626252,0.08334755,0.9110262
31493,,5,"Mantap, very suitable for learning pronunciation. Thank you","mantap, very suitable for learn pronunciation. thank you",en,0.9161571860313416,"Mantappp, very suitable for learning pronunciation. Thank you",positive,positive,0.3612,positive,0.95449805,0.0042368276,0.04126509,0.95449805
31494,,4,"good, but it needs to continue development","good, but it need to continue development",en,0.955976128578186,"good, but it needs to continue development",neutral,neutral,0.2382,positive,0.77305835,0.016966535,0.20997508,0.77305835
31495,,4,very helpful to increase our speaking,very helpful to increase our speak,en,0.9895992875099182,very helpful to increase our speaking,neutral,positive,0.6865,positive,0.9491801,0.0077002416,0.04311964,0.9491801
31496,,5,very helpful in British workmanship,very helpful in british workmanship,en,0.9766616821289062,very helpful in British workmanship,positive,positive,0.4754,positive,0.9384759,0.0061833374,0.055340726,0.9384759
31497,,5,Good for learning speaking and pronunciation,good for learn speaking and pronunciation,en,0.936899960041046,Good for learning speaking and pronunciation,positive,positive,0.4404,positive,0.82659477,0.012806146,0.16059908,0.82659477
31498,,5,Can smooth my English,can smooth my english,en,0.8575547933578491,Can smooth my English,positive,neutral,0.0,neutral,0.71774995,0.09395706,0.71774995,0.18829297
31499,,5,"Very, very good to study at home","very, very good to study at home",en,0.9933732151985168,"Very, very good to study at home",positive,positive,0.5379,positive,0.9561571,0.004342255,0.039500657,0.9561571
31500,,4,good .. this application can increase pronunciation,good. this application can increase pronunciation,en,0.8892381191253662,good .. this application can increase pronunciation,neutral,positive,0.6369,positive,0.9505887,0.005262165,0.044149138,0.9505887
31501,,4,very good lesson for beginners,very good lesson for beginner,en,0.957761287689209,very good lesson for beginners,neutral,positive,0.4927,positive,0.93500954,0.011050682,0.053939767,0.93500954
31502,,5,"really helps really, try free trial that is also very useful","really help really, try free trial that be also very useful",en,0.991853892803192,"really helps really, try free trial that is also very useful",positive,positive,0.8678,positive,0.97195184,0.004212139,0.023836074,0.97195184
31503,,5,even good for free,even good for free,en,0.951178014278412,even good for free,positive,positive,0.7351,neutral,0.52161735,0.10515992,0.52161735,0.37322274
31504,,5,"steady to learn, what else is klaok geratis","steady to learn, what else be klaok geratis",en,0.6469358801841736,"steady to learn, what else is klaok geratis",positive,neutral,0.0,neutral,0.73089546,0.0333127,0.73089546,0.23579188
31505,,5,good application but please don't pay 😂,good application but please do not pay 😂,en,0.9312517642974854,good application but please don't pay😂,positive,positive,0.6535,neutral,0.32860145,0.17197931,0.32860145,0.49941924
31506,,5,Great for the ability to speak,great for the ability to speak,en,0.9893392324447632,Great for the ability to speak,positive,positive,0.7506,positive,0.8531189,0.00924945,0.13763165,0.8531189
31507,,5,very helpful who want to increase pronunciation,very helpful who want to increase pronunciation,en,0.9732109904289246,very helpful who want to increase pronunciation,positive,positive,0.7146,positive,0.9353811,0.0070751114,0.057543747,0.9353811
31508,,4,"The application is very helpful, but this is prepaid?","the application be very helpful, but this be prepaid?",en,0.9739052653312684,"The application is very helpful, but this is prepaid?",neutral,neutral,0.2609,positive,0.7559536,0.01829522,0.22575118,0.7559536
31509,,5,"okay the application is good, it's just unfortunately paid","okay the application be good, it be just unfortunately pay",en,0.9207616448402404,"okay the application is good, it's just unfortunately paid",positive,neutral,0.25,neutral,0.32274327,0.047510993,0.32274327,0.6297458
31510,,1,"The same case as me, try like ... after downloading login and nothing happens anything there is writing and speak: (hi! I'm elsa your personal English tutor)","the same case as me, try like. after download login and nothing happen anything there be write and speak hi! i be elsa your personal english tutor",en,0.940963625907898,"The same case as me, try like ... after downloading login and nothing happens anything there is writing and speak: (hi! I'm elsa your personal English tutor)",negative,positive,0.4199,neutral,0.7391946,0.063779645,0.7391946,0.19702576
31511,,4,"cool applications for upgrading language, you know","cool application for upgrade language, you know",en,0.9539474844932556,"cool applications for upgrading language, you know",neutral,positive,0.3182,positive,0.82869893,0.009088831,0.1622122,0.82869893
31512,,5,"Good App, I just tried it and felt that this application was indeed good","good app, i just try it and felt that this application be indeed good",en,0.9677637219429016,"Good App, I just tried it and felt that this application was indeed good",positive,positive,0.7003,positive,0.9802105,0.0031526745,0.016636861,0.9802105
31513,,5,Applications are very easy to learn,application be very easy to learn,en,0.966938853263855,Applications are very easy to learn,positive,positive,0.4927,positive,0.74242806,0.020122709,0.23744918,0.74242806
31514,,5,learn good pronunciation details here,learn good pronunciation detail here,en,0.801829993724823,learn good pronunciation details here,positive,positive,0.4404,positive,0.70369977,0.018414108,0.2778861,0.70369977
31515,,5,"Very recommended to try, very helpful","very recommended to try, very helpful",en,0.9962061643600464,"Very recommended to try, very helpful",positive,positive,0.6353,positive,0.97644424,0.0064777713,0.017078036,0.97644424
31516,,3,I don't feel paid. but it's fun to use it,i do not feel paid. but it be fun to use it,en,0.907291293144226,I don't feel paid. but it's fun to use it,neutral,positive,0.6652,neutral,0.48982233,0.17954035,0.48982233,0.33063737
31517,,5,interesting and fun how the learner,interesting and fun how the learner,en,0.8966959714889526,interesting and fun how the learner,positive,positive,0.7184,positive,0.89165545,0.0076757674,0.1006688,0.89165545
31518,,3,The application is good but using the limit so I give 3 stars,the application be good but use the limit so i give 3 star,en,0.750981330871582,The application is good but using the limit so I give 3 stars,neutral,neutral,0.2382,positive,0.81009364,0.019368693,0.17053764,0.81009364
31519,,5,"Very good, so help every student","very good, so help every student",en,0.9768393039703368,"Very good, so help every student",positive,positive,0.7914,positive,0.9676567,0.0058680177,0.026475297,0.9676567
31520,,5,This is really good for English,this be really good for english,en,0.957553505897522,This is really good for English,positive,positive,0.4927,positive,0.9663362,0.0040783873,0.029585384,0.9663362
31521,,5,very helping me in English pronunciation,very help me in english pronunciation,en,0.9120517373085022,very helping me in English pronunciation,positive,positive,0.4576,neutral,0.54937935,0.058642924,0.54937935,0.39197773
31522,,5,really helps me speak English,really help me speak english,en,0.9838666915893556,really helps me speak English,positive,positive,0.4576,positive,0.72572124,0.019565864,0.2547129,0.72572124
31523,,5,"Good, can learn speaking","good, can learn speaking",en,0.9629475474357604,"Good, can learn speaking",positive,positive,0.4404,positive,0.837768,0.01539514,0.14683685,0.837768
31524,,5,fun but unfortunately you have to be paid,fun but unfortunately you have to be pay,en,0.9914090633392334,fun but unfortunately you have to be paid,positive,negative,-0.3716,negative,0.6357094,0.6357094,0.30389854,0.06039212
31525,,5,Listening exercises are easier,listening exercise be easy,en,0.6630226969718933,Listening exercises are easier,positive,positive,0.4404,neutral,0.50213856,0.05637308,0.50213856,0.4414884
31526,,5,good just don't have money to subscribe,good just do not have money to subscribe,en,0.9584746956825256,good just don't have money to subscribe,positive,positive,0.4404,negative,0.56896585,0.56896585,0.34757116,0.08346301
31527,,3,need translate to understand the meaning too,need translate to understand the meaning too,en,0.9451889991760254,need translate to understand the meaning too,neutral,neutral,0.0,neutral,0.777502,0.13994488,0.777502,0.082553186
31528,,5,good for learning language,good for learn language,en,0.9013819694519044,good for learning language,positive,positive,0.4404,positive,0.8623211,0.013366371,0.12431257,0.8623211
31529,,5,"Very helpful for beginners, thank you, good luck","very helpful for beginners, thank you, good luck",en,0.9425572752952576,"Very helpful for beginners, thank you, good luck",positive,positive,0.8883,positive,0.97515523,0.004639863,0.020204963,0.97515523
31530,,5,Improve English language skills Off,improve english language skill off,en,0.6847233176231384,Improve English language skills Off,positive,positive,0.4404,neutral,0.5602109,0.31761703,0.5602109,0.12217209
31531,,5,Very good to practice ways of speaking,very good to practice way of speaking,en,0.9868687391281128,Very good to practice ways of speaking,positive,positive,0.4927,positive,0.9371826,0.007826467,0.05499089,0.9371826
31532,,5,"Cool, Applications for Learning Pronunciation","cool, application for learn pronunciation",en,0.9246042966842652,"Cool, Applications for Learning Pronunciation",positive,positive,0.3182,positive,0.7843718,0.01162378,0.20400439,0.7843718
31533,,5,the application is really good,the application be really good,en,0.9582046866416932,the application is really good,positive,positive,0.4927,positive,0.94850826,0.0067570866,0.044734646,0.94850826
31534,,5,"the apk is very good, try it right away, it can be a little ""","the apk be very good, try it right away, it can be a little """,en,0.9393804669380188,"the apk is very good, try it right away, it can be a little """,positive,positive,0.4927,positive,0.9430373,0.007414135,0.04954862,0.9430373
31535,,5,"Cool, Interesting Learning I Love It","cool, interest learn i love it",en,0.892758309841156,"Cool, Interesting Learning I Love It",positive,positive,0.8591,positive,0.9738288,0.0076968595,0.018474348,0.9738288
31536,,5,really cool suitable for beginners hehe,really cool suitable for beginner hehe,en,0.8748743534088135,really cool suitable for beginners hehe,positive,positive,0.3804,positive,0.9825158,0.0032444086,0.0142398,0.9825158
31537,,5,"cool and most important application, free","cool and most important application, free",en,0.8904910683631897,"cool and most important application, free",positive,positive,0.788,positive,0.9613132,0.0044411663,0.03424571,0.9613132
31538,,5,This application is very good and can be used well,this application be very good and can be use well,en,0.9697566628456116,This application is very good and can be used well,positive,positive,0.6478,positive,0.97882974,0.0040686578,0.017101662,0.97882974
31539,,1,Elsa often gives an unreasonable score and the instructions are often incorrect,elsa often give an unreasonable score and the instruction be often incorrect,en,0.9577067494392396,Elsa often gives an unreasonable score and the instructions are often incorrect,negative,neutral,0.0,negative,0.7705662,0.7705662,0.22034805,0.009085763
31540,,5,good for speaking training,good for speak training,en,0.9934079647064208,good for speaking training,positive,positive,0.4404,positive,0.8430775,0.00940833,0.14751421,0.8430775
31541,,5,really good for self -taught,really good for self -taught,en,0.9571494460105896,really good for self -taught,positive,positive,0.4927,positive,0.92227584,0.006593173,0.07113099,0.92227584
31542,,1,"Very good, it would be nice for this application to be free.","very good, it would be nice for this application to be free.",en,0.98980712890625,"Very good, it would be nice for this application to be free.",negative,positive,0.8516,positive,0.9729725,0.004448006,0.02257947,0.9729725
31543,,5,so the spirit of learning English,so the spirit of learn english,en,0.7347902655601501,so the spirit of learning English,positive,neutral,0.2449,neutral,0.70277447,0.07704379,0.70277447,0.22018169
31544,,5,"Good, the correct correction","good, the correct correction",en,0.7589410543441772,"Good, the correct correction",positive,positive,0.4404,positive,0.67525196,0.04355443,0.28119358,0.67525196
31545,,4,Good for learning foreign languages,good for learn foreign language,en,0.8974790573120117,Good for learning foreign languages,neutral,positive,0.4404,positive,0.8745469,0.009800299,0.11565284,0.8745469
31546,,5,Very good applications and very helpful,very good application and very helpful,en,0.9914575219154358,Very good applications and very helpful,positive,positive,0.742,positive,0.97325337,0.007904755,0.01884188,0.97325337
31547,,5,The application is very helpful for me to learn.,the application be very helpful for me to learn.,en,0.9564322233200072,The application is very helpful for me to learn.,positive,positive,0.4754,positive,0.9486003,0.0038600042,0.04753966,0.9486003
31548,,5,very good for training speaking,very good for train speaking,en,0.99088054895401,very good for training speaking,positive,positive,0.4927,positive,0.90415615,0.007056162,0.08878767,0.90415615
31549,,1,"The application is paid, it can be free or not","the application be paid, it can be free or not",en,0.8202096223831177,"The application is paid, it can be free or not",negative,positive,0.5106,neutral,0.8477641,0.051662106,0.8477641,0.10057386
31550,,5,exciting and very good for beginners,excite and very good for beginner,en,0.97854346036911,exciting and very good for beginners,positive,positive,0.7425,positive,0.9867546,0.0027223905,0.010523058,0.9867546
31551,,4,good and easy to learn it,good and easy to learn it,en,0.963381290435791,good and easy to learn it,neutral,positive,0.7003,positive,0.90939397,0.008263299,0.08234281,0.90939397
31552,,4,very helping me in saying English,very help me in say english,en,0.9758378863334656,very helping me in saying English,neutral,positive,0.4576,neutral,0.471272,0.04772602,0.471272,0.48100203
31553,,5,really like to help me who is just learning speaking,really like to help me who be just learn speak,en,0.9923900961875916,really like to help me who is just learning speaking,positive,positive,0.6962,positive,0.7021698,0.024733668,0.2730966,0.7021698
31554,,5,Excellent. AI support is very suitable for my needs,excellent. ai support be very suitable for my need,en,0.9495918154716492,Excellent. AI support is very suitable for my needs,positive,positive,0.7506,positive,0.9739274,0.0040525757,0.022020038,0.9739274
31556,,1,different from the iOS version where per word in each task is given a translation to Indonesia,different from the io version where per word in each task be give a translation to indonesia,en,0.8652956485748291,different from the iOS version where per word in each task is given a translation to Indonesia,negative,neutral,0.0,neutral,0.8826063,0.07217108,0.8826063,0.04522261
31557,,5,Exciting and good place to study,exciting and good place to study,en,0.9625720977783204,Exciting and good place to study,positive,positive,0.7269,positive,0.9837494,0.002793872,0.01345674,0.9837494
31558,,5,Very helpful for those who want to learn from zero,very helpful for those who want to learn from zero,en,0.9923665523529052,Very helpful for those who want to learn from zero,positive,positive,0.5256,positive,0.886509,0.007661157,0.10582986,0.886509
31559,,5,"mantap, this is really recommended for those who can","mantap, this be really recommended for those who can",en,0.9684608578681946,"mantaaaap, this is really recommended for those who can",positive,neutral,0.2716,positive,0.9606485,0.0042115287,0.035140075,0.9606485
31560,,5,very helping me to improve my English,very help me to improve my english,en,0.9539626240730286,very helping me to improve my English,positive,positive,0.7089,positive,0.87517506,0.0094560515,0.115368895,0.87517506
31561,,5,"With this my learning is easier, very helpful thanks","with this my learning be easier, very helpful thanks",en,0.9562100172042848,"With this my learning is easier, very helpful thanks",positive,positive,0.8431,positive,0.9688919,0.004364048,0.026744004,0.9688919
31562,,5,good for beginners or students,good for beginner or student,en,0.8765565156936646,good for beginners or students,positive,positive,0.4404,positive,0.7530942,0.013669364,0.23323645,0.7530942
31563,,5,help my English speaking and learning 👍,help my english speaking and learning 👍,en,0.9441989660263062,help my English speaking and learning 👍,positive,positive,0.4019,positive,0.7588488,0.0134990215,0.22765222,0.7588488
31564,,5,Very good application for the first time to find applications like this and I really like it,very good application for the first time to find application like this and i really like it,en,0.9785113334655762,Very good application for the first time to find applications like this and I really like it,positive,positive,0.8016,positive,0.9849368,0.0039867214,0.011076512,0.9849368
31565,,1,"Paid applications, better offline lessons","pay applications, well offline lesson",en,0.9194207787513732,"Paid applications, better offline lessons",negative,neutral,0.0516,neutral,0.7863565,0.032985587,0.7863565,0.18065795
31566,,5,This really helps me to increase my English skill,this really help me to increase my english skill,en,0.9449009895324708,This really helps me to increase my English skill,positive,positive,0.6478,positive,0.96330696,0.003319927,0.03337313,0.96330696
31567,,3,good reading and writing,good reading and writing,en,0.95035982131958,good reading and writing,neutral,positive,0.4404,positive,0.9340497,0.0052270815,0.060723238,0.9340497
31568,,5,"Wow, this application makes me proficient in English","wow, this application make me proficient in english",en,0.6194630265235901,"Wow, this application makes me proficient in English",positive,positive,0.5859,positive,0.9632155,0.004295963,0.032488596,0.9632155
31569,,3,How come I already paid 350 rb but can't access all the material,how come i already pay 350 rb but cannot access all the material,en,0.882625162601471,How come I already paid 350 rb but can't access all the material,neutral,neutral,-0.0516,negative,0.7321238,0.7321238,0.2547344,0.013141746
31570,,5,The app is good and very helpful for beginners,the app be good and very helpful for beginner,en,0.9572926759719848,The app is good and very helpful for beginners,positive,positive,0.7178,positive,0.96062887,0.003683926,0.035687152,0.96062887
31571,,4,Very useful but unfortunately paid,very useful but unfortunately pay,en,0.9811047911643982,Very useful but unfortunately paid,neutral,negative,-0.4587,negative,0.6292376,0.6292376,0.2942265,0.07653592
31572,,5,Really good for speaking skills and listening,really good for speak skill and listen,en,0.9874317646026612,Really good for speaking skills and listening,positive,positive,0.4927,positive,0.94381064,0.0052011,0.050988242,0.94381064
31573,,5,"Ih cool ... really like this. Download gaes, seriously this is good !!!!!!","ih cool. really like this. download gaes, seriously this be good!",en,0.9706459045410156,"Ihhh cool ... really like this. Download gaes, seriously this is good !!!!!!",positive,positive,0.7639,positive,0.98690087,0.003420126,0.009678992,0.98690087
31574,,5,Very good for training pronunciation,very good for train pronunciation,en,0.9541878700256348,Very good for training pronunciation,positive,positive,0.4927,positive,0.90261316,0.009135011,0.088251814,0.90261316
31575,,5,really cool for learning English,really cool for learn english,en,0.9580059051513672,really cool for learning English,positive,positive,0.3804,positive,0.97730833,0.003952578,0.018739076,0.97730833
31576,,4,good in my opinion this apk can help,good in my opinion this apk can help,en,0.9469401836395264,good in my opinion this apk can help,neutral,positive,0.6808,positive,0.9574404,0.0053127296,0.037246905,0.9574404
31577,,5,very helpful for those of us who are still broken in English,very helpful for those of u who be still break in english,en,0.977637529373169,very helpful for those of us who are still broken in English,positive,positive,0.4754,positive,0.8322072,0.010716428,0.15707639,0.8322072
31578,,5,The application is very supportive for melatoh pronunciation,the application be very supportive for melatoh pronunciation,en,0.909403920173645,The application is very supportive for melatoh pronunciation,positive,positive,0.3597,positive,0.8644419,0.009552771,0.1260053,0.8644419
31579,,5,very helpful to talk english,very helpful to talk english,en,0.9946926236152648,very helpful to talk english,positive,positive,0.4754,positive,0.95157886,0.005805418,0.042615768,0.95157886
31580,,5,The application is good and very exciting to use,the application be good and very exciting to use,en,0.965180516242981,The application is good and very exciting to use,positive,positive,0.7501,positive,0.98423415,0.0029858202,0.012780008,0.98423415
31581,,5,"really good, helping me learn more","really good, help me learn more",en,0.9664785861968994,"really good, helping me learn more",positive,positive,0.7328,positive,0.97579783,0.00397815,0.020224014,0.97579783
31582,,5,"The application is the best one to be the best number one, it's really good, God","the application be the best one to be the best number one, it be really good, god",en,0.8437619209289551,"The application is the best one to be the best number one, it's really good, God",positive,positive,0.9357,positive,0.9760932,0.0069983643,0.016908487,0.9760932
31583,,5,It is very easy to find the other person,it be very easy to find the other person,en,0.9460248947143556,It is very easy to find the other person,positive,positive,0.4927,neutral,0.5903651,0.040072236,0.5903651,0.36956263
31584,,5,good for learning speaking,good for learn speaking,en,0.969171941280365,good for learning speaking,positive,positive,0.4404,positive,0.8117431,0.013784254,0.1744727,0.8117431
31585,,4,"Actually good and complete, just why should you pay: ((","actually good and complete, just why should you pay",en,0.97456955909729,"Actually good and complete, just why should you pay: ((",neutral,positive,0.3612,neutral,0.2960749,0.09669646,0.2960749,0.60722864
31586,,3,Day 1 pretty good. Even though the words are familiar. It turned out that my pronunciation was still not right. I hope Elsa will continue to be even better,day 1 pretty good. even though the word be familiar. it turn out that my pronunciation be still not right. i hope elsa will continue to be even well,en,0.9304566979408264,Day 1 pretty good. Even though the words are familiar. It turned out that my pronunciation was still not right. I hope Elsa will continue to be even better,neutral,positive,0.6998,positive,0.93759906,0.010798384,0.05160253,0.93759906
31587,,5,I like this application. I can speak English.,i like this application. i can speak english.,en,0.9345507025718688,I like this application. I can speak English.,positive,positive,0.3612,positive,0.9784857,0.0031348544,0.018379377,0.9784857
31588,,5,Very useful and helpful,very useful and helpful,en,0.966359555721283,Very useful and helpful,positive,positive,0.7397,positive,0.9475592,0.01333203,0.039108764,0.9475592
31589,,5,very ditail in good spelling,very ditail in good spelling,en,0.9105205535888672,very ditail in good spelling,positive,positive,0.4877,positive,0.8494166,0.009302842,0.14128056,0.8494166
31590,,5,For learning pronounce this is top bgt,for learn pronounce this be top bgt,en,0.8362646698951721,For learning pronounce this is top bgt,positive,neutral,0.2023,neutral,0.7158207,0.06800718,0.7158207,0.21617207
31591,,5,This is really great and very cheap. You can be like native for a year if you are really serious with Elsa 😊,this be really great and very cheap. you can be like native for a year if you be really serious with elsa 😊,en,0.971153199672699,This is really great and very cheap. You can be like native for a year if you are really serious with Elsa 😊,positive,positive,0.743,positive,0.97616935,0.004026134,0.019804442,0.97616935
31592,,5,Very good apk for learning,very good apk for learn,en,0.9885618686676024,Very good apk for learning,positive,positive,0.4927,positive,0.9638976,0.005777682,0.030324752,0.9638976
31593,,5,Bagus to train speaking,bagus to train speaking,en,0.9325613379478456,Bagusssssssssssssss to train speaking,positive,neutral,0.0,neutral,0.8070281,0.10372731,0.8070281,0.08924452
31594,,5,I really like this application 😆 😍 so I know my pronoun is a lot of fault,i really like this application 😆 😍 so i know my pronoun be a lot of fault,en,0.9464901685714722,I really like this application 😆😍 so I know my pronoun is a lot of fault,positive,neutral,0.024,positive,0.96860605,0.008098588,0.023295352,0.96860605
31595,,5,"reasonable . Only the ai is not broad, talking","reasonable. only the ai be not broad, talk",en,0.9605939984321594,"reasonable . Only the ai is not broad, talking",positive,neutral,0.0,neutral,0.7232615,0.15405767,0.7232615,0.12268085
31596,,4,This application is enough to help me in the pronunciation of English words,this application be enough to help me in the pronunciation of english word,en,0.9021589159965516,This application is enough to help me in the pronunciation of English words,neutral,positive,0.4019,neutral,0.3849269,0.016158782,0.3849269,0.5989144
31597,,5,Very good for those who are still basic,very good for those who be still basic,en,0.991678774356842,Very good for those who are still basic,positive,positive,0.4927,positive,0.8306199,0.020013167,0.14936693,0.8306199
31598,,5,"How to activate it, how come, I have bought the package on the IG, asking to the IG not answered to WA not answered","how to activate it, how come, i have buy the package on the ig, ask to the ig not answer to wa not answer",en,0.9548949599266052,"How to activate it, how come, I have bought the package on the IG, asking to the IG not answered to WA not answered",positive,neutral,0.0,negative,0.6129103,0.6129103,0.37470055,0.012389182
31599,,5,Very useful ... Helping me in his pronunciation justification,very useful. help me in his pronunciation justification,en,0.9826703667640686,Very useful ... Helping me in his pronunciation justification,positive,positive,0.7328,positive,0.7564649,0.009765279,0.2337698,0.7564649
31600,,5,great ... cool ... for learning english ..,great. cool. for learn english.,en,0.861193835735321,great ... cool ... for learning english ..,positive,positive,0.7506,positive,0.98238695,0.002828068,0.014784987,0.98238695
31601,,5,"Still first try, but it's very satisfied and cool to use this application, thank you","still first try, but it be very satisfied and cool to use this application, thank you",en,0.9695600271224976,"Still first try, but it's very satisfied and cool to use this application, thank you",positive,positive,0.8942,positive,0.97975725,0.003484171,0.016758544,0.97975725
31602,,5,cool this application I can talk in English,cool this application i can talk in english,en,0.9570206999778748,cool this application I can talk in English,positive,positive,0.3182,positive,0.9322961,0.0042417585,0.06346211,0.9322961
31603,,5,It is highly recommended to use it you certainly don't regret,it be highly recommend to use it you certainly do not regret,en,0.9486582279205322,It is highly recommended to use it you certainly don't regret,positive,positive,0.7597,positive,0.9679878,0.0059507876,0.026061479,0.9679878
31604,,5,"Very good, even though it's paid for okay","very good, even though it be pay for okay",en,0.9848803877830504,"Very good, even though it's paid for okay",positive,positive,0.5709,positive,0.9652259,0.0059266407,0.02884748,0.9652259
31605,,5,"the apk is good, it can be smart ""","the apk be good, it can be smart """,en,0.7750547528266907,"the apk is good, it can be smart """,positive,positive,0.6808,positive,0.82427984,0.016057663,0.15966246,0.82427984
31606,,5,Help me learn English,help me learn english,en,0.7923523187637329,Help me learn English,positive,positive,0.4019,neutral,0.59544784,0.05104085,0.59544784,0.3535114
31607,,5,Learning pronunciation at Elsa is really exciting ... not boring :),learn pronunciation at elsa be really exciting. not bore,en,0.9483935236930848,Learning pronunciation at Elsa is really exciting ... not boring :),positive,positive,0.6701,positive,0.8974213,0.011622246,0.09095649,0.8974213
31608,,5,"really helps me who speaks of the language of Enggresny still likes gado "" 🥲","really help me who speak of the language of enggresny still like gado "" 🥲",en,0.9633801579475404,"really helps me who speaks of the language of Enggresssny still likes gado ""🥲",positive,positive,0.6697,neutral,0.50917053,0.08577514,0.50917053,0.4050544
31609,,2,"Applications can not open, even though you are good","application can not open, even though you be good",en,0.964917540550232,"Applications can not open, even though you are good",negative,positive,0.4404,neutral,0.4263678,0.39049235,0.4263678,0.18313988
31610,,5,Mantaap .. for people who want to be fluent in Arabic,mantaap. for people who want to be fluent in arabic,en,0.906736433506012,Mantaap .. for people who want to be fluent in Arabic,positive,neutral,0.0772,neutral,0.78667057,0.022530366,0.78667057,0.19079912
31611,,5,Learning English is easier,learn english be easy,en,0.5966548919677734,Learning English is easier,positive,positive,0.4404,neutral,0.5875723,0.19248582,0.5875723,0.2199419
31612,,3,"Can I get a refund, because I forgot to cancel the subscription","can i get a refund, because i forget to cancel the subscription",en,0.8816066980361938,"Can I get a refund, because I forgot to cancel the subscription",neutral,negative,-0.4404,negative,0.58172935,0.58172935,0.4002742,0.017996473
31613,,5,"Like talking to his people directly, hopefully I can soon be fluent in English hehehehehehe","like talk to his people directly, hopefully i can soon be fluent in english hehehehehehe",en,0.9785704612731934,"Like talking to his people directly, hopefully I can soon be fluent in English hehehehehehe",positive,positive,0.6369,positive,0.9039642,0.0039125266,0.09212324,0.9039642
31614,,4,Mumtaz! Can detect errors with their sophisticated AI! Salute to Elsa! 👍,mumtaz! can detect error with their sophisticated ai! salute to elsa! 👍,en,0.7804456949234009,Mumtaz! Can detect errors with their sophisticated AI! Salute to Elsa! 👍,neutral,positive,0.4168,positive,0.8593456,0.020763243,0.11989115,0.8593456
31615,,4,It's really cool .... great I feel I have a friend to talk from England,it be really cool. great i feel i have a friend to talk from england,en,0.9874831438064576,It's really cool .... great I feel I have a friend to talk from England,neutral,positive,0.8799,positive,0.98028266,0.0023588089,0.017358517,0.98028266
31616,,5,good for learning native speakers.,good for learn native speakers.,en,0.9617476463317872,good for learning native speakers.,positive,positive,0.4404,positive,0.8756584,0.005912625,0.11842897,0.8756584
31617,,5,Very good this is practicing my English,very good this be practice my english,en,0.9450591206550598,Very good this is practicing my English,positive,positive,0.4927,positive,0.98108,0.004568833,0.0143511295,0.98108
31618,,3,it's good but I have to pay if you don't pay only at the learning limit 5 times the HBS is waiting for almost 12 hours,it be good but i have to pay if you do not pay only at the learn limit 5 time the hb be wait for almost 12 hour,en,0.9466944932937622,it's good but I have to pay if you don't pay only at the learning limit 5 times the HBS is waiting for almost 12 hours,neutral,neutral,-0.0644,negative,0.5719364,0.5719364,0.36568215,0.062381413
31619,,5,Helps improve pronunciation and hearing skills,help improve pronunciation and hearing skill,en,0.7877548933029175,Helps improve pronunciation and hearing skills,positive,positive,0.6808,neutral,0.52708393,0.028551862,0.52708393,0.44436422
31620,,5,Increase the vocab again continues to grow,increase the vocab again continue to grow,en,0.8547777533531189,Increase the vocab again continues to grow,positive,positive,0.3182,positive,0.79512274,0.0034402327,0.201437,0.79512274
31621,,5,Really helping to learn pronunciation.,really help to learn pronunciation.,en,0.9727792143821716,Really helping to learn pronunciation.,positive,positive,0.4576,positive,0.7345606,0.018122818,0.24731657,0.7345606
31622,,4,very helpful to collect my language,very helpful to collect my language,en,0.9632638096809388,very helpful to collect my language,neutral,positive,0.4754,positive,0.92923874,0.006839366,0.06392188,0.92923874
31623,,5,The first experience of learning English at Elsa Speak. Pleasant,the first experience of learn english at elsa speak. pleasant,en,0.9150981903076172,The first experience of learning English at Elsa Speak. Pleasant,positive,positive,0.5106,positive,0.94538796,0.003356369,0.051255617,0.94538796
31624,,5,Like learning English with Elsa,like learn english with elsa,en,0.9339046478271484,Like learning English with Elsa,positive,positive,0.3612,neutral,0.7724487,0.08752601,0.7724487,0.14002527
31625,,5,"Subscribe, you can practice speaking","subscribe, you can practice speaking",en,0.9433934092521667,"Subscribe, you can practice speaking",positive,neutral,0.0,neutral,0.7327638,0.011659478,0.7327638,0.2555766
31626,,5,This oath is really good app. You have to download 🥰 🥰,this oath be really good app. you have to download 🥰 🥰,en,0.9704617261886596,This oath is really good app. You have to download 🥰🥰,positive,positive,0.4927,positive,0.9905365,0.0024452396,0.0070182974,0.9905365
31627,,5,"Anyway, I give five stars because I can speak English","anyway, i give five star because i can speak english",en,0.9661909341812134,"Anyway, I give five stars because I can speak English",positive,neutral,0.0,positive,0.9572021,0.003140037,0.03965791,0.9572021
31628,,5,Most Best. CS Fast Response. Having been hacked by my account only a day immediately returned.,most best. c fast response. have be hack by my account only a day immediately returned.,en,0.960993468761444,Most Best. CS Fast Response. Having been hacked by my account only a day immediately returned.,positive,positive,0.6697,positive,0.8544059,0.025407035,0.12018708,0.8544059
31629,,5,"Learn to use this apk exclamation, what is great","learn to use this apk exclamation, what be great",en,0.8600205779075623,"Learn to use this apk exclamation, what is great",positive,positive,0.6249,positive,0.7388899,0.051481094,0.20962904,0.7388899
31630,,5,"really good, if there can be a free free","really good, if there can be a free free",en,0.7974677681922913,"really good, if there can be a free free",positive,positive,0.8687,positive,0.96640813,0.005634837,0.027957065,0.96640813
31631,,5,"really great, the cost is a bit mehong","really great, the cost be a bit mehong",en,0.9427528381347656,"really great, the cost is a bit mehong",positive,positive,0.659,positive,0.96215445,0.008606276,0.029239297,0.96215445
31632,,4,To add English skills,to add english skill,en,0.6927724480628967,To add English skills,neutral,neutral,0.0,neutral,0.82717717,0.027048014,0.82717717,0.14577477
31633,,5,"I love this app 😍 😍 😍 For those who learn pronoun, this application is really recommended thank you 😍","i love this app 😍 😍 😍 for those who learn pronoun, this application be really recommended thank you 😍",en,0.9427061676979064,"I love this app 😍😍😍 For those who learn pronoun, this application is really recommended thank you 😍",positive,positive,0.8431,positive,0.9897495,0.0032744114,0.0069760676,0.9897495
31634,,5,with Elsa Speak ... helping me the English learning process.,with elsa speak. help me the english learning process.,en,0.9239851236343384,with Elsa Speak ... helping me the English learning process.,positive,positive,0.4019,neutral,0.7167996,0.022051144,0.7167996,0.26114914
31635,,5,very good for learning I like,very good for learn i like,en,0.989898681640625,very good for learning I like,positive,positive,0.6901,positive,0.9728167,0.005812062,0.021371236,0.9728167
31636,,5,Try if not paid better for those of us who are school children,try if not pay well for those of u who be school child,en,0.9802616238594056,Try if not paid better for those of us who are school children,positive,neutral,-0.1326,neutral,0.59071165,0.338602,0.59071165,0.070686385
31638,,5,To practice accent is the best 👍,to practice accent be the best 👍,en,0.7783153057098389,To practice accent is the best 👍,positive,positive,0.6369,positive,0.93670017,0.006262744,0.05703714,0.93670017
31639,,4,I just used it and really good in my opinion,i just use it and really good in my opinion,en,0.9812998175621032,I just used it and really good in my opinion,neutral,positive,0.4927,positive,0.96414506,0.004250907,0.03160404,0.96414506
31640,,5,wow great. can practice talking too,wow great. can practice talk too,en,0.9676337242126464,wow great. can practice talking too,positive,positive,0.836,positive,0.97640127,0.0028179737,0.020780755,0.97640127
31641,,3,Thank you for deepening the language of my communication,thank you for deepen the language of my communication,en,0.8504676818847656,Thank you for deepening the language of my communication,neutral,positive,0.3612,positive,0.9360799,0.0044200458,0.059500065,0.9360799
31642,,4,can only learn 5 × a day,can only learn 5 a day,en,0.8475443720817566,can only learn 5 × a day,neutral,neutral,0.0,neutral,0.75872207,0.09458054,0.75872207,0.14669746
31643,,5,very useful and educating,very useful and educate,en,0.98520690202713,very useful and educating,positive,positive,0.4927,positive,0.8716116,0.012737514,0.11565084,0.8716116
31644,,5,Learning to be more exciting and feels comfortable,learn to be more exciting and feel comfortable,en,0.9429998993873596,Learning to be more exciting and feels comfortable,positive,positive,0.7778,positive,0.8169499,0.014422794,0.16862738,0.8169499
31645,,5,"Ok. Very useful to learn pronunciation, right.","ok. very useful to learn pronunciation, right.",en,0.935877561569214,"Ok. Very useful to learn pronunciation, right.",positive,positive,0.659,positive,0.76540464,0.014403787,0.22019158,0.76540464
31646,,5,"Good, learning models vary","good, learn model vary",en,0.8319237232208252,"Good, learning models vary",positive,positive,0.4404,neutral,0.45631137,0.05101972,0.45631137,0.492669
31647,,5,really okay for learning speaking,really okay for learn speaking,en,0.9883140325546264,really okay for learning speaking,positive,neutral,0.2944,positive,0.819456,0.011055564,0.1694884,0.819456
31648,,5,the application is very cool very useful,the application be very cool very useful,en,0.9562358856201172,the application is very cool very useful,positive,positive,0.7227,positive,0.97767043,0.004798914,0.017530637,0.97767043
31649,,5,"really very helpful, especially in pronunciation and speaking","really very helpful, especially in pronunciation and speaking",en,0.9858884811401368,"really very helpful, especially in pronunciation and speaking",positive,positive,0.5222,positive,0.9778685,0.005135603,0.016995903,0.9778685
31650,,5,"From Elsa to Elsa Thank you, this application is very helpful and useful!","from elsa to elsa thank you, this application be very helpful and useful!",en,0.9414731860160828,"From Elsa to Elsa Thank you, this application is very helpful and useful!",positive,positive,0.8422,positive,0.9789083,0.0035797022,0.017512012,0.9789083
31651,,5,Because of Mr. Denisio Perez became installed this application and also very petrified,because of mr. denisio perez become installed this application and also very petrified,en,0.9781162738800048,Because of Mr. Denisio Perez became installed this application and also very petrified,positive,negative,-0.5849,negative,0.73461497,0.73461497,0.239523,0.02586201
31652,,5,"FREE FIRST, thank you the application is very good","free first, thank you the application be very good",en,0.8956010341644287,"FREE FIRST, thank you the application is very good",positive,positive,0.8399,positive,0.9786856,0.0042768167,0.01703762,0.9786856
31653,,5,Good application without advertisements is also good vanget? !!!!!!!!!!!!! +!!!!!!!!!!!!!!!!!!!!!!!!!!!!!!!!!!! ¡!!!! ¡!!!!!!!!!!! What are you doing down?,good application without advertisement be also good vanget? ! +! ! ! what be you do down?,en,0.8568470478057861,Good application without advertisements is also good vangeeeetttt? !!!!!!!!!!!!! +!!!!!!!!!!!!!!!!!!!!!!!!!!!!!!!!!!! ¡!!!! ¡!!!!!!!!!!! What are you doing down?,positive,positive,0.8089,neutral,0.5276948,0.04892599,0.5276948,0.4233792
31654,,5,the lesson is very fun,the lesson be very fun,en,0.9187145233154296,the lesson is very fun,positive,positive,0.5563,positive,0.94364834,0.004351164,0.05200054,0.94364834
31655,,5,the details are very correction,the detail be very correction,en,0.921700119972229,the details are very correction,positive,neutral,0.0,neutral,0.77337515,0.09678581,0.77337515,0.12983896
31656,,5,This oath apk really helps me like !!,this oath apk really help me like!,en,0.9361229538917542,This oath apk really helps me like !!,positive,positive,0.7226,positive,0.9566041,0.005538559,0.037857335,0.9566041
31657,,5,Apply really good - very helpful ✌️,apply really good - very helpful ✌,en,0.9776782989501952,Apply really good - very helpful ✌️,positive,positive,0.7615,positive,0.9777378,0.006569186,0.015693061,0.9777378
31658,,5,"Good, I will help me, I'm recommended from Sis Verawaty and TNYTA EMNG SE BGI","good, i will help me, i be recommend from si verawaty and tnyta emng se bgi",en,0.7443581819534302,"Good, I will help me, I'm recommended from Sis Verawaty_ and TNYTA EMNG SE BGI",positive,positive,0.7964,positive,0.87347186,0.010023862,0.11650426,0.87347186
31659,,5,pretty good to study with ai,pretty good to study with ai,en,0.9773043990135192,pretty good to study with ai,positive,positive,0.7269,positive,0.9612834,0.0029953998,0.035721235,0.9612834
31660,,5,Cool can be smart. England 😀 😀 😀,cool can be smart. england 😀 😀 😀,en,0.5263287425041199,Cool can be smart. England 😀😀😀,positive,positive,0.6124,positive,0.90172315,0.0065503917,0.09172639,0.90172315
31661,,5,great friends have to download this,great friend have to download this,en,0.9749024510383606,great friends have to download this,positive,positive,0.8074,positive,0.98169965,0.0043791146,0.013921271,0.98169965
31662,,4,"confusion too much slide, especially to visit paid sites","confusion too much slide, especially to visit pay site",en,0.9622211456298828,"confusion too much slide, especially to visit paid sites",neutral,negative,-0.4336,negative,0.54603803,0.54603803,0.43133938,0.02262254
31663,,5,"love itt, helping so hopefully make customers get what is expected","love itt, help so hopefully make customer get what be expect",en,0.7900072932243347,"love itt, helping so hopefully make customers get what is expected",positive,positive,0.8858,positive,0.9736256,0.0039007487,0.022473736,0.9736256
31664,,5,"The application is fun, you can remember that if you forget","the application be fun, you can remember that if you forget",en,0.8977458477020264,"The application is fun, you can remember that if you forget",positive,positive,0.34,positive,0.8666245,0.014872059,0.118503384,0.8666245
31665,,5,hopefully useful English,hopefully useful english,en,0.7530074715614319,hopefully useful English,positive,positive,0.6808,positive,0.9269072,0.00783932,0.065253526,0.9269072
31666,,2,I already paid for members but why can't my code be used ..,i already pay for member but why cannot my code be used.,en,0.9870142340660096,I already paid for members but why can't my code be used ..,negative,neutral,-0.0516,negative,0.57889074,0.57889074,0.40143242,0.019676786
31667,,5,good but unfortunately paid,good but unfortunately pay,en,0.9801297783851624,good but unfortunately paid,positive,negative,-0.4118,negative,0.81625485,0.81625485,0.15327482,0.030470345
31668,,5,really good training speaking,really good training speaking,en,0.9929764866828918,really good training speaking,positive,positive,0.4927,positive,0.95690477,0.006194253,0.03690104,0.95690477
31669,,5,I really want to teach English,i really want to teach english,en,0.9889898896217346,I really want to teach English,positive,neutral,0.1513,positive,0.67111033,0.03968854,0.28920114,0.67111033
31670,,1,"not really, choosing love to pay, which is expensive again","not really, choose love to pay, which be expensive again",en,0.9575443267822266,"not really, choosing love to pay, which is expensive again",negative,negative,-0.609,neutral,0.5398072,0.40994173,0.5398072,0.050250992
31671,,5,Very helping me in pronouns,very help me in pronoun,en,0.982815146446228,Very helping me in pronouns,positive,positive,0.4576,neutral,0.46530035,0.054030515,0.46530035,0.48066908
31672,,5,exciting even though now still use free mode hehe,excite even though now still use free mode hehe,en,0.867845356464386,exciting even though now still use free mode hehe,positive,positive,0.7506,positive,0.98169774,0.0018115507,0.016490778,0.98169774
31673,,5,Very satisfying and helpful,very satisfying and helpful,en,0.9831914305686952,Very satisfying and helpful,positive,positive,0.7474,positive,0.97164637,0.0074706916,0.02088292,0.97164637
31674,,5,This can make me speak English,this can make me speak english,en,0.9528927206993104,This can make me speak English,positive,neutral,0.0,neutral,0.57996404,0.022812642,0.57996404,0.39722338
31675,,4,"Good, if not paid it will be better 😊","good, if not pay it will be good 😊",en,0.7579848766326904,"Good, if not paid it will be better 😊",neutral,positive,0.7266,positive,0.9301624,0.0097831525,0.06005449,0.9301624
31676,,5,Elsa helps me to strengthen a better listening lesson,elsa help me to strengthen a good listening lesson,en,0.7640959620475769,Elsa helps me to strengthen a better listening lesson,positive,positive,0.7845,positive,0.67305386,0.017938334,0.30900782,0.67305386
31677,,5,Can speak English in 1 day,can speak english in 1 day,en,0.966489315032959,Can speak English in 1 day,positive,neutral,0.0,neutral,0.61909366,0.028806314,0.61909366,0.3521
31678,,5,keren bnget you have to download it,keren bnget you have to download it,en,0.921808898448944,kereeeeeen bngetttt you have to download it,positive,neutral,0.0,neutral,0.9279531,0.025456132,0.9279531,0.046590712
31679,,5,"Applications that really help, good.","application that really help, good.",en,0.984337329864502,"Applications that really help, good.",positive,positive,0.7328,positive,0.9531283,0.009737556,0.03713409,0.9531283
31680,,5,Very good for beginner learning,very good for beginner learning,en,0.9738476276397704,Very good for beginner learning,positive,positive,0.4927,positive,0.94809383,0.004410631,0.047495585,0.94809383
31681,,5,"So far, it's still comfortable using Elsa, try the following days","so far, it be still comfortable use elsa, try the following day",en,0.836246132850647,"So far, it's still comfortable using Elsa, try the following days",positive,positive,0.5106,positive,0.7125071,0.008628509,0.27886438,0.7125071
31682,,5,I like this application .. very good and very helpful,i like this application. very good and very helpful,en,0.9857751727104188,I like this application .. very good and very helpful,positive,positive,0.831,positive,0.9833941,0.0048156152,0.011790368,0.9833941
31683,,5,The application is good and very helpful 🙏🏻 😇,the application be good and very helpful 🙏 😇,en,0.9476146697998048,The application is good and very helpful 🙏🏻😇,positive,positive,0.7178,positive,0.96625084,0.0061585973,0.02759057,0.96625084
31684,,1,The code cannot be exchanged,the code cannot be exchange,en,0.913221538066864,The code cannot be exchanged,negative,neutral,0.0,neutral,0.5717535,0.3981966,0.5717535,0.030049847
31685,,1,Ugly often can't be opened the application,ugly often cannot be open the application,en,0.9712292551994324,Ugly often can't be opened the application,negative,negative,-0.5106,negative,0.8650651,0.8650651,0.12632425,0.008610616
31686,,5,good I hope I can speak English,good i hope i can speak english,en,0.9406044483184814,good I hope I can speak English,positive,positive,0.7003,positive,0.94438463,0.0063858493,0.049229536,0.94438463
31687,,3,"This application is pretty good, can help","this application be pretty good, can help",en,0.9010056853294371,"This application is pretty good, can help",neutral,positive,0.8316,positive,0.9489588,0.0065604695,0.04448071,0.9489588
31688,,5,UI is really good for learning,ui be really good for learn,en,0.9675930142402648,UI is really good for learning,positive,positive,0.4927,positive,0.9050501,0.011490821,0.08345904,0.9050501
31689,,5,very helpful in learning,very helpful in learn,en,0.9919493794441224,very helpful in learning,positive,positive,0.4754,positive,0.92210615,0.010899603,0.066994265,0.92210615
31690,,5,"Keren. suitable for those of you who want to learn speaking. Elsa Speak teaches from the bottom, you know! 🥰 🥰","keren. suitable for those of you who want to learn speaking. elsa speak teach from the bottom, you know! 🥰 🥰",en,0.9773921370506288,"Kerennnn. suitable for those of you who want to learn speaking. Elsa Speak teaches from the bottom, you know! 🥰🥰",positive,neutral,0.1511,positive,0.9369659,0.002918261,0.060115807,0.9369659
31691,,5,"Bismillah ... just try and good, hopefully it will continue, TRMKSH 💐","bismillah. just try and good, hopefully it will continue, trmksh 💐",en,0.9045171737670898,"Bismillah ... just try and good, hopefully it will continue, TRMKSH 💐",positive,positive,0.6808,positive,0.95726633,0.010434314,0.032299362,0.95726633
31692,,5,"Really cool, like the application. Help bgt.","really cool, like the application. help bgt.",en,0.9574496746063232,"Really cool, like the application. Help bgt.",positive,positive,0.7947,positive,0.98043686,0.0044046715,0.015158455,0.98043686
31693,,5,really good application really helps,really good application really help,en,0.9884559512138368,really good application really helps,positive,positive,0.734,positive,0.9642491,0.008435165,0.027315736,0.9642491
31694,,5,Overall the learning is very exciting,overall the learning be very exciting,en,0.9801383018493652,Overall the learning is very exciting,positive,positive,0.5413,positive,0.9791309,0.002582562,0.018286519,0.9791309
31695,,5,"very helpful, especially pronunciation, thank you Elsa 💜","very helpful, especially pronunciation, thank you elsa 💜",en,0.9230626821517944,"very helpful, especially pronunciation, thank you Elsa💜",positive,positive,0.707,positive,0.97977954,0.006067684,0.014152716,0.97977954
31696,,5,"Gara ""Kaka Ina download this and is good app","gara ""kaka ina download this and be good app",en,0.7579183578491211,"Gara ""Kaka Ina download this and is good app",positive,positive,0.4404,neutral,0.5088178,0.040090103,0.5088178,0.4510921
31697,,5,Ai Ai is amazing in recognizing the sound ... we love 5 stars.,ai ai be amaze in recognize the sound. we love 5 stars.,en,0.7842032313346863,Ai Ai is amazing in recognizing the sound ... we love 5 stars.,positive,positive,0.8271,positive,0.95693237,0.0045995233,0.03846811,0.95693237
31698,,5,"Thank you for this apk, this apk really helps me","thank you for this apk, this apk really help me",en,0.9396472573280334,"Thank you for this apk, this apk really helps me",positive,positive,0.6697,positive,0.97671753,0.0065563205,0.016726103,0.97671753
31699,,2,the application if you can free ka so that everyone can use it,the application if you can free ka so that everyone can use it,en,0.8731709122657776,the application if you can free ka so that everyone can use it,negative,positive,0.5106,neutral,0.66941786,0.013825159,0.66941786,0.31675693
31700,,4,"really good in my opinion, but this must pay","really good in my opinion, but this must pay",en,0.9919151663780212,"really good in my opinion, but this must pay",neutral,neutral,0.1272,positive,0.9650333,0.0067735007,0.028193174,0.9650333
31701,,5,"really good, help to be better","really good, help to be good",en,0.9810548424720764,"really good, help to be better",positive,positive,0.8543,positive,0.96619153,0.008435667,0.025372883,0.96619153
31702,,5,"The application is really good, very helpful for me.","the application be really good, very helpful for me.",en,0.9863024950027466,"The application is really good, very helpful for me.",positive,positive,0.7615,positive,0.98129165,0.004159461,0.0145488735,0.98129165
31703,,5,the app is very good and really helps 💙 thanks elsa,the app be very good and really help 💙 thanks elsa,en,0.9797500371932985,the app is very good and really helps💙 thanks elsa,positive,positive,0.8543,positive,0.9819726,0.004416492,0.013610929,0.9819726
31704,,5,"This application is very useful for everyone, thank you Elsa","this application be very useful for everyone, thank you elsa",en,0.9052838087081908,"This application is very useful for everyone, thank you Elsa",positive,positive,0.6901,positive,0.9778952,0.0033968536,0.018707938,0.9778952
31705,,5,"good I think, to add to the way","good i think, to add to the way",en,0.8162964582443237,"good I think, to add to the way",positive,positive,0.4404,positive,0.9491018,0.006021362,0.044876814,0.9491018
31706,,5,"This application is very good I like this application, thank you elsa 😁","this application be very good i like this application, thank you elsa 😁",en,0.9159897565841676,"This application is very good I like this application, thank you elsa😁",positive,positive,0.8162,positive,0.98563695,0.0033177752,0.011045312,0.98563695
31707,,4,Baggus But EMG is paid. wkwk,baggus but emg be paid. wkwk,en,0.8781965374946594,Bagguuusssss But EMG is paid. wkwk,neutral,neutral,0.0,neutral,0.7891184,0.09462298,0.7891184,0.11625855
31708,,5,Inshaa Allah I can speak English smoothly,inshaa allah i can speak english smoothly,en,0.8287106156349182,Inshaa Allah I can speak English smoothly,positive,neutral,0.0,positive,0.82984847,0.012170211,0.15798132,0.82984847
31709,,5,"This application is very good, this is the first time I found this, hopefully it's useful","this application be very good, this be the first time i find this, hopefully it be useful",en,0.8787057399749756,"This application is very good, this is the first time I found this, hopefully it's useful",positive,positive,0.8488,positive,0.98479533,0.0035948853,0.011609729,0.98479533
31710,,5,Steady nisa learning english,steady nisa learn english,en,0.6264054775238037,Steady nisa learning english,positive,neutral,0.0,neutral,0.74591005,0.03754306,0.74591005,0.21654697
31711,,5,the point is really good to study in this application,the point be really good to study in this application,en,0.9607206583023072,the point is really good to study in this application,positive,positive,0.4927,positive,0.9255254,0.006206701,0.068267904,0.9255254
31712,,4,good but have to buy premium,good but have to buy premium,en,0.9972976446151732,good but have to buy premium,neutral,neutral,0.2382,neutral,0.2977175,0.06421315,0.2977175,0.63806933
31714,,4,Elsa is very helpful in testing the pronunciation of British B for those who are afraid of being wrong,elsa be very helpful in test the pronunciation of british b for those who be afraid of be wrong,en,0.936352789402008,Elsa is very helpful in testing the pronunciation of British B for those who are afraid of being wrong,neutral,neutral,-0.0018,neutral,0.6476072,0.15910636,0.6476072,0.19328646
31715,,5,Self -quarantine is useful with this application 🤗 thank owner,self -quarantine be useful with this application 🤗 thank owner,en,0.7908267974853516,Self -quarantine is useful with this application 🤗 thank owner,positive,positive,0.6597,positive,0.91173077,0.0067893467,0.08147983,0.91173077
31716,,5,"Gelokk, the application is really recommended to study compared to the AWOWKOWKKWK school","gelokk, the application be really recommend to study compare to the awowkowkkwk school",en,0.9039329290390016,"Gelokk, the application is really recommended to study compared to the AWOWKOWKKWK school",positive,positive,0.4201,positive,0.75048447,0.021882385,0.22763312,0.75048447
31717,,5,"Masya Allah .. the application is good, just recommended!","masya allah. the application be good, just recommended!",en,0.7768320441246033,"Masya Allah .. the application is good, just recommended!",positive,positive,0.6114,positive,0.95601857,0.007207802,0.03677359,0.95601857
31718,,3,"Have to pay, if not a day can only be 5 lessons ☹️","have to pay, if not a day can only be 5 lesson ☹",en,0.8862625360488892,"Have to pay, if not a day can only be 5 lessons ☹️",neutral,neutral,-0.1027,negative,0.6650575,0.6650575,0.31817415,0.01676838
31719,,5,"money, too much has to pay","money, too much have to pay",en,0.9982423782348632,"money, too much has to pay",positive,neutral,-0.1027,negative,0.62528825,0.62528825,0.3391299,0.035581842
31720,,5,Apk that is amazing to help,apk that be amaze to help,en,0.9472641944885254,Apk that is amazing to help,positive,positive,0.7351,positive,0.8100099,0.021968713,0.16802143,0.8100099
31721,,4,"ok I like it, but this is the point that it is paid if you want it's free, yes, a day of work 1 about just waiting for tomorrow again, he continued","ok i like it, but this be the point that it be pay if you want it be free, yes, a day of work 1 about just wait for tomorrow again, he continue",en,0.9423955082893372,"ok I like it, but this is the point that it is paid if you want it's free, yes, a day of work 1 about just waiting for tomorrow again, he continued",neutral,positive,0.8807,neutral,0.48595536,0.041910294,0.48595536,0.47213435
31722,,4,I just downloaded this English learning apk and I like it,i just download this english learning apk and i like it,en,0.916209638118744,I just downloaded this English learning apk and I like it,neutral,positive,0.3612,positive,0.9621691,0.0033105363,0.03452031,0.9621691
31723,,3,still learning from zero ... so I still don't understand a lot.,still learn from zero. so i still do not understand a lot.,en,0.9520507454872132,still learning from zero ... so I still don't understand a lot.,neutral,neutral,0.0,negative,0.78303474,0.78303474,0.20358415,0.013381058
31724,,3,"very helpful, but must be paid first","very helpful, but must be pay first",en,0.9922091960906982,"very helpful, but must be paid first",neutral,neutral,0.1145,positive,0.9124168,0.014224829,0.073358305,0.9124168
31725,,5,The application is good and very helpful,the application be good and very helpful,en,0.9628154635429382,The application is good and very helpful,positive,positive,0.7178,positive,0.964592,0.0065868655,0.02882117,0.964592
31726,,5,nice because I can smoothly English,nice because i can smoothly english,en,0.8646155595779419,nice because I can smoothly English,positive,positive,0.4215,positive,0.9287886,0.0076405965,0.06357082,0.9287886
31727,,5,very good but paid hiks,very good but pay hiks,en,0.9963235259056092,very good but paid hiks,positive,neutral,0.0261,positive,0.9026235,0.02051108,0.0768654,0.9026235
31728,,5,Smart Ways to Learn English,smart way to learn english,en,0.783990204334259,Smart Ways to Learn English,positive,positive,0.4019,neutral,0.5070155,0.047119834,0.5070155,0.44586468
31729,,1,Exited to download this apk because watching Nessie. I think it's free to be paid: '),exit to download this apk because watch nessie. i think it be free to be pay,en,0.909287452697754,Exited to download this apk because watching Nessie. I think it's free to be paid: '),negative,positive,0.4404,neutral,0.73422337,0.026759626,0.73422337,0.2390169
31730,,5,"Anyway, the best la for this apk.,","anyway, the best la for this apk. ,",en,0.7790020108222961,"Anyway, the best la for this apk.,",positive,positive,0.6369,positive,0.97762114,0.0045459135,0.017832963,0.97762114
31731,,1,"Can't use it, you have to buy the pro hmm, it's useless to download","cannot use it, you have to buy the pro hmm, it be useless to download",en,0.9715918898582458,"Can't use it, you have to buy the pro hmm, it's useless to download",negative,negative,-0.4215,negative,0.8871463,0.8871463,0.10503317,0.007820538
31732,,5,Just donwlod but not yet opened the application,just donwlod but not yet open the application,en,0.9109625816345216,Just donwlod but not yet opened the application,positive,neutral,0.0,neutral,0.6538664,0.3189247,0.6538664,0.027208863
31733,,5,"Alhamdulillah, a little bit more smooth","alhamdulillah, a little bit more smooth",en,0.7256990075111389,"Alhamdulillah, a little bit more smooth",positive,neutral,0.0,positive,0.8730999,0.0128209535,0.114079066,0.8730999
31734,,5,This point is very helpful for tires gat 🥳 🥰,this point be very helpful for tire gat 🥳 🥰,en,0.9039918184280396,This point is very helpful for tires gat🥳🥰,positive,positive,0.4754,positive,0.97732484,0.0027882082,0.01988691,0.97732484
31735,,4,The application is bgs but must wait 24 hours a new time,the application be bgs but must wait 24 hour a new time,en,0.8874194025993347,The application is bgs but must wait 24 hours a new time,neutral,neutral,0.0,neutral,0.7861237,0.16412416,0.7861237,0.049752187
31736,,5,"very helpful, but someone has to pay 😢","very helpful, but someone have to pay 😢",en,0.9983074069023132,"very helpful, but someone has to pay 😢",positive,neutral,0.1145,negative,0.4618192,0.4618192,0.34505466,0.19312607
31737,,5,"great, very helpful for beginners","great, very helpful for beginner",en,0.9638506770133972,"great, very helpful for beginners",positive,positive,0.8016,positive,0.9813835,0.0047615813,0.013854943,0.9813835
31738,,5,I just installed this APK and liked to learn English.,i just instal this apk and like to learn english.,en,0.9453834891319276,I just installed this APK and liked to learn English.,positive,positive,0.3612,neutral,0.76283437,0.05711232,0.76283437,0.18005332
31739,,5,"still trying the free version, good","still try the free version, good",en,0.9072455763816832,"still trying the free version, good",positive,positive,0.7351,positive,0.90973854,0.0068331356,0.083428316,0.90973854
31740,,5,Really good. Feeling like I have private English tutors. While there is an Elsa Pro Lifetime promo directly.,really good. feeling like i have private english tutors. while there be an elsa pro lifetime promo directly.,en,0.9011254906654358,Really good. Feeling like I have private English tutors. While there is an Elsa Pro Lifetime promo directly.,positive,positive,0.774,positive,0.96091795,0.0049732598,0.034108806,0.96091795
31741,,4,"Bari uses, hopefully it's useful to love 4 stars first","bari uses, hopefully it be useful to love 4 star first",en,0.7562572956085205,"Bari uses, hopefully it's useful to love 4 stars first",neutral,positive,0.8689,positive,0.7876339,0.00938825,0.2029779,0.7876339
31742,,5,"good apk, must download this mah","good apk, must download this mah",en,0.9091852903366088,"good apk, must download this mah",positive,positive,0.4404,positive,0.97526157,0.0048250775,0.019913375,0.97526157
31743,,5,Very helpful for my accent to speak,very helpful for my accent to speak,en,0.9911523461341858,Very helpful for my accent to speak,positive,positive,0.4754,positive,0.9417793,0.005366037,0.052854627,0.9417793
31744,,5,This is very good but I don't know how to pay it,this be very good but i do not know how to pay it,en,0.9791404604911804,This is very good but I don't know how to pay it,positive,neutral,0.1272,neutral,0.271046,0.44339284,0.271046,0.28556114
31745,,1,"back my money, I don't open ""like this instead of being cut in 220, sad, know yourself now the money is difficult to cuiihh","back my money, i do not open ""like this instead of be cut in 220, sad, know yourself now the money be difficult to cuiihh",en,0.8569797873497009,"back my money, I don't open ""like this instead of being cut in 220, sad, know yourself now the money is difficult to cuiihh",negative,negative,-0.8321,negative,0.908305,0.908305,0.084743306,0.0069517405
31746,,1,"Don't download this application, not functioning.","do not download this application, not functioning.",en,0.7991964221000671,"Don't download this application, not functioning.",negative,neutral,0.0,negative,0.88489825,0.88489825,0.104640044,0.010461715
31747,,5,"Very helpful, certainly useful 🥰 💖","very helpful, certainly useful 🥰 💖",en,0.9853270649909972,"Very helpful, certainly useful🥰💖",positive,positive,0.8375,positive,0.9834743,0.0051188506,0.011406816,0.9834743
31748,,5,cool very helpful ...,cool very helpful.,en,0.9925072193145752,cool very helpful ...,positive,positive,0.659,positive,0.9486235,0.012763601,0.038612965,0.9486235
31749,,5,Can't say cool word betcription,cannot say cool word betcription,en,0.7350436449050903,Can't say cool word betttcription,positive,negative,-0.2411,negative,0.5312872,0.5312872,0.3715917,0.09712108
31750,,5,It's cool. The ai is cool. Thanks for this app,it be cool. the ai be cool. thanks for this app,en,0.8657251000404358,It's cool. The ai is cool. Thanks for this app,positive,positive,0.7579,positive,0.9626393,0.0042030094,0.033157717,0.9626393
31751,,5,bagus s banget ... can be invited to chat with omaga,bagus s banget. can be invite to chat with omaga,en,0.5433468818664551,baguuuuus sss bangeeeetttt ... can be invited to chat with omagaaaa,positive,neutral,0.1531,neutral,0.8587682,0.023472076,0.8587682,0.11775961
31752,,4,"Just try, hopefully more enthusiastic to learn speak up 😙","just try, hopefully more enthusiastic to learn speak up 😙",en,0.9698182344436646,"Just try, hopefully more enthusiastic to learn speak up😙",neutral,positive,0.7346,positive,0.9208102,0.007895148,0.07129462,0.9208102
31753,,1,"He said free each day, but only once the freeness.","he say free each day, but only once the freeness.",en,0.9434552788734436,"He said free each day, but only once the freeness.",negative,positive,0.6757,neutral,0.8694074,0.06102493,0.8694074,0.069567636
31754,,5,If pro give free ... this is very useful,if pro give free. this be very useful,en,0.8082720041275024,If pro give free ... this is very useful,positive,positive,0.7574,positive,0.8203149,0.0119055435,0.16777954,0.8203149
31755,,4,Download this application because watching youtubnya Mas Syarif Zapata,download this application because watch youtubnya ma syarif zapata,en,0.5624473094940186,Download this application because watching youtubnya Mas Syarif Zapata,neutral,neutral,0.0,neutral,0.8346572,0.073534995,0.8346572,0.09180778
31756,,5,the application is really good and also exciting,the application be really good and also excite,en,0.9876348972320556,the application is really good and also exciting,positive,positive,0.7425,positive,0.9784226,0.0031441431,0.018433256,0.9784226
31757,,5,"Incredible, but can you not pay? 🤭","incredible, but can you not pay? 🤭",en,0.9601171612739564,"Incredible, but can you not pay? 🤭",positive,neutral,0.1139,negative,0.5732534,0.5732534,0.34389618,0.082850434
31758,,3,His voice is often not detected,his voice be often not detect,en,0.998528003692627,His voice is often not detected,neutral,neutral,0.0,neutral,0.7470971,0.18785252,0.7470971,0.06505036
31759,,5,It's enough to help me to learn from the start. recommended for beginners like me,it be enough to help me to learn from the start. recommend for beginner like me,en,0.9429153203964232,It's enough to help me to learn from the start. recommended for beginners like me,positive,positive,0.7717,positive,0.8646381,0.00853803,0.12682393,0.8646381
31760,,5,good who want to learn this bole,good who want to learn this bole,en,0.9795196652412416,good who want to learn this bole,positive,positive,0.4939,positive,0.8326433,0.025651222,0.14170551,0.8326433
31761,,5,Wuih is very solid for independent learning with Elsa Speak English,wuih be very solid for independent learn with elsa speak english,en,0.9468534588813782,Wuiiihhh is very solid for independent learning with Elsa Speak English,positive,neutral,0.2247,positive,0.7356,0.008388218,0.25601175,0.7356
31762,,5,good for hearing loss,good for hear loss,en,0.9737385511398317,good for hearing loss,positive,neutral,0.1531,neutral,0.39149374,0.17330435,0.39149374,0.43520194
31763,,5,Mandatory to download this application is very helpful,mandatory to download this application be very helpful,en,0.903066337108612,Mandatory to download this application is very helpful,positive,positive,0.5256,positive,0.81573474,0.008432984,0.17583233,0.81573474
31764,,5,Cool ... can practice accent,cool. can practice accent,en,0.9115490317344666,Cool ... can practice accent,positive,positive,0.3182,positive,0.8595139,0.006672912,0.13381314,0.8595139
31765,,5,"wow, the teaching is cool","wow, the teaching be cool",en,0.7745508551597595,"wow, the teaching is cool",positive,positive,0.7269,positive,0.94909734,0.009477677,0.041424986,0.94909734
31766,,5,I hope my English will be more fluent,i hope my english will be more fluent,en,0.7678565382957458,I hope my English will be more fluent,positive,positive,0.4404,positive,0.81582654,0.011819738,0.17235374,0.81582654
31767,,4,"just give 4, if everything is free new","just give 4, if everything be free new",en,0.6362207531929016,"just give 4, if everything is free new",neutral,positive,0.5106,neutral,0.6843136,0.036154244,0.6843136,0.2795322
31768,,5,suitable for learning grammar,suitable for learn grammar,en,0.8619599342346191,suitable for learning grammar,positive,neutral,0.0,neutral,0.67128927,0.08803725,0.67128927,0.24067347
31769,,5,very useful for beginners. Thank you,very useful for beginners. thank you,en,0.9420862793922424,very useful for beginners. Thank you,positive,positive,0.6901,positive,0.9620312,0.0046445783,0.033324197,0.9620312
31770,,3,I thought this was free to pay,i think this be free to pay,en,0.9762970805168152,I thought this was free to pay,neutral,positive,0.4404,neutral,0.7962588,0.0354481,0.7962588,0.16829309
31771,,2,apl ny is good ... for beginners,apl ny be good. for beginner,en,0.6941231489181519,apl ny is good ... for beginners,negative,positive,0.4404,neutral,0.35469905,0.016191857,0.35469905,0.6291091
31772,,3,good but if you want to be more paid,good but if you want to be more paid,en,0.977713704109192,good but if you want to be more paid,neutral,positive,0.34,neutral,0.5191449,0.09189581,0.5191449,0.38895932
31773,,5,cool can learn a few minutes,cool can learn a few minute,en,0.9770392775535583,cool can learn a few minutes,positive,positive,0.3182,positive,0.6709746,0.01150419,0.31752118,0.6709746
31774,,5,reading exercises correctly,reading exercise correctly,en,0.798433780670166,reading exercises correctly,positive,neutral,0.0,neutral,0.66425055,0.035859164,0.66425055,0.29989028
31775,,4,"Alhamdulillah, good, hopefully you can quickly 😍","alhamdulillah, good, hopefully you can quickly 😍",en,0.918283998966217,"Alhamdulillah, good, hopefully you can quickly 😍",neutral,positive,0.6808,positive,0.97622514,0.0057703448,0.018004516,0.97622514
31776,,5,"Anyway, if I can give 10 stars I give 10","anyway, if i can give 10 star i give 10",en,0.8365830183029175,"Anyway, if I can give 10 stars I give 10",positive,neutral,0.0,neutral,0.38135943,0.014359296,0.38135943,0.60428125
31777,,5,the game is good 👍 😍 😊 but pay from Telkomsel Ekadame receives,the game be good 👍 😍 😊 but pay from telkomsel ekadame receives,en,0.9261596202850342,the game is good 👍😍😊 but pay from Telkomsel Ekadame receives,positive,neutral,0.09,positive,0.9485327,0.0043998854,0.04706745,0.9485327
31778,,5,very helpful in launching English,very helpful in launch english,en,0.974449098110199,very helpful in launching English,positive,positive,0.4754,positive,0.95584255,0.0053076935,0.03884975,0.95584255
31779,,5,I always give a good rating to the educational application,i always give a good rating to the educational application,en,0.9484853744506836,I always give a good rating to the educational application,positive,positive,0.4404,positive,0.91852707,0.0071096285,0.07436332,0.91852707
31780,,5,training the tongue used to English,train the tongue use to english,en,0.7759997844696045,training the tongue used to English,positive,neutral,0.0,neutral,0.8712568,0.07664107,0.8712568,0.052102163
31781,,5,Very helpful even with a free/limited account. Thank you Elsa,very helpful even with a free/limited account. thank you elsa,en,0.9642985463142396,Very helpful even with a free/limited account. Thank you Elsa,positive,positive,0.6801,positive,0.97134733,0.0049388986,0.023713727,0.97134733
31782,,5,Very helpful in improving the oelafalan,very helpful in improve the oelafalan,en,0.9229317903518676,Very helpful in improving the oelafalan,positive,positive,0.7397,positive,0.9140519,0.010255441,0.0756927,0.9140519
31783,,5,a lot of subject matter.,a lot of subject matter.,en,0.9402997493743896,a lot of subject matter.,positive,neutral,0.0258,neutral,0.7967221,0.11984795,0.7967221,0.08343001
31784,,5,"This application is really good, very useful","this application be really good, very useful",en,0.9618056416511536,"This application is really good, very useful",positive,positive,0.7684,positive,0.98416024,0.004019722,0.011820041,0.98416024
31785,,5,really good but unfortunately the free is only 7 days huhu,really good but unfortunately the free be only 7 day huhu,en,0.9290521740913392,really good but unfortunately the free is only 7 days huhu,positive,positive,0.468,neutral,0.23436946,0.279715,0.23436946,0.4859156
31786,,5,correct 2 helps me to improve pronunciation,correct 2 help me to improve pronunciation,en,0.7186357975006104,correct 2 helps me to improve pronunciation,positive,positive,0.6808,neutral,0.47252235,0.024211258,0.47252235,0.50326645
31787,,5,Hopefully there will be more free practice.,hopefully there will be more free practice.,en,0.9033160209655762,Hopefully there will be more free practice.,positive,positive,0.7425,positive,0.7104467,0.015392423,0.2741609,0.7104467
31788,,5,Great very helpful,great very helpful,en,0.9816575050354004,Great very helpful,positive,positive,0.8016,positive,0.9470431,0.019551313,0.033405535,0.9470431
31789,,4,The apk is very useful,the apk be very useful,en,0.8534996509552002,The apk is very useful,neutral,positive,0.4927,positive,0.8100581,0.009658129,0.18028373,0.8100581
31790,,3,Reasonable. Unfortunately Limited,reasonable. unfortunately limit,en,0.9233152270317078,Reasonable. Unfortunately Limited,neutral,negative,-0.34,neutral,0.65141124,0.26933536,0.65141124,0.07925342
31791,,5,"Syabru uses this app, so far it is very good","syabru use this app, so far it be very good",en,0.6587578058242798,"Syabru uses this app, so far it is very good",positive,positive,0.4927,positive,0.97803485,0.003212027,0.018753126,0.97803485
31792,,5,Good and very helpful,good and very helpful,en,0.9914782047271729,Good and very helpful,positive,positive,0.7178,positive,0.95549685,0.010411589,0.03409158,0.95549685
31793,,4,"pretty good until now, checked even more inside","pretty good until now, check even more inside",en,0.9464488625526428,"pretty good until now, checked even more inside",neutral,positive,0.7269,positive,0.9614631,0.004385879,0.03415105,0.9614631
31794,,5,to learn this application is very good,to learn this application be very good,en,0.9752150177955629,to learn this application is very good,positive,positive,0.4927,positive,0.96132714,0.004363886,0.03430893,0.96132714
31795,,5,Because this application is very good and very good 👍🏻 👍🏻,because this application be very good and very good 👍 👍,en,0.9817565679550172,Because this application is very good and very good 👍🏻👍🏻,positive,positive,0.7496,positive,0.98594904,0.0031136477,0.010937397,0.98594904
31796,,5,I am very happy to study with this application,i be very happy to study with this application,en,0.9761282801628112,I am very happy to study with this application,positive,positive,0.6115,positive,0.9657268,0.0032796776,0.030993486,0.9657268
31797,,4,"like Aj, hopefully it can continue to be free","like aj, hopefully it can continue to be free",en,0.905841827392578,"like Aj, hopefully it can continue to be free",neutral,positive,0.8176,neutral,0.4444909,0.012774194,0.4444909,0.54273486
31798,,5,Very good for learning,very good for learn,en,0.9939248561859132,Very good for learning,positive,positive,0.4927,positive,0.95639527,0.007853375,0.0357514,0.95639527
31799,,5,"Ok, British training Elsa is satisfying for those of you who want to study proficiently.","ok, british training elsa be satisfy for those of you who want to study proficiently.",en,0.949048399925232,"Ok, British training Elsa is satisfying for those of you who want to study proficiently.",positive,positive,0.6705,neutral,0.6237843,0.025528885,0.6237843,0.35068673
31800,,5,Bgus to learn pronunciation,bgus to learn pronunciation,en,0.7519715428352356,Bgus to learn pronunciation,positive,neutral,0.0,neutral,0.8152643,0.08390104,0.8152643,0.100834735
31801,,4,pretty good it's just prepaid,pretty good it be just prepay,en,0.8920780420303345,pretty good it's just prepaid,neutral,positive,0.7269,positive,0.96198267,0.0055022864,0.03251506,0.96198267
31802,,4,4 Star first if it really helped me give a 5 star,4 star first if it really help me give a 5 star,en,0.8224671483039856,4 Star first if it really helped me give a 5 star,neutral,positive,0.4576,neutral,0.6863981,0.024306512,0.6863981,0.28929535
31803,,5,"really good, you like to download 👍","really good, you like to download 👍",en,0.9829230904579164,"really good, you like to download 👍",positive,positive,0.7146,positive,0.98133594,0.0037116164,0.014952474,0.98133594
31804,,4,good cman if you can free it,good cman if you can free it,en,0.6781820058822632,good cman if you can free it,neutral,positive,0.7351,neutral,0.32307085,0.04142359,0.32307085,0.63550556
31805,,5,Very helpful and good,very helpful and good,en,0.9914782047271729,Very helpful and good,positive,positive,0.7397,positive,0.95857394,0.010497877,0.030928155,0.95857394
31806,,5,Too good.,too good.,en,0.9815835952758788,Too good.,positive,positive,0.4404,positive,0.9599934,0.008134284,0.031872243,0.9599934
31807,,5,Cool bget for beginners to practice pronoun,cool bget for beginner to practice pronoun,en,0.8475558757781982,Cool bget for beginners to practice pronoun,positive,positive,0.3182,positive,0.8105672,0.012062998,0.17736979,0.8105672
31808,,5,really helps me confident,really help me confident,en,0.939866542816162,really helps me confident,positive,positive,0.7548,positive,0.9121089,0.014660594,0.07323048,0.9121089
31809,,1,"Elsa I have shouted 2 but still can't detect my voice,","elsa i have shout 2 but still cannot detect my voice,",en,0.9608350396156312,"Elsa I have shouted ² but still can't detect my voice,",negative,neutral,0.0,negative,0.77645594,0.77645594,0.20885742,0.014686635
31810,,4,"Not bad .... this is the first time I tried, God willing, we will add the stars","not bad. this be the first time i tried, god willing, we will add the star",en,0.5983043313026428,"Not bad .... this is the first time I tried, God willing, we will add the stars",neutral,positive,0.6059,positive,0.8610238,0.011293209,0.12768295,0.8610238
31811,,5,"easy to understand, and applied","easy to understand, and apply",en,0.8810669183731079,"easy to understand, and applied",positive,positive,0.4404,neutral,0.35745004,0.034085236,0.35745004,0.6084647
31812,,3,"The application is very good, I'm so happy 😇 😇 😁","the application be very good, i be so happy 😇 😇 😁",en,0.8267073631286621,"The application is very good, I'm so happy 😇😇😁",neutral,positive,0.8012,positive,0.9890323,0.0031284234,0.007839316,0.9890323
31813,,5,"Very cool, for Improve English skills for beginners","very cool, for improve english skill for beginner",en,0.9475850462913512,"Very cool, for Improve English skills for beginners",positive,positive,0.6962,positive,0.9660357,0.0050866175,0.028877595,0.9660357
31814,,4,"The application is just exciting, the price is rather expensive","the application be just exciting, the price be rather expensive",en,0.9242886900901794,"The application is just exciting, the price is rather expensive",neutral,positive,0.4939,positive,0.6676815,0.068094574,0.26422387,0.6676815
31815,,1,"He said on the free IG your mouth crocodile, apparently paying expensive again basic abal2 looking for money","he say on the free ig your mouth crocodile, apparently pay expensive again basic abal2 look for money",en,0.9246184825897216,"He said on the free IG your mouth crocodile, apparently paying expensive again basic abal2 looking for money",negative,positive,0.4404,negative,0.67424977,0.67424977,0.30583623,0.019913904
31816,,5,"I swear it's useful, if you don't download regret","i swear it be useful, if you do not download regret",en,0.6158986687660217,"I swear it's useful, if you don't download regret",positive,positive,0.6164,neutral,0.33370543,0.08900408,0.33370543,0.57729053
31817,,5,Good apk for learning,good apk for learn,en,0.9357336163520812,Good apk for learning,positive,positive,0.4404,positive,0.88097113,0.012675268,0.106353596,0.88097113
31818,,5,Great cool this apk,great cool this apk,en,0.7767032384872437,Great cool this apk,positive,positive,0.7506,positive,0.9729874,0.0076140226,0.019398583,0.9729874
31820,,5,I like me here in the city and taller and you wake up 😍 😗 😛 😗 😛,i like me here in the city and taller and you wake up 😍 😗 😛 😗 😛,en,0.9055930972099304,I like me here in the city and taller and you wake up 😍😗😛😗😛,positive,positive,0.3612,positive,0.8692948,0.007961205,0.12274398,0.8692948
31821,,5,Goodla Learning for Beginners Suitable,goodla learn for beginner suitable,en,0.8316192030906677,Goodlaaa Learning for Beginners Suitable,positive,neutral,0.0,neutral,0.4295555,0.021985428,0.4295555,0.54845905
31822,,5,"I swear, apk is really good","i swear, apk be really good",en,0.974614918231964,"I swear, apk is really good",positive,positive,0.4576,positive,0.94140124,0.008997532,0.049601283,0.94140124
31823,,5,"I will just try but this is very interesting, so I give 5 stars","i will just try but this be very interesting, so i give 5 star",en,0.9336245656013488,"I will just try but this is very interesting, so I give 5 stars",positive,positive,0.611,positive,0.9681234,0.0040686904,0.027807916,0.9681234
31824,,5,The application is good and fun,the application be good and fun,en,0.8587167859077454,The application is good and fun,positive,positive,0.7351,positive,0.9446377,0.007217321,0.048144944,0.9446377
31825,,5,This is very cool to study,this be very cool to study,en,0.977012574672699,This is very cool to study,positive,positive,0.3804,positive,0.98005235,0.0040318538,0.015915815,0.98005235
31826,,5,educate and easy to use,educate and easy to use,en,0.953474462032318,educate and easy to use,positive,positive,0.4404,neutral,0.36009145,0.018297752,0.36009145,0.6216108
31827,,5,Great for me to learn foreign languages,great for me to learn foreign language,en,0.9196957945823668,Great for me to learn foreign languages,positive,positive,0.6249,positive,0.9729652,0.0037988005,0.023236059,0.9729652
31828,,5,Cool ... Can you know the progress of learning tks,cool. can you know the progress of learn tks,en,0.9453489780426024,Cool ... Can you know the progress of learning tks,positive,positive,0.6249,neutral,0.3479599,0.007737061,0.3479599,0.6443031
31829,,5,very helping me in learning,very help me in learn,en,0.992389976978302,very helping me in learning,positive,positive,0.4576,positive,0.7013598,0.02323342,0.27540672,0.7013598
31830,,5,"very exciting, here after watching one percent","very exciting, here after watch one percent",en,0.9787444472312928,"very exciting, here after watching one percent",positive,positive,0.5413,positive,0.98739016,0.0020442002,0.010565631,0.98739016
31831,,5,Very easy for beginners,very easy for beginner,en,0.95883309841156,Very easy for beginners,positive,positive,0.4927,positive,0.91230756,0.010563899,0.07712852,0.91230756
31832,,5,great yes,great yes,en,0.669460654258728,great yes,positive,positive,0.7783,positive,0.9581244,0.005610461,0.036265105,0.9581244
31833,,5,Download this because of Bang Radit 😁,download this because of bang radit 😁,en,0.83121258020401,Download this because of Bang Radit 😁,positive,neutral,0.0,positive,0.7581984,0.00481352,0.23698813,0.7581984
31834,,4,This application is really good for learning pronunciation,this application be really good for learn pronunciation,en,0.9300588965415956,This application is really good for learning pronunciation,neutral,positive,0.4927,positive,0.957337,0.005306839,0.03735612,0.957337
31835,,4,Who downloads this application because of capslock 🤣,who download this application because of capslock 🤣,en,0.8803114295005798,Who downloads this application because of capslock 🤣,neutral,neutral,0.0,negative,0.7170536,0.7170536,0.2652618,0.017684573
31837,,5,gradual increase,gradual increase,en,0.8369540572166443,gradual increase,positive,positive,0.3182,neutral,0.75238466,0.050247874,0.75238466,0.19736743
31838,,5,It is suitable for those who want to learn speaking with vocabulary. Love bgt,it be suitable for those who want to learn speak with vocabulary. love bgt,en,0.9723280668258668,It is suitable for those who want to learn speaking with vocabulary. Love bgttt,positive,positive,0.6705,positive,0.7252859,0.008780019,0.2659341,0.7252859
31839,,2,This is paid and limited,this be pay and limited,en,0.95434832572937,This is paid and limited,negative,negative,-0.3182,neutral,0.7927004,0.058868192,0.7927004,0.14843133
31840,,5,help me to learn self -taught,help me to learn self -taught,en,0.8585110306739807,help me to learn self -taught,positive,positive,0.4019,neutral,0.63905275,0.020825481,0.63905275,0.3401218
31841,,5,really good apk,really good apk,en,0.9915330410003662,really good apk,positive,positive,0.4927,positive,0.9578392,0.0068479665,0.035312876,0.9578392
31842,,5,This apk is very helpful,this apk be very helpful,en,0.9452248811721802,This apk is very helpful,positive,positive,0.4754,positive,0.9391495,0.008653629,0.052196864,0.9391495
31843,,5,hello guys apk this is really cool,hello guy apk this be really cool,en,0.8869383931159973,hello guys apk this is really cool,positive,positive,0.3804,positive,0.96656656,0.0044902177,0.028943226,0.96656656
31844,,4,really good for learning,really good for learn,en,0.99089777469635,really good for learning,neutral,positive,0.4927,positive,0.96141,0.006557572,0.032032404,0.96141
31845,,2,very suitable for beginners,very suitable for beginner,en,0.969867467880249,very suitable for beginners,negative,neutral,0.0,positive,0.91719276,0.006970364,0.07583689,0.91719276
31846,,4,It's good. But paid 😅,it be good. but pay 😅,en,0.9723249673843384,It's good. But paid 😅,neutral,neutral,0.09,positive,0.78158224,0.028510883,0.18990687,0.78158224
31847,,5,good application for learning,good application for learn,en,0.9314031600952148,good application for learning,positive,positive,0.4404,positive,0.85881716,0.015848853,0.12533401,0.85881716
31848,,3,Not bad for the first day wearing,not bad for the first day wear,en,0.9341983199119568,Not bad for the first day wearing,neutral,positive,0.431,neutral,0.42323053,0.03161483,0.42323053,0.5451547
31849,,4,I think it's free to pay,i think it be free to pay,en,0.9816937446594238,I think it's free to pay,neutral,positive,0.4404,neutral,0.8363012,0.036229234,0.8363012,0.12746955
31850,,5,The application is really cool,the application be really cool,en,0.9339990615844728,The application is really cool,positive,positive,0.3804,positive,0.9544777,0.00640164,0.03912066,0.9544777
31851,,5,"Thank you Elsa, my new user immediately fell in love with this application","thank you elsa, my new user immediately fell in love with this application",en,0.960330843925476,"Thank you Elsa, my new user immediately fell in love with this application",positive,positive,0.7717,positive,0.9876171,0.0035087583,0.008874167,0.9876171
31852,,5,Bismillahirrahmanirrahim may be useful for learning 🙏,bismillahirrahmanirrahim may be useful for learn 🙏,en,0.5474090576171875,Bismillahirrahmanirrahim may be useful for learning 🙏,positive,positive,0.4404,neutral,0.36293232,0.011374385,0.36293232,0.62569326
31853,,5,"Very good, can be helped","very good, can be help",en,0.979739248752594,"Very good, can be helped",positive,positive,0.7089,positive,0.9654259,0.0070008957,0.027573168,0.9654259
31854,,5,Cool-baanget ... even though I'm a beginner.,cool-baanget. even though i be a beginner.,en,0.7846186757087708,Cool-baanget ... even though I'm a beginner.,positive,neutral,0.0,positive,0.79106385,0.0118137915,0.19712234,0.79106385
31855,,5,the application is very cool,the application be very cool,en,0.9433649778366088,the application is very cool,positive,positive,0.3804,positive,0.9615916,0.00468987,0.03371848,0.9615916
31856,,5,Make it easier to study English,make it easy to study english,en,0.8739458322525024,Make it easier to study English,positive,positive,0.4404,neutral,0.67749316,0.045993388,0.67749316,0.2765135
31857,,5,Hopefully the application has no obstacles,hopefully the application have no obstacle,en,0.9589418172836304,Hopefully the application has no obstacles,positive,negative,-0.25,positive,0.6603291,0.03093058,0.30874035,0.6603291
31859,,5,"So far it's good, there are no obstacles.","so far it be good, there be no obstacles.",en,0.6483417749404907,"So far it's good, there are no obstacles.",positive,negative,-0.2263,positive,0.95622814,0.006236059,0.037535816,0.95622814
31860,,5,Very understandable,very understandable,en,0.9479470252990724,Very understandable,positive,neutral,0.0,neutral,0.58265525,0.106997624,0.58265525,0.31034705
31861,,5,really good to download,really good to download,en,0.988170087337494,really good to download,positive,positive,0.4927,positive,0.9785761,0.004164107,0.017259745,0.9785761
31862,,5,This is really good application !!! Really recommended,this be really good application! really recommend,en,0.957975685596466,This is really good application !!! Really recommended,positive,positive,0.7413,positive,0.9846287,0.0051600467,0.010211296,0.9846287
31863,,3,still my beginner so you really help me add more stars,still my beginner so you really help me add more star,en,0.8969993591308594,still my beginner so you really help me add more stars,neutral,positive,0.5034,positive,0.81432605,0.014224313,0.1714496,0.81432605
31864,,5,Very Inspiration Very Good,very inspiration very good,en,0.9923218488693236,Very Inspiration Very Good,positive,positive,0.7992,positive,0.96421367,0.009328871,0.02645748,0.96421367
31865,,5,"I really like it, even though I don't know the meaning","i really like it, even though i do not know the meaning",en,0.9893904328346252,"I really like it, even though I don't know the meaning",positive,positive,0.4201,positive,0.93497646,0.010277088,0.054746438,0.93497646
31866,,5,interesting and worth a try,interesting and worth a try,en,0.966312289237976,interesting and worth a try,positive,positive,0.5574,positive,0.91867703,0.01049196,0.07083101,0.91867703
31867,,5,For beginners is very helpful,for beginner be very helpful,en,0.9475150108337402,For beginners is very helpful,positive,positive,0.4754,positive,0.8454811,0.02004166,0.13447721,0.8454811
31868,,5,The application is good for learning,the application be good for learn,en,0.8974106311798096,The application is good for learning,positive,positive,0.4404,positive,0.77690095,0.014228255,0.20887077,0.77690095
31869,,1,failed to speaking .. the feeling is right. But it continues to be wrong,fail to speaking. the feeling be right. but it continue to be wrong,en,0.963343858718872,failed to speaking .. the feeling is right. But it continues to be wrong,negative,negative,-0.7311,negative,0.7766432,0.7766432,0.20615955,0.017197255
31871,,5,"steady, to hone reason and confidence","steady, to hone reason and confidence",en,0.8872238397598267,"steady, to hone reason and confidence",positive,positive,0.5106,neutral,0.682753,0.03162569,0.682753,0.28562137
31872,,5,The application is very helpful for beginners ..,the application be very helpful for beginners.,en,0.9491893649101256,The application is very helpful for beginners ..,positive,positive,0.4754,positive,0.9288429,0.004149894,0.06700719,0.9288429
31873,,5,"exciting to learn, especially the ai","excite to learn, especially the ai",en,0.902918815612793,"exciting to learn, especially the ai",positive,positive,0.4767,positive,0.98284745,0.002476985,0.014675554,0.98284745
31874,,5,just tried the apk and very helpful,just try the apk and very helpful,en,0.988675594329834,just tried the apk and very helpful,positive,positive,0.4754,positive,0.939602,0.0058919024,0.05450612,0.939602
31875,,5,the apk is really good,the apk be really good,en,0.9683154225349426,the apk is really good,positive,positive,0.4927,positive,0.9251991,0.0077739237,0.06702703,0.9251991
31876,,5,"Hopefully I can understand English, thank you.","hopefully i can understand english, thank you.",en,0.9639430046081544,"Hopefully I can understand English, thank you.",positive,positive,0.6369,positive,0.8343474,0.011803879,0.15384872,0.8343474
31877,,5,Very helpful to learn,very helpful to learn,en,0.9924803376197816,Very helpful to learn,positive,positive,0.4754,positive,0.9559059,0.010462656,0.03363137,0.9559059
31878,,5,Never regret installing this app. Very useful 👍 👍 👍,never regret instal this app. very useful 👍 👍 👍,en,0.7898037433624268,Never regret installing this app. Very useful 👍👍👍,positive,positive,0.6731,positive,0.98571706,0.0033359241,0.010947028,0.98571706
31880,,5,very good application for beginners like me,very good application for beginner like me,en,0.9626525640487672,very good application for beginners like me,positive,positive,0.6901,positive,0.967136,0.0051785028,0.027685499,0.967136
31881,,4,there is a free one who pays too,there be a free one who pay too,en,0.9226463437080384,there is a free one who pays too,neutral,positive,0.4404,neutral,0.6786068,0.022190074,0.6786068,0.29920316
31882,,5,good application but pay,good application but pay,en,0.9716611504554749,good application but pay,positive,neutral,0.09,positive,0.658595,0.100641824,0.24076308,0.658595
31883,,5,or what do you want to comment. What is clear is this good application,or what do you want to comment. what be clear be this good application,en,0.906591534614563,or what do you want to comment. What is clear is this good application,positive,positive,0.7003,neutral,0.6269168,0.061534368,0.6269168,0.31154883
31884,,5,"Very good, thank you Elsa.","very good, thank you elsa.",en,0.768034815788269,"Very good, thank you Elsa.",positive,positive,0.7159,positive,0.98552716,0.004089244,0.010383631,0.98552716
31885,,4,good for children my age,good for child my age,en,0.9218299388885498,good for children my age,neutral,positive,0.4404,positive,0.80824965,0.014526553,0.17722386,0.80824965
31886,,5,the lesson is exciting and many games 🫸 🫷,the lesson be excite and many game 🫸 🫷,en,0.9364420175552368,the lesson is exciting and many games🫸🫷,positive,positive,0.4767,positive,0.8974207,0.004305547,0.09827372,0.8974207
31887,,4,very helpful for the app,very helpful for the app,en,0.9829293489456176,very helpful for the app,neutral,positive,0.4754,positive,0.96270895,0.004939723,0.032351248,0.96270895
31888,,5,"Until the moment this is good, smga mate high school app. Thank you elsa","until the moment this be good, smga mate high school app. thank you elsa",en,0.793495237827301,"Until the moment this is good, smga mate high school app. Thank u elsa",positive,positive,0.6597,positive,0.930594,0.006721768,0.06268422,0.930594
31889,,5,good like because I can smooth,good like because i can smooth,en,0.9417941570281982,good like because I can smooth,positive,positive,0.6597,positive,0.9398197,0.010214418,0.04996583,0.9398197
31890,,5,very helpful for my pronunciation correctly,very helpful for my pronunciation correctly,en,0.8673979640007019,very helpful for my pronunciation correctly,positive,positive,0.4754,positive,0.94821256,0.0056515853,0.046135876,0.94821256
31891,,5,This is an application that really helps The Best 😍,this be an application that really help the best 😍,en,0.9572608470916748,This is an application that really helps The Best😍,positive,positive,0.8155,positive,0.9830882,0.004313843,0.012597985,0.9830882
31892,,5,really like this application ..,really like this application.,en,0.9793232679367064,really like this application ..,positive,positive,0.4201,positive,0.9756693,0.004778239,0.019552467,0.9756693
31893,,5,good can learn better,good can learn good,en,0.9487241506576538,good can learn better,positive,positive,0.7003,positive,0.9033811,0.013097132,0.08352181,0.9033811
31894,,5,Very good for the beginning,very good for the beginning,en,0.967953622341156,Very good for the beginning,positive,positive,0.4927,positive,0.9714064,0.003870421,0.024723142,0.9714064
31895,,5,very good and very useful,very good and very useful,en,0.995167315006256,very good and very useful,positive,positive,0.7496,positive,0.9738491,0.0054232697,0.020727614,0.9738491
31896,,5,"Cool, good, and fun application","cool, good, and fun application",en,0.9400777220726012,"Cool, good, and fun application",positive,positive,0.8176,positive,0.9558106,0.009673818,0.03451558,0.9558106
31897,,5,"Thank you, very helpful","thank you, very helpful",en,0.9750335812568665,"Thank you, very helpful",positive,positive,0.6801,positive,0.95555127,0.017118534,0.02733019,0.95555127
31898,,5,very useful and exciting,very useful and excite,en,0.9689534902572632,very useful and exciting,positive,positive,0.762,positive,0.9740423,0.004380553,0.021577103,0.9740423
31899,,3,There are many bugs :(,there be many bug,en,0.9501105546951294,There are many bugs :(,neutral,neutral,0.0,neutral,0.55388236,0.37919703,0.55388236,0.06692063
31900,,5,"noted.,., Recommended for friends., Very helpful","noted. , . , recommend for friends. , very helpful",en,0.9783536195755004,"noted.,., Recommended for friends., Very helpful",positive,positive,0.8268,positive,0.97740436,0.0037143643,0.018881287,0.97740436
31901,,5,I don't know what this is good or not but yauda,i do not know what this be good or not but yauda,en,0.8661044239997864,I don't know what this is good or not but yauda,positive,neutral,0.2382,neutral,0.40395108,0.39845014,0.40395108,0.19759874
31902,,2,Elsa really trains us well,elsa really train u well,en,0.9817786812782288,Elsa really trains us well,negative,positive,0.3353,positive,0.84051913,0.019240838,0.14023998,0.84051913
31903,,5,I like it. but I don't know how to subscribe,i like it. but i do not know how to subscribe,en,0.97177255153656,I like it. but I don't know how to subscribe,positive,neutral,0.1901,neutral,0.5751689,0.23589803,0.5751689,0.18893306
31904,,4,"really like it, the apk is really fun","really like it, the apk be really fun",en,0.9887822270393372,"really like it, the apk is really fun",neutral,positive,0.7496,positive,0.981753,0.004094913,0.014152139,0.981753
31905,,1,My balance has been cut off why the account status is still free?,my balance have be cut off why the account status be still free?,en,0.9007977843284608,My balance has been cut off why the account status is still free?,negative,neutral,0.296,negative,0.6679552,0.6679552,0.3228859,0.009158896
31906,,1,"very helpful, thank you","very helpful, thank you",en,0.9794554710388184,"very helpful, thank you",negative,positive,0.707,positive,0.9667457,0.010275684,0.022978662,0.9667457
31907,,5,"Thanks, very helpful","thanks, very helpful",en,0.9739629626274108,"Thanks, very helpful",positive,positive,0.7178,positive,0.9505955,0.017298592,0.03210595,0.9505955
31908,,5,really good apk 🥰,really good apk 🥰,en,0.9870418906211852,really good apk 🥰,positive,positive,0.4927,positive,0.9851896,0.0039851977,0.010825196,0.9851896
31909,,5,First exercise smoothly,first exercise smoothly,en,0.9115991592407228,First exercise smoothly,positive,neutral,0.0,positive,0.7656068,0.00874142,0.22565176,0.7656068
31910,,5,for the initial stage fun,for the initial stage fun,en,0.8628050684928894,for the initial stage fun,positive,positive,0.5106,positive,0.7354531,0.008675489,0.25587142,0.7354531
31911,,5,really good application,really good application,en,0.9789343476295472,really good application,positive,positive,0.4927,positive,0.95103663,0.012467874,0.036495537,0.95103663
31912,,5,thanks for me smoothly so 🥰,thanks for me smoothly so 🥰,en,0.8497253060340881,thanks for me smoothly so 🥰,positive,positive,0.4404,positive,0.9778266,0.0038241912,0.018349243,0.9778266
31913,,5,The apk is very helpful,the apk be very helpful,en,0.9455052614212036,The apk is very helpful,positive,positive,0.4754,positive,0.9100113,0.009665587,0.08032309,0.9100113
31914,,5,cool after preacher !!!,cool after preacher!,en,0.9090911746025084,cool after preacher !!!,positive,positive,0.3802,positive,0.7168045,0.0077881734,0.27540734,0.7168045
31915,,5,helps very very helpful ..,help very very helpful.,en,0.998503804206848,helps very very helpful ..,positive,positive,0.7245,positive,0.9629993,0.010090246,0.0269105,0.9629993
31916,,5,Love to learn to use this application,love to learn to use this application,en,0.9026190638542176,Love to learn to use this application,positive,positive,0.6369,positive,0.96724397,0.004529526,0.0282265,0.96724397
31917,,5,very helpful in spelling,very helpful in spell,en,0.9748437404632568,very helpful in spelling,positive,positive,0.4754,positive,0.9456446,0.0064832154,0.04787222,0.9456446
31918,,5,cool bangt this application,cool bangt this application,en,0.5859577059745789,cool bangt this application,positive,positive,0.3182,positive,0.890788,0.011817482,0.09739451,0.890788
31919,,1,happy to know this application is very grateful to be able to help,happy to know this application be very grateful to be able to help,en,0.9712466597557068,happy to know this application is very grateful to be able to help,negative,positive,0.8655,positive,0.98360944,0.004079285,0.012311275,0.98360944
31920,,5,so far quite interesting,so far quite interesting,en,0.9063158631324768,so far quite interesting,positive,positive,0.5034,positive,0.9688476,0.0037298293,0.027422551,0.9688476
31921,,4,"Learning, hopefully the better","learning, hopefully the good",en,0.9500489830970764,"Learning, hopefully the better",neutral,positive,0.6808,positive,0.95164025,0.0054214653,0.042938314,0.95164025
31922,,5,good dear paid 😭,good dear pay 😭,en,0.7947805523872375,good dear paid 😭,positive,positive,0.6249,neutral,0.31266966,0.107281916,0.31266966,0.58004844
31923,,5,Exciting the learning given,excite the learning give,en,0.9294552803039552,Exciting the learning given,positive,positive,0.4767,positive,0.93802834,0.0044127232,0.057558987,0.93802834
31924,,5,really good makes me smart,really good make me smart,en,0.9538170695304872,really good makes me smart,positive,positive,0.7089,positive,0.931273,0.011112948,0.057614107,0.931273
31925,,5,cool but unfortunately paid,cool but unfortunately pay,en,0.9732421040534972,cool but unfortunately paid,positive,negative,-0.4678,negative,0.5604217,0.5604217,0.38429216,0.05528611
31926,,5,"This is the best apk, I really like it","this be the best apk, i really like it",en,0.9272698163986206,"This is the best apk, I really like it",positive,positive,0.7902,positive,0.9866115,0.0040693763,0.009319125,0.9866115
31927,,5,pretty cool and useful,pretty cool and useful,en,0.8140641450881958,pretty cool and useful,positive,positive,0.8126,positive,0.9645407,0.0069787954,0.028480496,0.9645407
31928,,5,Yaw. Hopefully consistent in learning,yaw. hopefully consistent in learn,en,0.9193897247314452,Yaw. Hopefully consistent in learning,positive,positive,0.4019,positive,0.7944768,0.014663597,0.1908596,0.7944768
31929,,5,"The word ""wish"" is very difficult for Indonesia","the word ""wish"" be very difficult for indonesia",en,0.9438045620918274,"The word ""wish"" is very difficult for Indonesia",positive,negative,-0.4201,negative,0.70103055,0.70103055,0.2843775,0.014591963
31930,,5,very fun using this application 😻,very fun use this application 😻,en,0.9299675226211548,very fun using this application😻,positive,positive,0.5563,positive,0.98739177,0.0027127932,0.009895466,0.98739177
31931,,5,good for talking partners,good for talk partner,en,0.9889688491821288,good for talking partners,positive,positive,0.4404,positive,0.91333985,0.007802303,0.078857854,0.91333985
31932,,5,Very good application ... 👍,very good application. 👍,en,0.973845362663269,Very good application ... 👍,positive,positive,0.4927,positive,0.9705065,0.007752731,0.02174077,0.9705065
31933,,5,APK NY is very helpful for beginners,apk ny be very helpful for beginner,en,0.916131854057312,APK NY is very helpful for beginners,positive,positive,0.4754,positive,0.7815324,0.016625825,0.20184174,0.7815324
31934,,5,"Good, I learned a lot :)","good, i learn a lot",en,0.92417573928833,"Good, I learned a lot :)",positive,positive,0.4404,positive,0.9718925,0.005222392,0.02288515,0.9718925
31935,,4,It's very good to help you,it be very good to help you,en,0.989200472831726,It's very good to help you,neutral,positive,0.7316,positive,0.93657696,0.007787439,0.05563556,0.93657696
31936,,5,very helpful for beginners ..,very helpful for beginners.,en,0.9797805547714232,very helpful for beginners ..,positive,positive,0.4754,positive,0.9362481,0.0053605237,0.058391333,0.9362481
31937,,5,Really good for beginners 👍 👍 👍 🤩 🤩 🤩,really good for beginner 👍 👍 👍 🤩 🤩 🤩,en,0.9327111840248108,Really good for beginners 👍👍👍🤩🤩🤩,positive,positive,0.4927,positive,0.9872175,0.0024733122,0.010309177,0.9872175
31938,,5,Very helpful for beginners like meave,very helpful for beginner like meave,en,0.9742720127105712,Very helpful for beginners like meave,positive,positive,0.6801,positive,0.9400191,0.0076568476,0.052324105,0.9400191
31940,,5,This application is very useful ..,this application be very useful.,en,0.9658109545707704,This application is very useful ..,positive,positive,0.4927,positive,0.938937,0.003983784,0.057079144,0.938937
31941,,5,Really cool !!! Those who learn speaking must install this !!,really cool! those who learn speak must install this!,en,0.9870709776878356,Really cool !!! Those who learn speaking must install this !!,positive,positive,0.49,positive,0.9736485,0.003413142,0.022938322,0.9736485
31942,,4,"really good, but expensive","really good, but expensive",en,0.994375467300415,"really good, but expensive",neutral,neutral,0.2724,neutral,0.27797735,0.15937519,0.27797735,0.56264746
31943,,1,Still just trying. Not dare to give a high value,still just trying. not dare to give a high value,en,0.9753440618515016,Still just trying. Not dare to give a high value,negative,positive,0.34,negative,0.55255663,0.55255663,0.4142855,0.03315786
31944,,5,This apk really helped me thanks,this apk really help me thanks,en,0.9651710987091064,This apk really helped me thanks,positive,positive,0.7316,positive,0.95680153,0.008853035,0.034345433,0.95680153
31945,,5,Very good in learning 😊,very good in learn 😊,en,0.9953960180282592,Very good in learning😊,positive,positive,0.4927,positive,0.97367215,0.005469399,0.020858416,0.97367215
31946,,4,Very good for beginners..nice,very good for beginners. nice,en,0.9839130640029908,Very good for beginners..nice,neutral,positive,0.7178,positive,0.9804596,0.0032547195,0.01628577,0.9804596
31947,,5,"Very good application, I like it","very good application, i like it",en,0.9780948162078856,"Very good application, I like it",positive,positive,0.7146,positive,0.9815197,0.005439888,0.013040432,0.9815197
31948,,5,Very good and fun,very good and fun,en,0.992325723171234,Very good and fun,positive,positive,0.7755,positive,0.97922254,0.00472295,0.016054524,0.97922254
31949,,5,"really good, hopefully it can be better","really good, hopefully it can be good",en,0.9757258296012878,"really good, hopefully it can be better",positive,positive,0.8543,positive,0.9842689,0.0034867667,0.012244273,0.9842689
31950,,5,This apk is very good,this apk be very good,en,0.960584282875061,This apk is very good,positive,positive,0.4927,positive,0.96913636,0.004942302,0.025921294,0.96913636
31951,,5,good for launching the speaker,good for launch the speaker,en,0.9307376146316528,good for launching the speaker,positive,positive,0.4404,positive,0.934463,0.0049356446,0.060601313,0.934463
31952,,5,the application is good .. really help,the application be good. really help,en,0.9637344479560852,the application is good .. really help,positive,positive,0.7089,positive,0.9326008,0.009422397,0.05797684,0.9326008
31953,,5,very good and recommended,very good and recommend,en,0.989452064037323,very good and recommended,positive,positive,0.7146,positive,0.9752914,0.0065443437,0.018164271,0.9752914
31954,,5,Like it .. if you already have money to buy pro 😁,like it. if you already have money to buy pro 😁,en,0.9930198788642884,Like it .. if you already have money to buy pro😁,positive,positive,0.3612,positive,0.856577,0.0073009115,0.13612215,0.856577
31955,,5,very helpful pronunciation,very helpful pronunciation,en,0.9043350219726562,very helpful pronunciation,positive,positive,0.4754,positive,0.9295186,0.01361005,0.056871355,0.9295186
31956,,4,very good. Many methods,very good. many method,en,0.9985948204994202,very good. Many methods,neutral,positive,0.4927,positive,0.9685716,0.00800151,0.02342688,0.9685716
31957,,5,very helpful for beginners 🤍,very helpful for beginner 🤍,en,0.970693826675415,very helpful for beginners🤍,positive,positive,0.4754,positive,0.96046036,0.0066835275,0.032856144,0.96046036
31958,,5,this application is really good,this application be really good,en,0.9600586891174316,this application is really good,positive,positive,0.4927,positive,0.97045994,0.0054500327,0.024089992,0.97045994
31959,,5,great the soul of the application is really great,great the soul of the application be really great,en,0.921725571155548,great the soul of the application is really great,positive,positive,0.8481,positive,0.9710518,0.006898313,0.02204986,0.9710518
31960,,5,"the apk is good, I like it","the apk be good, i like it",en,0.7674731612205505,"the apk is good, I like it",positive,positive,0.6597,positive,0.9572756,0.006136714,0.036587723,0.9572756
31961,,5,the application is good bagget 🤩,the application be good bagget 🤩,en,0.7069621086120605,the application is good bagget 🤩,positive,positive,0.4404,positive,0.96537703,0.0047175377,0.029905401,0.96537703
31962,,4,"really good, but I have subscribed, but gkppa","really good, but i have subscribed, but gkppa",en,0.9851472973823548,"really good, but I have subscribed, but gkppa",neutral,neutral,0.2724,positive,0.9408468,0.010753218,0.048400003,0.9408468
31963,,5,Easy to understand,easy to understand,en,0.9685839414596558,Easy to understand,positive,positive,0.4404,neutral,0.46495104,0.064416856,0.46495104,0.4706321
31964,,4,The application is very helpful,the application be very helpful,en,0.948351263999939,The application is very helpful,neutral,positive,0.4754,positive,0.93784195,0.006629158,0.055528846,0.93784195
31965,,5,This is good for beginners to me,this be good for beginner to me,en,0.8880525231361389,This is good for beginners to me,positive,positive,0.4404,positive,0.86759746,0.007585745,0.1248168,0.86759746
31966,,5,great for those who want to learn!,great for those who want to learn!,en,0.9901524782180786,great for those who want to learn!,positive,positive,0.69,positive,0.9716898,0.0032262416,0.025083963,0.9716898
31967,,5,"ok very helpful, thank you","ok very helpful, thank you",en,0.9796204566955566,"ok very helpful, thank you",positive,positive,0.7947,positive,0.96203685,0.009115732,0.02884749,0.96203685
31968,,5,This really good apk helps for those who don't have English,this really good apk help for those who do not have english,en,0.9790141582489014,This really good apk helps for those who don't have English,positive,positive,0.7316,positive,0.93272066,0.008640981,0.058638386,0.93272066
31969,,5,I'm very happy to learn from this apk ☺️,i be very happy to learn from this apk ☺,en,0.9759238362312316,I'm very happy to learn from this apk☺️,positive,positive,0.6115,positive,0.9726601,0.0029503077,0.0243896,0.9726601
31970,,5,it seems good ai,it seem good ai,en,0.9884222149848938,it seems good ai,positive,positive,0.4404,positive,0.9102084,0.008027537,0.08176403,0.9102084
31971,,5,Given a 5 star because I support the learning process 👍,give a 5 star because i support the learning process 👍,en,0.9034181237220764,Given a 5 star because I support the learning process 👍,positive,positive,0.4019,positive,0.92066246,0.004776334,0.074561164,0.92066246
31972,,4,"very helpful, thank you Elsa","very helpful, thank you elsa",en,0.9471817016601562,"very helpful, thank you Elsa",neutral,positive,0.707,positive,0.9722757,0.007930985,0.019793287,0.9722757
31973,,5,This is very cool and very helpful,this be very cool and very helpful,en,0.9883925914764404,This is very cool and very helpful,positive,positive,0.6894,positive,0.9800259,0.0049898108,0.014984353,0.9800259
31974,,5,This application is very helpful for beginners.,this application be very helpful for beginners.,en,0.9508652687072754,This application is very helpful for beginners.,positive,positive,0.4754,positive,0.94762427,0.0034695824,0.048906177,0.94762427
31975,,5,This application is the most amazing I have ever met,this application be the most amazing i have ever meet,en,0.9446178674697876,This application is the most amazing I have ever met,positive,positive,0.624,positive,0.98155355,0.0068829176,0.011563553,0.98155355
31976,,5,very good application ... I like it,very good application. i like it,en,0.9760282039642334,very good application ... I like it,positive,positive,0.7146,positive,0.9816612,0.005097854,0.013240949,0.9816612
31977,,1,"how come it's paid, there's no money me sis","how come it be paid, there be no money me si",en,0.5902661681175232,"how come it's paid, there's no money me sis",negative,negative,-0.296,negative,0.712686,0.712686,0.26876795,0.018546004
31978,,5,wow the application is very helpful 🥰,wow the application be very helpful 🥰,en,0.9249255657196044,wow the application is very helpful🥰,positive,positive,0.7841,positive,0.98369664,0.005713342,0.010590006,0.98369664
31979,,5,Very good for beginners 🤗,very good for beginner 🤗,en,0.9797191619873048,Very good for beginners🤗,positive,positive,0.4927,positive,0.9738588,0.003501484,0.022639709,0.9738588
31980,,5,"The coolest application ever, must download guys 🤩 🤩 🤩","the cool application ever, must download guy 🤩 🤩 🤩",en,0.8850489854812622,"The coolest application ever, must download guys🤩🤩🤩",positive,positive,0.3182,positive,0.98867744,0.0038146293,0.0075078737,0.98867744
31981,,4,the pay is expensive for advance,the pay be expensive for advance,en,0.9583798050880432,the pay is expensive for advance,neutral,neutral,-0.1027,negative,0.45929474,0.45929474,0.49890575,0.041799515
31982,,5,really the application helps,really the application help,en,0.9714873433113098,really the application helps,positive,positive,0.4522,neutral,0.6057793,0.1757215,0.6057793,0.21849927
31983,,5,very helping me in recognizing my mistakes,very help me in recognize my mistake,en,0.9783565402030944,very helping me in recognizing my mistakes,positive,neutral,0.1513,negative,0.4577295,0.4577295,0.45728642,0.08498404
31984,,5,good but have to pay 😭,good but have to pay 😭,en,0.9977429509162904,good but have to pay 😭,positive,neutral,0.09,negative,0.6897357,0.6897357,0.23653595,0.07372826
31985,,5,very helpful really good,very helpful really good,en,0.995317280292511,very helpful really good,positive,positive,0.7615,positive,0.9646802,0.01129818,0.02402168,0.9646802
31986,,5,mantap but the premium is,mantap but the premium be,en,0.570683479309082,mantappp but the premium is,positive,neutral,0.0,neutral,0.8083216,0.060594033,0.8083216,0.13108443
31987,,5,This is really cool,this be really cool,en,0.9578529596328736,This is really cool,positive,positive,0.3804,positive,0.9615365,0.0072391583,0.031224366,0.9615365
31988,,5,Very attractive apk,very attractive apk,en,0.986572563648224,Very attractive apk,positive,positive,0.4927,positive,0.8409094,0.025347928,0.13374269,0.8409094
31989,,5,This apk is very helpful.,this apk be very helpful.,en,0.9722723364830016,This apk is very helpful.,positive,positive,0.4754,positive,0.9492005,0.006162474,0.044637036,0.9492005
31990,,4,very good and helpful,very good and helpful,en,0.9914782047271729,very good and helpful,neutral,positive,0.7397,positive,0.9626051,0.009046667,0.028348222,0.9626051
31991,,5,I like this application. Thank You,i like this application. thank you,en,0.8863039612770081,I like this application. Thank You,positive,positive,0.6124,positive,0.97266036,0.004307841,0.023031807,0.97266036
31992,,5,"very extraordinary, thank you","very extraordinary, thank you",en,0.9470255374908448,"very extraordinary, thank you",positive,positive,0.4173,positive,0.9684529,0.009216129,0.022330975,0.9684529
31993,,5,Cool and recommendation. That's it,cool and recommendation. that be it,en,0.923053503036499,Cool and recommendation. That's it,positive,positive,0.3182,positive,0.8463451,0.018695196,0.13495967,0.8463451
31994,,4,very good for beginners like me,very good for beginner like me,en,0.9757375121116638,very good for beginners like me,neutral,positive,0.6901,positive,0.96543026,0.0044443193,0.030125381,0.96543026
31995,,1,"The sample material is not there, you have to pay first","the sample material be not there, you have to pay first",en,0.9729487299919128,"The sample material is not there, you have to pay first",negative,neutral,-0.1027,neutral,0.5550922,0.42112032,0.5550922,0.023787413
31996,,1,Can't test 7 days directly told to pay ... dizzy like this,cannot test 7 day directly tell to pay. dizzy like this,en,0.9099995493888856,Can't test 7 days directly told to pay ... dizzy like this,negative,neutral,0.0516,negative,0.79426116,0.79426116,0.18917786,0.016561054
31997,,5,I hope I can quickly speak English,i hope i can quickly speak english,en,0.957660973072052,I hope I can quickly speak English,positive,positive,0.4404,positive,0.7609202,0.015294264,0.22378553,0.7609202
31998,,5,Happy to be able to study with Elsa ..,happy to be able to study with elsa.,en,0.94306880235672,Happy to be able to study with Elsa ..,positive,positive,0.5719,positive,0.96986604,0.0024103525,0.027723636,0.96986604
31999,,5,"The application is cool, very helpful","the application be cool, very helpful",en,0.9670458436012268,"The application is cool, very helpful",positive,positive,0.659,positive,0.9712089,0.006380164,0.02241094,0.9712089
32000,,5,feel really helped,feel really help,en,0.9907399415969848,feel really helped,positive,positive,0.4576,neutral,0.5272985,0.14563492,0.5272985,0.32706657
32001,,5,The application is very helpful to learn English,the application be very helpful to learn english,en,0.9470095038414,The application is very helpful to learn English,positive,positive,0.4754,positive,0.9409894,0.004754851,0.054255765,0.9409894
32002,,5,good hurry download,good hurry download,en,0.7718100547790527,good hurry download,positive,positive,0.4404,positive,0.8980969,0.012754199,0.08914889,0.8980969
32003,,5,The application is very helpful 👍,the application be very helpful 👍,en,0.9369878172874452,The application is very helpful 👍,positive,positive,0.4754,positive,0.9638472,0.005945042,0.03020776,0.9638472
32004,,5,This apk helps me speak English,this apk help me speak english,en,0.9208539128303528,This apk helps me speak English,positive,positive,0.4019,neutral,0.4662159,0.027177874,0.4662159,0.5066062
32005,,5,This application is very helpful,this application be very helpful,en,0.9503483772277832,This application is very helpful,positive,positive,0.4754,positive,0.952714,0.0058849053,0.041401044,0.952714
32006,,5,I am very happy even though it's hard to talk,i be very happy even though it be hard to talk,en,0.9898983240127563,I am very happy even though it's hard to talk,positive,positive,0.5563,positive,0.9217568,0.013572238,0.064671025,0.9217568
32007,,5,cool learning while playing games,cool learn while play game,en,0.8925482630729675,cool learning while playing games,positive,positive,0.5719,positive,0.7441381,0.009127933,0.24673396,0.7441381
32008,,4,interesting and help for beginners,interesting and help for beginner,en,0.9303698539733888,interesting and help for beginners,neutral,positive,0.6597,positive,0.8785459,0.010669665,0.110784516,0.8785459
32009,,5,good very useful,good very useful,en,0.9592864513397216,good very useful,positive,positive,0.7264,positive,0.93878627,0.014960613,0.04625317,0.93878627
32010,,5,Very useful for beginners,very useful for beginner,en,0.932914674282074,Very useful for beginners,positive,positive,0.4927,positive,0.9227423,0.008440623,0.068817005,0.9227423
32011,,5,It's fun to know using this application,it be fun to know use this application,en,0.8710676431655884,It's fun to know using this application,positive,positive,0.5106,positive,0.9026258,0.005257466,0.09211672,0.9026258
32012,,4,APK is very helpful for the development of my English,apk be very helpful for the development of my english,en,0.946962833404541,APK is very helpful for the development of my English,neutral,positive,0.4754,positive,0.91301477,0.0071189934,0.07986629,0.91301477
32013,,5,While I give a five -star Poll very helpful,while i give a five -star poll very helpful,en,0.9014204144477844,While I give a five -star Poll very helpful,positive,positive,0.4754,positive,0.9236663,0.007449097,0.06888459,0.9236663
32014,,5,Apk cool super duper,apk cool super duper,en,0.5227076411247253,Apk cool super duper,positive,positive,0.7351,positive,0.9109348,0.0083037745,0.08076143,0.9109348
32015,,5,"really cool ,, it won't lose","really cool, it will not lose",en,0.9874200224876404,"really cool ,, it won't lose",positive,positive,0.5928,positive,0.97633886,0.004980202,0.018680898,0.97633886
32016,,5,Good very interesting,good very interesting,en,0.9841976761817932,Good very interesting,positive,positive,0.7089,positive,0.94714475,0.010563628,0.042291593,0.94714475
32017,,5,"For the sake of whatever, the application is good","for the sake of whatever, the application be good",en,0.9132165312767028,"For the sake of whatever, the application is good",positive,positive,0.4404,positive,0.6525125,0.033581834,0.31390572,0.6525125
32018,,5,This application is very good I really like this application,this application be very good i really like this application,en,0.9720378518104552,This application is very good I really like this application,positive,positive,0.7391,positive,0.98476887,0.0043158205,0.010915252,0.98476887
32019,,5,the apps really help,the apps really help,en,0.9761251211166382,the apps really help,positive,positive,0.4576,positive,0.9109935,0.008080748,0.0809257,0.9109935
32020,,5,Huhh likes to be the same as the Apk Elsa so tmbh Bgus DH Speak English,huhh like to be the same as the apk elsa so tmbh bgus dh speak english,en,0.8236590623855591,Huhh likes to be the same as the Apk Elsa so tmbh Bgus DH Speak English,positive,positive,0.3612,neutral,0.73879135,0.025738638,0.73879135,0.23547004
32021,,5,I'm very satisfied using this application,i be very satisfied use this application,en,0.908743977546692,I'm very satisfied using this application,positive,positive,0.4754,positive,0.9715547,0.0037517312,0.024693599,0.9715547
32022,,3,"again learning later, if I will add the star","again learn later, if i will add the star",en,0.533785879611969,"again learning later, if I will add the star",neutral,neutral,0.0,neutral,0.84007907,0.022753006,0.84007907,0.13716792
32023,,5,Good apk fun fun,good apk fun fun,en,0.6131545305252075,Good apk fun fun,positive,positive,0.8591,positive,0.94848347,0.0058710366,0.045645453,0.94848347
32024,,5,good but paid the application,good but pay the application,en,0.963306725025177,good but paid the application,positive,neutral,0.09,neutral,0.45379668,0.18536292,0.45379668,0.3608404
32025,,5,"Uu really good app,","uu really good app,",en,0.9836326241493224,"Uuuuu really good app,",positive,positive,0.4927,positive,0.97143316,0.0072894357,0.021277381,0.97143316
32026,,5,Good ... really needed,good. really need,en,0.9970802664756776,Good ... really needed,positive,positive,0.4404,positive,0.83268255,0.026914038,0.14040343,0.83268255
32027,,5,Very good Elsa application ... very helpful,very good elsa application. very helpful,en,0.9748306274414062,Very good Elsa application ... very helpful,positive,positive,0.742,positive,0.9793647,0.0047122412,0.01592308,0.9793647
32028,,5,continue to be free so that Indonesia is all smart,continue to be free so that indonesia be all smart,en,0.7001249194145203,continue to be free so that Indonesia is all smart,positive,positive,0.7184,neutral,0.5537131,0.023139821,0.5537131,0.42314714
32029,,5,"Very helpful, thank you 🗿 👍","very helpful, thank you 🗿 👍",en,0.9638715386390686,"Very helpful, thank you 🗿👍",positive,positive,0.707,positive,0.97627604,0.006452692,0.017271213,0.97627604
32030,,4,This is the game like Sakura School Simulator or not,this be the game like sakura school simulator or not,en,0.8603436946868896,This is the game like Sakura School Simulator or not,neutral,positive,0.3612,neutral,0.8648924,0.07606932,0.8648924,0.05903825
32031,,5,Very good is very helpful,very good be very helpful,en,0.9929020404815674,Very good is very helpful,positive,positive,0.742,positive,0.9637033,0.009739743,0.026556984,0.9637033
32032,,5,The apk is really cool,the apk be really cool,en,0.9517416954040528,The apk is really cool,positive,positive,0.3804,positive,0.9300543,0.008540105,0.061405625,0.9300543
32033,,5,"good application, sir","good application, sir",en,0.9159677028656006,"good application, sir",positive,positive,0.4404,positive,0.94928217,0.012344541,0.0383733,0.94928217
32034,,5,Exciting and fun . 😄. Thanks Elsa,excite and fun. 😄. thanks elsa,en,0.8509776592254639,Exciting and fun .😄. Thanks Elsa,positive,positive,0.8519,positive,0.9904298,0.0021710405,0.007399147,0.9904298
32035,,5,"Thank you, this is very helpful","thank you, this be very helpful",en,0.9502831697463988,"Thank you, this is very helpful",positive,positive,0.6801,positive,0.9579234,0.015043355,0.027033305,0.9579234
32036,,5,cool apk,cool apk,en,0.514521062374115,cool apk,positive,positive,0.3182,neutral,0.5570761,0.051973455,0.5570761,0.39095044
32037,,5,I know this from Riview one of the flight attendants :),i know this from riview one of the flight attendant,en,0.92680162191391,I know this from Riview one of the flight attendants :),positive,neutral,0.0,neutral,0.88490826,0.0731789,0.88490826,0.04191287
32038,,4,I am very happy to be able to learn easily at Elsa Speak,i be very happy to be able to learn easily at elsa speak,en,0.9870855212211608,I am very happy to be able to learn easily at Elsa Speak,neutral,positive,0.7501,positive,0.94094515,0.0038747825,0.055180058,0.94094515
32039,,5,It's really cool to swear,it be really cool to swear,en,0.9855462312698364,It's really cool to swear,positive,neutral,0.2799,positive,0.8754243,0.017564487,0.10701121,0.8754243
32040,,5,Cool is very helpful,cool be very helpful,en,0.9432418346405028,Cool is very helpful,positive,positive,0.659,positive,0.917504,0.018547457,0.06394848,0.917504
32041,,5,quite helpful to pronounce phrases,quite helpful to pronounce phrase,en,0.9567378163337708,quite helpful to pronounce phrases,positive,positive,0.4754,positive,0.8676598,0.010119997,0.122220226,0.8676598
32042,,5,short gela dense and clearly different from the others,short gela dense and clearly different from the others,en,0.921862244606018,short gelaaa dense and clearly different from the others,positive,positive,0.4019,negative,0.76195985,0.76195985,0.22566667,0.0123735145
32043,,5,Learn at any time can,learn at any time can,en,0.95649915933609,Learn at any time can,positive,neutral,0.0,neutral,0.8187126,0.03234683,0.8187126,0.14894056
32044,,5,How cool ... Continue,how cool. continue,en,0.8600871562957764,How cool ... Continue,positive,positive,0.3182,positive,0.9680007,0.008147978,0.023851262,0.9680007
32045,,1,Please don't pay for free,please do not pay for free,en,0.7936776280403137,Please don't pay for free,negative,neutral,-0.0274,negative,0.64204216,0.64204216,0.3254464,0.032511495
32047,,5,Good ... can learn,good. can learn,en,0.976569890975952,Good ... can learn,positive,positive,0.4404,positive,0.8292262,0.021020947,0.14975289,0.8292262
32048,,5,very helpful to learn spikers,very helpful to learn spikers,en,0.9645270109176636,very helpful to learn spikers,positive,positive,0.4754,positive,0.94651014,0.0064163287,0.04707351,0.94651014
32049,,5,Very good for beginners.,very good for beginners.,en,0.9885879755020142,Very good for beginners.,positive,positive,0.4927,positive,0.9460245,0.003793009,0.050182555,0.9460245
32050,,5,Thank you Bang Eno Bening for recommending this.,thank you bang eno bening for recommend this.,en,0.8933009505271912,Thank you Bang Eno Bening for recommending this.,positive,positive,0.6124,positive,0.91682345,0.0077096256,0.075466976,0.91682345
32051,,5,very useful .. thank you,very useful. thank you,en,0.9799285531044006,very useful .. thank you,positive,positive,0.7159,positive,0.9647565,0.0076822955,0.027561171,0.9647565
32053,,4,Very good for me beginners,very good for me beginner,en,0.9696677923202516,Very good for me beginners,neutral,positive,0.4927,positive,0.96839505,0.0044273147,0.027177667,0.96839505
32054,,5,the application is really bags,the application be really bags,en,0.9627946019172668,the application is really bags,positive,neutral,0.0,neutral,0.648494,0.2356322,0.648494,0.11587378
32055,,4,I hope you can speak quickly,i hope you can speak quickly,en,0.9872395992279052,I hope you can speak quickly,neutral,positive,0.4404,neutral,0.54740554,0.031103995,0.54740554,0.4214905
32056,,1,Why can't I make payments for a 1 month package via OVO or funds?,why cannot i make payment for a 1 month package via ovo or funds?,en,0.8182692527770996,Why can't I make payments for a 1 month package via OVO or funds?,negative,neutral,0.0,negative,0.5140889,0.5140889,0.47116625,0.014744831
32057,,5,This Apk is amazing 🔥 🔥 🔥,this apk be amazing 🔥 🔥 🔥,en,0.5258516669273376,This Apk is amazing 🔥🔥🔥,positive,positive,0.5859,positive,0.98366565,0.0032212622,0.013113134,0.98366565
32058,,5,I swear this is really good !!!!,i swear this be really good!,en,0.9747708439826964,I swear this is really good !!!!,positive,positive,0.5081,positive,0.9793641,0.0034513334,0.017184613,0.9793641
32059,,5,Hopefully Elsa can make it easier for me to learn foreign languages ​​easily,hopefully elsa can make it easy for me to learn foreign language easily,en,0.9153741598129272,Hopefully Elsa can make it easier for me to learn foreign languages ​​easily,positive,positive,0.7906,positive,0.7266286,0.016692119,0.25667927,0.7266286
32060,,5,really good helping,really good help,en,0.9904970526695251,really good helping,positive,positive,0.7328,positive,0.9479332,0.011464661,0.040602136,0.9479332
32061,,1,Stuck in the logo after a day of studying at Elsa,stick in the logo after a day of study at elsa,en,0.9496440887451172,Stuck in the logo after a day of studying at Elsa,negative,neutral,0.0,neutral,0.9262595,0.013931532,0.9262595,0.05980895
32062,,1,"Just tried to obey if it's smooth, the Bhasasi Ful Bintang","just try to obey if it be smooth, the bhasasi ful bintang",en,0.5711609721183777,"Just tried to obey if it's smooth, the Bhasasi Ful Bintang",negative,neutral,0.0,neutral,0.700973,0.07867689,0.700973,0.22035009
32063,,5,APK is very helpful,apk be very helpful,en,0.9576380252838136,APK is very helpful,positive,positive,0.4754,positive,0.8841768,0.01573221,0.10009099,0.8841768
32064,,5,"Very exciting, helpful, cool","very exciting, helpful, cool",en,0.971516728401184,"Very exciting, helpful, cool",positive,positive,0.8456,positive,0.98482716,0.0043251407,0.010847691,0.98482716
32065,,5,"really good, and I like it.","really good, and i like it.",en,0.997694969177246,"really good, and I like it.",positive,positive,0.7146,positive,0.983612,0.002736267,0.013651751,0.983612
32066,,5,Very useful as well,very useful as well,en,0.9996760487556458,Very useful as well,positive,positive,0.6764,positive,0.9415381,0.0075162053,0.050945733,0.9415381
32067,,4,very good this application,very good this application,en,0.9784629344940186,very good this application,neutral,positive,0.4927,positive,0.97277087,0.008850192,0.018378932,0.97277087
32068,,2,good and helpful,good and helpful,en,0.9447348117828368,good and helpful,negative,positive,0.6908,positive,0.9129567,0.018578166,0.06846505,0.9129567
32069,,5,Very good for the sake of appa,very good for the sake of appa,en,0.9723231196403505,Very good for the sake of appaaaa,positive,positive,0.4927,positive,0.9763057,0.0034770204,0.020217301,0.9763057
32070,,5,really good si,really good si,en,0.9659793376922609,really good si,positive,positive,0.4927,positive,0.930837,0.010091529,0.05907147,0.930837
32071,,5,don't pay expensive,do not pay expensive,en,0.9414034485816956,don't pay expensive,positive,neutral,0.0762,negative,0.4771825,0.4771825,0.4505146,0.07230289
32072,,5,thank you very helpful for me,thank you very helpful for me,en,0.9627073407173156,thank you very helpful for me,positive,positive,0.6801,positive,0.97915727,0.005949456,0.014893305,0.97915727
32073,,5,Bags bgt is very helpful,bag bgt be very helpful,en,0.9466537833213806,Bagsss bgt is very helpful,positive,positive,0.4754,positive,0.86757916,0.014357766,0.11806308,0.86757916
32075,,4,This application is great for beginners like me,this application be great for beginner like me,en,0.8703809976577759,This application is great for beginners like me,neutral,positive,0.765,positive,0.96655524,0.004262783,0.02918195,0.96655524
32076,,5,"recommendations for those of you who are still noob, try it","recommendation for those of you who be still noob, try it",en,0.9585049748420716,"recommendations for those of you who are still noob, try it",positive,neutral,-0.0516,neutral,0.61955696,0.044488378,0.61955696,0.33595464
32077,,5,very helpful for those of you who don't have time for courses,very helpful for those of you who do not have time for course,en,0.9887510538101196,very helpful for those of you who don't have time for courses,positive,positive,0.4754,neutral,0.33247063,0.0334598,0.33247063,0.63406956
32078,,5,"Wow, it's really recommended. I really like it","wow, it be really recommended. i really like it",en,0.983611822128296,"Wow, it's really recommended. I really like it",positive,positive,0.8381,positive,0.9842957,0.0058075273,0.009896787,0.9842957
32079,,5,hi I'm learning English,hi i be learn english,en,0.5379251837730408,hi I'm learning English,positive,neutral,0.0,neutral,0.4106358,0.015859874,0.4106358,0.5735043
32080,,5,Very good for learning ❤️,very good for learn ❤,en,0.992198646068573,Very good for learning ❤️,positive,positive,0.4927,positive,0.9752642,0.005768324,0.018967513,0.9752642
32081,,5,very very helpful to this application,very very helpful to this application,en,0.991993486881256,very very helpful to this application,positive,positive,0.5222,positive,0.96240747,0.0056170705,0.03197543,0.96240747
32082,,1,Told to pay carefully the users,tell to pay carefully the user,en,0.9918933510780334,Told to pay carefully the users,negative,neutral,0.0258,neutral,0.7955685,0.14091712,0.7955685,0.06351434
32083,,3,Paying turned out to be expensive again,pay turn out to be expensive again,en,0.9529985785484314,Paying turned out to be expensive again,neutral,neutral,-0.1027,negative,0.7211598,0.7211598,0.25851423,0.020326013
32084,,5,Download this after seeing the video Eno Bening Haha,download this after see the video eno bening haha,en,0.8410931825637817,Download this after seeing the video Eno Bening Haha,positive,positive,0.4588,neutral,0.8020832,0.013782841,0.8020832,0.18413398
32087,,4,expensive price for paid,expensive price for paid,en,0.9858086109161376,expensive price for paid,neutral,neutral,0.0,negative,0.6005058,0.6005058,0.34756854,0.05192558
32088,,5,I hope you can speak English,i hope you can speak english,en,0.9640933871269226,I hope you can speak English,positive,positive,0.4404,neutral,0.3887835,0.018164285,0.3887835,0.59305215
32089,,5,Thank you for the guidance,thank you for the guidance,en,0.8153020143508911,Thank you for the guidance,positive,positive,0.3612,positive,0.93111545,0.0062896037,0.06259501,0.93111545
32090,,5,Very helpful thank you 😍,very helpful thank you 😍,en,0.973189115524292,Very helpful thank you😍,positive,positive,0.707,positive,0.978576,0.007432972,0.013990969,0.978576
32091,,2,while 2 stars first,while 2 star first,en,0.6846576929092407,while 2 stars first,negative,neutral,0.0,neutral,0.8459419,0.01745173,0.8459419,0.13660637
32092,,5,"Where can you redeem the code, how come I finished the list?","where can you redeem the code, how come i finish the list?",en,0.8107923269271851,"Where can you redeem the code, how come I finished the list?",positive,neutral,0.0,neutral,0.80071694,0.17318892,0.80071694,0.026094096
32093,,5,This apk helps me study,this apk help me study,en,0.855825662612915,This apk helps me study,positive,positive,0.4019,neutral,0.4369832,0.02497959,0.4369832,0.5380372
32094,,5,good baget for beginners,good baget for beginner,en,0.753372848033905,good baget for beginners,positive,positive,0.4404,positive,0.7809904,0.015014752,0.20399484,0.7809904
32095,,5,training to become tourists abroad,training to become tourist abroad,en,0.9925683736801147,training to become tourists abroad,positive,neutral,0.0,neutral,0.8819893,0.048627824,0.8819893,0.069382824
32096,,5,good really this is an oath 💟 😫 👍,good really this be an oath 💟 😫 👍,en,0.8849631547927856,good really this is an oath 💟😫👍,positive,positive,0.4404,positive,0.97055006,0.0074309227,0.02201903,0.97055006
32097,,4,"Like, there are ways to fix it","like, there be way to fix it",en,0.8930169939994812,"Like, there are ways to fix it",neutral,positive,0.3612,negative,0.6255056,0.6255056,0.34625998,0.028234376
32098,,5,"made it easier, I like it","make it easier, i like it",en,0.75877845287323,"made it easier, I like it",positive,positive,0.6486,positive,0.890945,0.010234001,0.09882096,0.890945
32100,,5,great fun study here,great fun study here,en,0.7144178748130798,great fun study here,positive,positive,0.8126,positive,0.9761209,0.0059816577,0.01789745,0.9761209
32101,,5,Training me to make smarter,train me to make smarter,en,0.8617597222328186,Training me to make smarter,positive,positive,0.4588,neutral,0.65500325,0.071327575,0.65500325,0.27366924
32103,,5,really good the application,really good the application,en,0.9729223251342772,really good the application,positive,positive,0.4927,positive,0.9659414,0.009327592,0.02473105,0.9659414
32104,,5,"Talking not to be covered 😂 must eat a lot of pizza on the light, so it is smooth","talk not to be cover 😂 must eat a lot of pizza on the light, so it be smooth",en,0.9746328592300416,"Talking not to be covered 😂 must eat a lot of pizza on the light, so it is smooth",positive,neutral,0.0,neutral,0.5870105,0.075970426,0.5870105,0.3370191
32105,,4,Still try it first ... the application is paid.,still try it first. the application be paid.,en,0.9537662863731384,Still try it first ... the application is paid.,neutral,neutral,0.0,neutral,0.81559277,0.070214234,0.81559277,0.11419302
32106,,5,"cool, oath, really bad","cool, oath, really bad",en,0.9791972041130066,"cool, oath, really bad",positive,negative,-0.3597,negative,0.4522266,0.4522266,0.4242795,0.12349389
32107,,4,because it is very easy to understand,because it be very easy to understand,en,0.9801651239395142,because it is very easy to understand,neutral,positive,0.4927,positive,0.70661587,0.018080449,0.27530366,0.70661587
32108,,5,Exclaimed the learning,exclaim the learning,en,0.7129090428352356,Exclaimed the learning,positive,neutral,0.0,neutral,0.5807531,0.020201486,0.5807531,0.39904535
32109,,5,really good I like it,really good i like it,en,0.9890629053115844,really good I like it,positive,positive,0.7159,positive,0.9788168,0.004178264,0.017004883,0.9788168
32110,,5,"Very good, I like it","very good, i like it",en,0.9873013496398926,"Very good, I like it",positive,positive,0.7159,positive,0.9817246,0.0037166062,0.014558735,0.9817246
32111,,5,the application is complete complete,the application be complete complete,en,0.6561022996902466,the application is complete complete,positive,neutral,0.0,neutral,0.3782992,0.01248546,0.3782992,0.6092154
32112,,5,"Please Elsa, teach me more.","please elsa, teach me more.",en,0.8667521476745605,"Please Elsa, teach me more.",positive,positive,0.3182,neutral,0.5198569,0.058434792,0.5198569,0.4217083
32113,,5,"Woow, good application. Thank You","woow, good application. thank you",en,0.8731415867805481,"Woowww, good application. Thank You",positive,positive,0.6597,positive,0.9806387,0.005456439,0.013904879,0.9806387
32114,,4,Really good for those who want to learn,really good for those who want to learn,en,0.995977520942688,Really good for those who want to learn,neutral,positive,0.5413,positive,0.9565162,0.0041742567,0.03930958,0.9565162
32115,,5,Very helpful: D.,very helpful d.,en,0.9538112282752992,Very helpful: D.,positive,positive,0.4754,positive,0.9423505,0.012407725,0.04524177,0.9423505
32116,,5,I think the application is pretty good,i think the application be pretty good,en,0.956224799156189,I think the application is pretty good,positive,positive,0.7269,positive,0.92402583,0.006839653,0.06913444,0.92402583
32117,,5,This really cool application,this really cool application,en,0.9576165080070496,This really cool application,positive,positive,0.3804,positive,0.97169435,0.008974862,0.01933084,0.97169435
32119,,1,Very like the application 😍 😍 😍,very like the application 😍 😍 😍,en,0.9891416430473328,Very like the application 😍😍😍,negative,positive,0.4201,positive,0.98369944,0.0029367148,0.0133638885,0.98369944
32120,,5,exciting and fun,excite and fun,en,0.8905943036079407,exciting and fun,positive,positive,0.7506,positive,0.9780713,0.0034525807,0.018476214,0.9780713
32121,,5,"Really good apk, great","really good apk, great",en,0.9785590767860411,"Really good apk, great",positive,positive,0.8204,positive,0.9839754,0.0043832283,0.011641339,0.9839754
32122,,5,"Exciting, this is a good application","exciting, this be a good application",en,0.879734456539154,"Exciting, this is a good application",positive,positive,0.7269,positive,0.98493576,0.004506892,0.010557329,0.98493576
32123,,5,The application is very helpful 🙇‍ ♀️,the application be very helpful 🙇 ♀,en,0.922327160835266,The application is very helpful🙇‍♀️,positive,positive,0.4754,positive,0.9586058,0.006517353,0.034876827,0.9586058
32124,,1,Have to pay it turns out from the start,have to pay it turn out from the start,en,0.9867321252822876,Have to pay it turns out from the start,negative,neutral,-0.1027,neutral,0.7405908,0.20093383,0.7405908,0.058475364
32125,,5,I learned a lot today,i learn a lot today,en,0.946304202079773,I learned a lot today,positive,neutral,0.0,positive,0.9696661,0.0045813005,0.025752516,0.9696661
32126,,5,"no comment, why not from the first I know this ai","no comment, why not from the first i know this ai",en,0.9053831100463868,"no comment, why not from the first I know this ai",positive,negative,-0.296,negative,0.49355796,0.49355796,0.49237677,0.014065273
32127,,4,good but paid 👍,good but pay 👍,en,0.9806228876113892,good but paid 👍,neutral,neutral,0.09,positive,0.9327344,0.014106444,0.053159222,0.9327344
32128,,1,"Damn, the fund is cut, not to use it again","damn, the fund be cut, not to use it again",en,0.8304498791694641,"Damn, the fund is cut, not to use it again",negative,negative,-0.5859,negative,0.92997366,0.92997366,0.06462176,0.0054046283
32129,,5,very easy application,very easy application,en,0.9679135084152222,very easy application,positive,positive,0.4927,positive,0.8568585,0.022546802,0.120594695,0.8568585
32130,,5,very helpful. Thank you Elsa Speak!,very helpful. thank you elsa speak!,en,0.9754154086112976,very helpful. Thank you Elsa Speak!,positive,positive,0.7322,positive,0.9793129,0.0052740583,0.015413051,0.9793129
32131,,5,great application ... cool,great application. cool,en,0.7836087942123413,great application ... cool,positive,positive,0.7506,positive,0.97508335,0.008267872,0.016648738,0.97508335
32132,,5,Mantul. if it's free to sell well,mantul. if it be free to sell well,en,0.564581036567688,Mantul. if it's free to sell well,positive,positive,0.6597,neutral,0.6787697,0.030187387,0.6787697,0.2910429
32133,,5,Very good I swear asik,very good i swear asik,en,0.9672811031341552,Very good I swear asiiikkkk,positive,positive,0.4048,positive,0.97039604,0.0049626306,0.024641292,0.97039604
32134,,5,"just learned just try, hopefully it's free in the future","just learn just try, hopefully it be free in the future",en,0.9489142894744872,"just learned just try, hopefully it's free in the future",positive,positive,0.7184,positive,0.84534806,0.014002716,0.1406492,0.84534806
32135,,5,Very great ... This app helps to say English properly. For those who say how come it's hard ... it can't be understood ... this is actually to love English.,very great. this app help to say english properly. for those who say how come it be hard. it cannot be understood. this be actually to love english.,en,0.9471167922019958,Very great ... This app helps to say English properly. For those who say how come it's hard ... it can't be understood ... this is actually to love English.,positive,positive,0.8977,positive,0.8917568,0.039470587,0.06877261,0.8917568
32136,,5,very good. If it can be free,very good. if it can be free,en,0.9201679229736328,very good. If it can be free,positive,positive,0.7574,positive,0.9670833,0.00489525,0.028021442,0.9670833
32137,,4,"The application is very good,","the application be very good,",en,0.9583209156990052,"The application is very good,",neutral,positive,0.4927,positive,0.9634376,0.0061410055,0.030421374,0.9634376
32138,,4,really good !!!!!!!!!!!!!!!!! ¡!!!!!!!!,really good! !,en,0.9882121682167052,really good !!!!!!!!!!!!!!!!! ¡!!!!!!!!,neutral,positive,0.5827,positive,0.9802696,0.0037876323,0.015942749,0.9802696
32140,,3,for now 3 stars first,for now 3 star first,en,0.8290119767189026,for now 3 stars first,neutral,neutral,0.0,neutral,0.8707784,0.015746646,0.8707784,0.113474905
32141,,5,the apk is good,the apk be good,en,0.6433011889457703,the apk is good,positive,positive,0.4404,positive,0.79748374,0.017068662,0.18544759,0.79748374
32142,,5,: ') The application is really good.,the application be really good.,en,0.9691984057426452,: ') The application is really good.,positive,positive,0.4927,positive,0.96072227,0.00487724,0.03440052,0.96072227
32143,,5,Very very communicative,very very communicative,en,0.9956012964248656,Very very communicative,positive,neutral,0.0,neutral,0.6325158,0.02598859,0.6325158,0.34149563
32145,,5,Like having a private teacher,like have a private teacher,en,0.9932668209075928,Like having a private teacher,positive,positive,0.3612,neutral,0.71140194,0.17090872,0.71140194,0.117689334
32146,,5,very exciting and helpful,very exciting and helpful,en,0.9861708879470824,very exciting and helpful,positive,positive,0.762,positive,0.9808209,0.0054053366,0.013773747,0.9808209
32147,,5,The apk is really cool ....,the apk be really cool.,en,0.975072741508484,The apk is really cool ....,positive,positive,0.3804,positive,0.9538437,0.0057715494,0.04038477,0.9538437
32148,,5,Not bad for free features,not bad for free feature,en,0.6982767581939697,Not bad for free features,positive,neutral,0.0382,positive,0.68843955,0.018776491,0.29278398,0.68843955
32149,,5,Help and free,help and free,en,0.8817737698554993,Help and free,positive,positive,0.7184,neutral,0.55783963,0.043500707,0.55783963,0.39865968
32150,,5,a pleasant apk,a pleasant apk,en,0.7908267974853516,a pleasant apk,positive,positive,0.5106,positive,0.85159105,0.027081372,0.12132753,0.85159105
32151,,5,"Good, cool. Recommended","good, cool. recommend",en,0.8916139006614685,"Good, cool. Recommended",positive,positive,0.7717,positive,0.96587,0.007640485,0.026489487,0.96587
32152,,1,What do I download this application if my own husband is Awokawok,what do i download this application if my own husband be awokawok,en,0.7810741066932678,What do I download this application if my own husband is Awokawok,negative,neutral,0.0,neutral,0.6905602,0.27175412,0.6905602,0.03768564
32153,,5,"Help really this apk if you can give me 1000 stars, gave me a star","help really this apk if you can give me 1000 stars, give me a star",en,0.9008191227912904,"Help really this apk if you can give me 1000 stars, gave me a star",positive,positive,0.4019,neutral,0.47215527,0.07762346,0.47215527,0.4502213
32154,,5,to learn good bingit,to learn good bingit,en,0.8787157535552979,to learn good bingit,positive,positive,0.4404,neutral,0.49441776,0.04341685,0.49441776,0.4621654
32155,,2,Bismillah can speak English,bismillah can speak english,en,0.9248774647712708,Bismillah can speak English,negative,neutral,0.0,neutral,0.36849383,0.010719868,0.36849383,0.62078625
32156,,5,Good sii but pay,good sii but pay,en,0.9415405988693236,Good sii but pay,positive,neutral,0.09,neutral,0.39830676,0.19083671,0.39830676,0.41085657
32157,,5,"Great, anyway","great, anyway",en,0.9512337446212769,"Great, anyway",positive,positive,0.6249,positive,0.94393873,0.009775479,0.046285816,0.94393873
32158,,5,Come here because of Bella,come here because of bella,en,0.9165052175521852,Come here because of Bella,positive,neutral,0.0,neutral,0.67843014,0.044519376,0.67843014,0.27705055
32159,,5,"Good, very helpful","good, very helpful",en,0.9800260663032532,"Good, very helpful",positive,positive,0.7178,positive,0.9570162,0.011671576,0.031312175,0.9570162
32160,,5,great hopefully can help me,great hopefully can help me,en,0.9371681213378906,great hopefully can help me,positive,positive,0.8591,positive,0.9667554,0.0057493025,0.027495313,0.9667554
32161,,1,Paid advertisements annoying,pay advertisement annoy,en,0.9018191695213318,Paid advertisements annoying,negative,negative,-0.5106,negative,0.7296819,0.7296819,0.23920816,0.031109868
32162,,5,Cool hopefully can be good,cool hopefully can be good,en,0.9061046242713928,Cool hopefully can be good,positive,positive,0.7845,positive,0.9703589,0.0045396257,0.025101474,0.9703589
32163,,1,Bad not according to expectations,bad not accord to expectation,en,0.8009666204452515,Bad not according to expectations,negative,negative,-0.5423,negative,0.589416,0.589416,0.34557316,0.065010786
32164,,5,I swear to help this,i swear to help this,en,0.9684717655181884,I swear to help this,positive,positive,0.3612,negative,0.45816964,0.45816964,0.3621453,0.17968506
32165,,3,I'll give you 3 stars first because you started,i will give you 3 star first because you start,en,0.8994966745376587,I'll give you 3 stars first because you started,neutral,neutral,0.0,neutral,0.59508824,0.009212241,0.59508824,0.39569947
32166,,5,Really good gookil,really good gookil,en,0.9662576913833618,Really good gookiiil,positive,positive,0.4927,positive,0.9339773,0.010989786,0.05503287,0.9339773
32167,,1,"I stuck loading, can't do anything","i stick loading, cannot do anything",en,0.9543448686599731,"I stuck loading, can't do anything",negative,neutral,0.0,negative,0.87411547,0.87411547,0.114136554,0.011748023
32168,,5,I can speak Mandarin,i can speak mandarin,en,0.9143674373626708,I can speak Mandarin,positive,neutral,0.0,neutral,0.57457966,0.012426311,0.57457966,0.41299397
32169,,1,already paid 1 million for 1 year knowing to pay again,already pay 1 million for 1 year know to pay again,en,0.9710851907730104,already paid 1 million for 1 year knowing to pay again,negative,negative,-0.2023,neutral,0.59343916,0.3052007,0.59343916,0.10136012
32170,,5,Very useful to practice English 👍 👍,very useful to practice english 👍 👍,en,0.925800323486328,Very useful to practice English 👍👍,positive,positive,0.4927,positive,0.97092414,0.003201731,0.02587413,0.97092414
32171,,5,Ny good application really,ny good application really,en,0.9582539200782776,Ny good application really,positive,positive,0.4404,positive,0.92582643,0.0153530035,0.058820505,0.92582643
32172,,5,Thank you very helpful 😊,thank you very helpful 😊,en,0.9629104137420654,Thank you very helpful 😊,positive,positive,0.6801,positive,0.9678171,0.011397968,0.020784892,0.9678171
32173,,5,This application is very helpful 🙏 🙏 😊 😊,this application be very helpful 🙏 🙏 😊 😊,en,0.9199015498161316,This application is very helpful 🙏🙏😊😊,positive,positive,0.4754,positive,0.97165823,0.00463479,0.023707028,0.97165823
32174,,5,great application is really recommended,great application be really recommended,en,0.9446825981140136,great application is really recommended,positive,positive,0.7346,positive,0.9625524,0.013028836,0.024418691,0.9625524
32175,,5,"Just tried, pretty cool so far","just tried, pretty cool so far",en,0.6254311800003052,"Just tried, pretty cool so far",positive,positive,0.6705,positive,0.96783835,0.00384501,0.028316619,0.96783835
32176,,5,Like banget. Thanks,like banget. thanks,en,0.7103937864303589,Like bangeeeet. Thanks,positive,positive,0.6597,neutral,0.38395816,0.024720995,0.38395816,0.5913209
32177,,5,Really okay for learning,really okay for learn,en,0.9897782802581788,Really okay for learning,positive,neutral,0.2944,positive,0.84199184,0.0130409915,0.14496714,0.84199184
32178,,5,APK helps,apk help,en,0.6052044630050659,APK helps,positive,positive,0.4019,neutral,0.513479,0.38006958,0.513479,0.10645141
32179,,5,great very useful,great very useful,en,0.9517121911048888,great very useful,positive,positive,0.807,positive,0.9508819,0.016024083,0.033094037,0.9508819
32180,,5,Amazing helps,amazing help,en,0.7352447509765625,Amazing helps,positive,positive,0.7579,positive,0.9408824,0.010725822,0.048391823,0.9408824
32181,,5,good even though pay,good even though pay,en,0.9877683520317078,good even though pay,positive,positive,0.3612,positive,0.7292498,0.051978964,0.21877132,0.7292498
32182,,5,Unfortunately the application is paid,unfortunately the application be pay,en,0.9394397139549256,Unfortunately the application is paid,positive,negative,-0.4215,negative,0.79870147,0.79870147,0.18767577,0.013622704
32183,,5,Very useful and good. 👍 👍 👍 👍 👍criptions,very useful and good. 👍 👍 👍 👍 👍criptions,en,0.8673169016838074,Very useful and good. 👍👍👍👍👍criptions,positive,positive,0.7474,positive,0.9768098,0.0049093845,0.018280787,0.9768098
32184,,5,very teaching skali,very teach skali,en,0.98192036151886,very teaching skali,positive,neutral,0.0,neutral,0.6785005,0.06006849,0.6785005,0.26143104
32185,,5,"I like it, I just have to pay hh","i like it, i just have to pay hh",en,0.992528200149536,"I like it, I just have to pay hh",positive,neutral,0.2732,positive,0.87298,0.00860525,0.11841475,0.87298
32186,,4,cool this is an application,cool this be an application,en,0.7760167121887207,cool this is an application,neutral,positive,0.3182,neutral,0.43810248,0.030606836,0.43810248,0.53129065
32187,,5,Exciting and not bored,excite and not bore,en,0.94001442193985,Exciting and not bored,positive,positive,0.5913,positive,0.8864742,0.020845577,0.092680216,0.8864742
32188,,2,rather difficult in pronunciation,rather difficult in pronunciation,en,0.9394951462745668,rather difficult in pronunciation,negative,negative,-0.3612,negative,0.5474856,0.5474856,0.42323083,0.029283604
32189,,5,I really like this apk,i really like this apk,en,0.9822025299072266,I really like this apk,positive,positive,0.4201,positive,0.97862077,0.0042002075,0.017178982,0.97862077
32190,,3,I was forced to download this apk for the sake of clap coin,i be force to download this apk for the sake of clap coin,en,0.8523603081703186,I was forced to download this apk for the sake of clap coin,neutral,neutral,0.0,neutral,0.5230019,0.34094015,0.5230019,0.13605796
32191,,5,How much do you want to pay for paying?,how much do you want to pay for paying?,en,0.997250199317932,How much do you want to pay for paying?,positive,neutral,-0.0258,neutral,0.9191488,0.044932712,0.9191488,0.03591848
32192,,5,Crazy really cool,crazy really cool,en,0.9478576183319092,Crazy really cool,positive,neutral,0.0498,positive,0.94826645,0.00982595,0.041907582,0.94826645
32193,,5,Bagakss bgtt for beginners,bagakss bgtt for beginner,en,0.6648739576339722,Bagakss bgtt for beginners,positive,neutral,0.0,neutral,0.7176462,0.07417844,0.7176462,0.20817539
32194,,5,"Alhamdulillah, very helpful","alhamdulillah, very helpful",en,0.8791743516921997,"Alhamdulillah, very helpful",positive,positive,0.4754,positive,0.9466567,0.0148579795,0.038485304,0.9466567
32196,,4,This application is also good,this application be also good,en,0.9751341342926024,This application is also good,neutral,positive,0.4404,positive,0.92337084,0.0069559766,0.069673136,0.92337084
32197,,5,the application is cool 👍 great,the application be cool 👍 great,en,0.7321851849555969,the application is cool 👍 great,positive,positive,0.7506,positive,0.9773582,0.0039799614,0.0186618,0.9773582
32198,,5,OK for beginner good,ok for beginner good,en,0.893487811088562,OK for beginner good,positive,positive,0.6249,neutral,0.4579129,0.046989426,0.4579129,0.49509767
32199,,3,Good and cool,good and cool,en,0.9265653491020204,Good and cool,neutral,positive,0.6369,positive,0.9237384,0.010774432,0.06548711,0.9237384
32200,,5,greatly helped by AI,greatly help by ai,en,0.9896191358566284,greatly helped by AI,positive,positive,0.4576,positive,0.95439094,0.008147129,0.037461877,0.95439094
32201,,5,pretty fun,pretty fun,en,0.7107602953910828,pretty fun,positive,positive,0.7579,positive,0.9182663,0.012174138,0.06955952,0.9182663
32202,,5,"Nice, I like this application 😍","nice, i like this application 😍",en,0.9110414385795592,"Nice, I like this application 😍",positive,positive,0.6486,positive,0.98192143,0.0056365654,0.012441994,0.98192143
32203,,5,Very good very helpful,very good very helpful,en,0.9967223405838012,Very good very helpful,positive,positive,0.7615,positive,0.9710458,0.008909121,0.020045074,0.9710458
32204,,5,the best application ..,the best application.,en,0.7597498893737793,the best application ..,positive,positive,0.6369,positive,0.94937575,0.006684405,0.04393989,0.94937575
32205,,5,Bismillah ... just want to try ... hopefully not disappointing ... Mahaiin,bismillah. just want to try. hopefully not disappointing. mahaiin,en,0.9644733667373656,Bismillah ... just want to try ... hopefully not disappointing ... Mahaiin,positive,positive,0.6836,positive,0.83569235,0.020663597,0.14364402,0.83569235
32206,,1,AI has a problem,ai have a problem,en,0.9697065949440002,AI has a problem,negative,negative,-0.4019,neutral,0.62933296,0.3310949,0.62933296,0.03957221
32207,,5,Very good application 👍 👍 👍,very good application 👍 👍 👍,en,0.9582334756851196,Very good application 👍👍👍,positive,positive,0.4927,positive,0.9784279,0.00568318,0.015888918,0.9784279
32208,,5,really help the application,really help the application,en,0.971487283706665,really help the application,positive,positive,0.4576,neutral,0.32761577,0.030908715,0.32761577,0.64147544
32209,,5,Very helpful ☺️,very helpful ☺,en,0.9851599335670472,Very helpful ☺️,positive,positive,0.4754,positive,0.9419812,0.016739152,0.04127972,0.9419812
32210,,5,Good and Siipps. Caui Awawarna.,good and siipps. caui awawarna.,en,0.7325357794761658,Good and Siipps. Caui Awawarna.,positive,positive,0.4404,positive,0.8394469,0.015199961,0.14535317,0.8394469
32211,,5,Thanks very helpful,thanks very helpful,en,0.9863433241844176,Thanks very helpful,positive,positive,0.7178,positive,0.9446319,0.019186947,0.03618115,0.9446319
32212,,5,really cool application ny,really cool application ny,en,0.9273089170455932,really cool application ny,positive,positive,0.3804,positive,0.96264577,0.009597179,0.027757067,0.96264577
32214,,5,help to fill free time,help to fill free time,en,0.6281951665878296,help to fill free time,positive,positive,0.7184,neutral,0.74994963,0.04090705,0.74994963,0.20914336
32215,,5,with Elsa Speaking I can learn from the beginning and hopefully there is an Elsa Speaking Pro which is free a month,with elsa speak i can learn from the beginning and hopefully there be an elsa speaking pro which be free a month,en,0.9407820105552672,with Elsa Speaking I can learn from the beginning and hopefully there is an Elsa Speaking Pro which is free a month,positive,positive,0.7184,positive,0.79293436,0.005499571,0.20156603,0.79293436
32216,,5,the application is goodave,the application be goodave,en,0.6743337512016296,the application is goodave,positive,neutral,0.0,positive,0.7179347,0.02806899,0.25399625,0.7179347
32217,,5,good really,good really,en,0.9964296221733092,good really,positive,positive,0.4404,positive,0.9164996,0.016149217,0.06735123,0.9164996
32219,,5,Very good useful,very good useful,en,0.9592864513397216,Very good useful,positive,positive,0.7485,positive,0.95130485,0.0106040845,0.038091104,0.95130485
32220,,5,"Very good, helpful","very good, helpful",en,0.9800260663032532,"Very good, helpful",positive,positive,0.7408,positive,0.96851987,0.007951296,0.023528805,0.96851987
32221,,5,Very helpful 🥰 ❤️,very helpful 🥰 ❤,en,0.9786419868469238,Very helpful 🥰❤️,positive,positive,0.4754,positive,0.97542894,0.008047584,0.01652352,0.97542894
32222,,5,Sumpah cool after the application,sumpah cool after the application,en,0.7891287207603455,Sumpaaahhh cool after the application,positive,positive,0.3182,positive,0.65308106,0.01394765,0.33297127,0.65308106
32223,,4,good. But if paid,good. but if pay,en,0.9468835592269896,good. But if paid,neutral,neutral,0.09,neutral,0.37935552,0.074683875,0.37935552,0.5459606
32224,,5,"exclaimed, really okay","exclaimed, really okay",en,0.9369571805000304,"exclaimed, really okay",positive,neutral,0.2944,positive,0.7159953,0.013058474,0.27094623,0.7159953
32225,,1,Very not good,very not good,en,0.9941378235816956,Very not good,negative,negative,-0.3988,negative,0.85238266,0.85238266,0.1261828,0.021434579
32226,,5,I am very happy to be able to study at this Elsa APK,i be very happy to be able to study at this elsa apk,en,0.9762219190597534,I am very happy to be able to study at this Elsa APK,positive,positive,0.6115,positive,0.9533807,0.003378924,0.043240335,0.9533807
32227,,3,Try first if it's good and then adding stars again,try first if it be good and then add star again,en,0.6521174311637878,Try first if it's good and then adding stars again,neutral,positive,0.4404,positive,0.65265787,0.017828537,0.32951364,0.65265787
32228,,5,Apk Nia is very good,apk nia be very good,en,0.9160271883010864,Apk Nia is very good,positive,positive,0.4927,positive,0.8558369,0.009650585,0.13451245,0.8558369
32229,,4,Steady to learn ..,steady to learn.,en,0.911238133907318,Steady to learn ..,neutral,neutral,0.0,neutral,0.4279876,0.0154239815,0.4279876,0.5565884
32231,,5,The apk is cool,the apk be cool,en,0.5123318433761597,The apk is cool,positive,positive,0.3182,positive,0.73579025,0.018439375,0.2457704,0.73579025
32232,,5,"really cool apk,","really cool apk,",en,0.973891019821167,"really cool apk,",positive,positive,0.3804,positive,0.95934546,0.010008786,0.030645693,0.95934546
32233,,4,good interesting,good interesting,en,0.9004501700401306,good interesting,neutral,positive,0.6808,positive,0.866579,0.01661763,0.11680333,0.866579
32234,,5,This application is very cool,this application be very cool,en,0.946472942829132,This application is very cool,positive,positive,0.3804,positive,0.9753862,0.0042126696,0.020401128,0.9753862
32235,,4,Here because of Kasitau Bocil Tiktok,here because of kasitau bocil tiktok,en,0.6891737580299377,Here because of Kasitau Bocil Tiktok,neutral,neutral,0.0,neutral,0.7661292,0.17174886,0.7661292,0.062122043
32236,,5,Exciting .. clearly my shortcomings so I know what to fix,exciting. clearly my shortcoming so i know what to fix,en,0.9315701127052308,Exciting .. clearly my shortcomings so I know what to fix,positive,positive,0.7096,positive,0.96453255,0.005383715,0.03008369,0.96453255
32237,,5,"OK, satisfied with the apk","ok, satisfy with the apk",en,0.8964430093765259,"OK, satisfied with the apk",positive,positive,0.6369,neutral,0.6913699,0.076055326,0.6913699,0.23257478
32238,,5,exclaimed the learning application,exclaim the learning application,en,0.7987147569656372,exclaimed the learning application,positive,neutral,0.0,neutral,0.8088179,0.03004869,0.8088179,0.16113344
32239,,1,"Paid ,, up first","paid, up first",en,0.9546423554420472,"Paid ,, up first",negative,neutral,0.0,neutral,0.69543046,0.046416365,0.69543046,0.25815323
32240,,5,just started the first time,just start the first time,en,0.8610919713973999,just started the first time,positive,neutral,0.0,neutral,0.7795633,0.048000805,0.7795633,0.17243585
32241,,1,This application is extraordinary,this application be extraordinary,en,0.7692590355873108,This application is extraordinary,negative,neutral,0.0,positive,0.8748379,0.019141577,0.10602055,0.8748379
32242,,5,"Good, help","good, help",en,0.8416436910629272,"Good, help",positive,positive,0.6808,neutral,0.468503,0.2257876,0.468503,0.3057094
32243,,5,This year from Youtube Sacha Stevenson .. Very helpful .. ^^,this year from youtube sacha stevenson. very helpful.,en,0.8818550109863281,This year from Youtube Sacha Stevenson .. Very helpful .. ^^,positive,positive,0.4754,positive,0.9650662,0.0025107854,0.032423012,0.9650662
32244,,5,cool for learning,cool for learn,en,0.8822937607765198,cool for learning,positive,positive,0.3182,positive,0.8431642,0.014895476,0.14194033,0.8431642
32245,,5,Gg thanks to Elsa Speak I don't have a hard time playing the game MMORPG,gg thanks to elsa speak i do not have a hard time play the game mmorpg,en,0.9127252101898192,Gg thanks to Elsa Speak I don't have a hard time playing the game MMORPG,positive,positive,0.778,positive,0.8998511,0.011567117,0.08858176,0.8998511
32246,,5,Very helpful ... 👍🏻 👍🏻,very helpful. 👍 👍,en,0.9951151609420776,Very helpful ...👍🏻👍🏻,positive,positive,0.4754,positive,0.9669166,0.007881111,0.025202235,0.9669166
32247,,5,The application is great to help,the application be great to help,en,0.9074702262878418,The application is great to help,positive,positive,0.7783,positive,0.96022576,0.0050875857,0.034686696,0.96022576
32248,,5,The application is very good 👍,the application be very good 👍,en,0.954711139202118,The application is very good 👍,positive,positive,0.4927,positive,0.97283494,0.0052824314,0.021882612,0.97283494
32249,,5,Bagus Really Woi,bagus really woi,en,0.827466607093811,Bagussssss Really Woiiiiii,positive,neutral,0.0,neutral,0.77530766,0.12703069,0.77530766,0.09766159
32250,,5,I swear it's good.,i swear it be good.,en,0.9360681772232056,I swear it's good.,positive,positive,0.4019,positive,0.8579866,0.021719014,0.120294355,0.8579866
32251,,5,Good. MANDATORY DOWNLOAD,good. mandatory download,en,0.6901955008506775,Good. MANDATORY DOWNLOAD,positive,positive,0.4939,positive,0.7976512,0.01770867,0.18464012,0.7976512
32252,,1,Because I'm confused using it,because i be confuse use it,en,0.6432335376739502,Because I'm confused using it,negative,negative,-0.2263,negative,0.57381284,0.57381284,0.3966164,0.029570695
32253,,5,The application I was looking for !! Work!,the application i be look for! work!,en,0.8261793851852417,The application I was looking for !! Work!,positive,neutral,0.0,neutral,0.3637374,0.015181302,0.3637374,0.6210813
32254,,5,Bangt Recommendations for Learning,bangt recommendation for learn,en,0.6690407395362854,Bangt Recommendations for Learning,positive,neutral,0.0,neutral,0.61607856,0.04851599,0.61607856,0.33540544
32255,,5,Good is very helpful,good be very helpful,en,0.9694712162017822,Good is very helpful,positive,positive,0.7178,positive,0.9290574,0.014442775,0.0564998,0.9290574
32256,,4,Masyaa Allah .. This apk makes it easier for me to pronounce pronoun correctly,masyaa allah. this apk make it easy for me to pronounce pronoun correctly,en,0.710989773273468,Masyaa Allah .. This apk makes it easier for me to pronounce pronoun correctly,neutral,positive,0.4404,positive,0.8801453,0.010670183,0.10918448,0.8801453
32257,,5,Just started studying. So far it's fun.,just start studying. so far it be fun.,en,0.8915619254112244,Just started studying. So far it's fun.,positive,positive,0.5106,positive,0.89690393,0.0054219775,0.09767408,0.89690393
32258,,1,"Love the stars, deaf, I'm tired of saying she doesn't hear","love the stars, deaf, i be tire of say she do not hear",en,0.9259218573570251,"Love the stars, deaf, I'm tired of saying she doesn't hear",negative,positive,0.6369,neutral,0.34980533,0.2523559,0.34980533,0.39783874
32259,,5,Great application .. barakallah ..,great application. barakallah.,en,0.6168733239173889,Great application .. barakallah ..,positive,positive,0.6249,positive,0.9783664,0.006979517,0.014654124,0.9783664
32261,,5,the application is good,the application be good,en,0.836216390132904,the application is good,positive,positive,0.4404,positive,0.8135479,0.016291771,0.17016028,0.8135479
32262,,5,"Good, worth a try","good, worth a try",en,0.9377448558807372,"Good, worth a try",positive,positive,0.5859,positive,0.9460037,0.00851298,0.045483377,0.9460037
32263,,5,sometimes annoying sometimes makes you happy,sometimes annoy sometimes make you happy,en,0.9388094544410706,sometimes annoying sometimes makes you happy,positive,neutral,0.2023,neutral,0.47030798,0.07485468,0.47030798,0.4548373
32264,,5,recommended for beginners,recommend for beginner,en,0.8230124711990356,recommended for beginners,positive,positive,0.3612,neutral,0.64215297,0.054571558,0.64215297,0.3032755
32265,,5,Amazing good,amaze good,en,0.8005825877189636,Amazing good,positive,positive,0.7506,positive,0.88806427,0.011924175,0.100011535,0.88806427
32267,,4,This apk is good,this apk be good,en,0.6754827499389648,This apk is good,neutral,positive,0.4404,positive,0.91027427,0.011373693,0.07835204,0.91027427
32269,,5,This is paid?,this be paid?,en,0.9238846898078918,This is paid?,positive,neutral,0.0,neutral,0.81463945,0.12881479,0.81463945,0.056545723
32270,,5,"OK, very helpful","ok, very helpful",en,0.9701994061470032,"OK, very helpful",positive,positive,0.6478,positive,0.95581007,0.010408465,0.033781476,0.95581007
32271,,5,help speaking pronunciation,help speaking pronunciation,en,0.8091359734535217,help speaking pronunciation,positive,positive,0.4019,neutral,0.74177706,0.12310311,0.74177706,0.13511986
32272,,5,"Great, very helpful","great, very helpful",en,0.9856765270233154,"Great, very helpful",positive,positive,0.8016,positive,0.96547025,0.011871432,0.02265837,0.96547025
32273,,5,too heavy,too heavy,en,0.9219995737075806,too heavy,positive,neutral,0.0,negative,0.49710304,0.49710304,0.40062004,0.10227699
32274,,5,This really helps me,this really help me,en,0.980367124080658,This really helps me,positive,positive,0.4576,positive,0.9442823,0.009389043,0.046328645,0.9442823
32275,,4,Give a restart feature,give a restart feature,en,0.7999039888381958,Give a restart feature,neutral,neutral,0.0,neutral,0.7074316,0.17422825,0.7074316,0.11834019
32276,,5,Cool Great Men,cool great men,en,0.8208339810371399,Cool Great Mennn,positive,positive,0.7506,positive,0.9401794,0.012555652,0.047264878,0.9401794
32277,,5,more than offline teachers hehe,more than offline teacher hehe,en,0.9302749037742616,more than offline teachers hehe,positive,negative,-0.197,positive,0.7786827,0.0057308525,0.21558642,0.7786827
32278,,5,I still don't understand pleace teaching me,i still do not understand pleace teach me,en,0.9193344712257384,I still don't understand pleace teaching me,positive,neutral,0.0,negative,0.866175,0.866175,0.1214094,0.012415646
32279,,5,the app is really good 🥰 🥰 🥰,the app be really good 🥰 🥰 🥰,en,0.9651123881340028,the app is really good 🥰🥰🥰,positive,positive,0.4927,positive,0.9858498,0.003022461,0.01112771,0.9858498
32280,,5,I like me like it,i like me like it,en,0.9414037466049194,I like me like it,positive,positive,0.6124,positive,0.8505435,0.008218834,0.1412376,0.8505435
32281,,5,really good fun ....... 🏅 🏅 🏅 🏅 🏅 🏅 🤩 🤩 🤩,really good fun. 🏅 🏅 🏅 🏅 🏅 🏅 🤩 🤩 🤩,en,0.9504991173744202,really good fun ....... 🏅🏅🏅🏅🏅🏅🤩🤩🤩,positive,positive,0.7764,positive,0.98916477,0.0018833725,0.008951833,0.98916477
32282,,5,best and top,best and top,en,0.7004543542861938,best and top,positive,positive,0.7184,positive,0.8135852,0.018844292,0.16757049,0.8135852
32283,,4,Just download clay nantilah,just download clay nantilah,en,0.6574830412864685,Just download clay nantilah,neutral,neutral,0.0,neutral,0.7964925,0.041874476,0.7964925,0.16163301
32284,,5,I am happy with this application,i be happy with this application,en,0.910264253616333,I am happy with this application,positive,positive,0.5719,positive,0.9292576,0.0074755717,0.06326685,0.9292576
32285,,5,really good. Sukak,really good. sukak,en,0.96614009141922,really good. Sukak,positive,positive,0.4927,positive,0.9710369,0.0059386515,0.023024464,0.9710369
32286,,3,"Shukaku, even though I didn't understand ""very","shukaku, even though i do not understand ""very",en,0.9162564873695374,"Shukaku, even though I didn't understand ""very",neutral,neutral,0.0,neutral,0.5812716,0.3327833,0.5812716,0.085945085
32287,,1,Unfortunately this application is paid,unfortunately this application be pay,en,0.940354347229004,Unfortunately this application is paid,negative,negative,-0.4215,negative,0.85875595,0.85875595,0.13100623,0.010237805
32288,,5,Very super helping me,very super help me,en,0.9625038504600524,Very super helping me,positive,positive,0.8004,positive,0.7253335,0.022481358,0.2521851,0.7253335
32289,,5,"Mantap, make it more PD","mantap, make it more pd",en,0.7612432241439819,"Mantaaap, make it more PD",positive,neutral,0.0,neutral,0.7805914,0.058317117,0.7805914,0.1610914
32290,,5,100% good,100% good,en,0.7445447444915771,100% good,positive,positive,0.4404,positive,0.94902945,0.011502832,0.03946776,0.94902945
32291,,5,the learning is a promise not bored,the learning be a promise not bore,en,0.7986761927604675,the learning is a promise not bored,positive,positive,0.466,neutral,0.48891574,0.062003426,0.48891574,0.44908085
32292,,4,very worth a try,very worth a try,en,0.9963884353637696,very worth a try,neutral,neutral,0.2944,positive,0.9149926,0.011438191,0.07356924,0.9149926
32293,,5,Loading for a long time,load for a long time,en,0.5166339874267578,Loading for a long time,positive,neutral,0.0,neutral,0.75833726,0.15652323,0.75833726,0.08513955
32294,,5,really good pkok,really good pkok,en,0.889815092086792,really good pkok,positive,positive,0.4927,positive,0.932913,0.016058829,0.05102816,0.932913
32295,,4,the apk is exciting !!!,the apk be exciting!,en,0.8420802354812622,the apk is exciting !!!,neutral,positive,0.5411,positive,0.9760357,0.002077317,0.021887036,0.9760357
32296,,5,remarkable,remarkable,en,0.5913698673248291,remarkable,positive,positive,0.5574,positive,0.7193795,0.035750438,0.24487005,0.7193795
32297,,5,MasyaAllah the application is great,masyaallah the application be great,en,0.6470297574996948,MasyaAllah the application is great,positive,positive,0.6249,positive,0.96490234,0.0074938475,0.027603887,0.96490234
32298,,5,How much is the administration in Elsa and how is the payment method ?? Please info itself,how much be the administration in elsa and how be the payment method? please info itself,en,0.9004234075546265,How much is the administration in Elsa and how is the payment method ?? Please info itself,positive,positive,0.3182,neutral,0.9181867,0.03689144,0.9181867,0.044921856
32299,,3,Difficult for beginners,difficult for beginner,en,0.9573479294776917,Difficult for beginners,neutral,negative,-0.3612,neutral,0.62765884,0.2814567,0.62765884,0.09088444
32300,,3,"Why is the consonate after ""m"" so hard","why be the consonate after ""m"" so hard",en,0.8660821914672852,"Why is the consonate after ""m"" so hard",neutral,negative,-0.2183,negative,0.7911572,0.7911572,0.19732468,0.011518121
32301,,5,Applications are very helpful,application be very helpful,en,0.9557093977928162,Applications are very helpful,positive,positive,0.4754,positive,0.8924974,0.023023222,0.08447942,0.8924974
32302,,5,Ngelag network,ngelag network,en,0.5046558976173401,Ngelag network,positive,neutral,0.0,neutral,0.8104733,0.0733349,0.8104733,0.11619179
32303,,3,Still a bit difficult,still a bit difficult,en,0.990473747253418,Still a bit difficult,neutral,negative,-0.3612,negative,0.6114792,0.6114792,0.36012867,0.02839209
32304,,5,This is very good!,this be very good!,en,0.9827415347099304,This is very good!,positive,positive,0.54,positive,0.9868476,0.0024554927,0.010696897,0.9868476
32305,,5,so understand where it is always if there is a pronunciation that is Slah ^ ^,so understand where it be always if there be a pronunciation that be slah,en,0.7835429906845093,so understand where it is always if there is a pronunciation that is Slahhhh ^_ ^,positive,neutral,0.0,neutral,0.78375095,0.07655791,0.78375095,0.13969114
32306,,4,How to stop subscription?,how to stop subscription?,en,0.925995945930481,How to stop subscription?,neutral,negative,-0.296,neutral,0.63068724,0.3525295,0.63068724,0.01678331
32307,,5,Good and exciting!,good and exciting!,en,0.9693015217781068,Good and exciting!,positive,positive,0.75,positive,0.9865611,0.0028490452,0.010589764,0.9865611
32308,,2,make a subscription once a month,make a subscription once a month,en,0.5630165934562683,make a subscription once a month,negative,neutral,0.0,neutral,0.888719,0.030536858,0.888719,0.08074418
32310,,4,I hope this application is useful,i hope this application be useful,en,0.6868185997009277,I hope this application is useful,neutral,positive,0.7003,positive,0.89241225,0.007842502,0.09974522,0.89241225
32311,,5,Really exciting anyway !!! 😻 🤌 🤌,really exciting anyway! 😻 🤌 🤌,en,0.992801070213318,Really exciting anyway !!! 😻🤌🤌,positive,positive,0.5838,positive,0.9913731,0.0021550828,0.006471729,0.9913731
32312,,5,Really good Elsa knows what I need,really good elsa know what i need,en,0.9732933044433594,Really good Elsa knows what I need,positive,positive,0.4927,positive,0.95813435,0.0056679463,0.036197692,0.95813435
32314,,5,The application is cool.,the application be cool.,en,0.8692018985748291,The application is cool.,positive,positive,0.3182,positive,0.8743628,0.00803106,0.11760615,0.8743628
32315,,5,"Just tried, hopefully the application is satisfying.","just tried, hopefully the application be satisfying.",en,0.9157469868659972,"Just tried, hopefully the application is satisfying.",positive,positive,0.6908,positive,0.93415236,0.007117603,0.058730043,0.93415236
32316,,5,Cool application 🥰,cool application 🥰,en,0.7999735474586487,Cool application🥰,positive,positive,0.3182,positive,0.9716124,0.0068696304,0.021517927,0.9716124
32317,,5,I came here because Eno was clear,i come here because eno be clear,en,0.7258467078208923,I came here because Eno was clear,positive,positive,0.3818,neutral,0.8170566,0.039298553,0.8170566,0.14364487
32318,,5,This is really top,this be really top,en,0.9469526410102844,This is really top,positive,neutral,0.2716,positive,0.68561727,0.029964898,0.2844179,0.68561727
32320,,5,Cool ... Thank you Elsa,cool. thank you elsa,en,0.7564986348152161,Cool ... Thank you Elsa,positive,positive,0.5859,positive,0.9463598,0.005192487,0.048447717,0.9463598
32321,,5,Okay cool,okay cool,en,0.632718026638031,Okay cool,positive,positive,0.4939,neutral,0.3773994,0.0390888,0.3773994,0.5835118
32322,,5,"Bismillah! This really helps yaalloh, increase again: D","bismillah! this really help yaalloh, increase again d",en,0.8259945511817932,"Bismillah! This really helps yaalloh, increase again: D",positive,positive,0.7049,positive,0.9797742,0.005791507,0.014434368,0.9797742
32324,,5,"I want to be able to speak English from childhood, fortunately on the channel talking about the money discussing about Elsa directly step on Elsa's download gas 😁 😁 😁","i want to be able to speak english from childhood, fortunately on the channel talk about the money discuss about elsa directly step on elsas download gas 😁 😁 😁",en,0.9380660057067872,"I want to be able to speak English from childhood, fortunately on the channel talking about the money discussing about Elsa directly step on Elsa's download gas 😁😁😁",positive,neutral,0.0772,positive,0.8773799,0.0060709044,0.11654924,0.8773799
32325,,5,Receive very help me,receive very help me,en,0.9960545897483826,Receive very help me,positive,positive,0.4576,neutral,0.5513137,0.039729603,0.5513137,0.40895674
32326,,5,Very good cuy,very good cuy,en,0.9359126091003418,Very good cuy,positive,positive,0.4927,positive,0.9452755,0.007652577,0.047071915,0.9452755
32327,,5,"really good, ayo hunt ❤","really good, ayo hunt ❤",en,0.949438452720642,"really good, ayooo hunt ❤",positive,positive,0.4927,positive,0.98484623,0.0038859388,0.011267808,0.98484623
32328,,5,This cool app,this cool app,en,0.7967095971107483,This cool app,positive,positive,0.3182,positive,0.9646081,0.0058978125,0.029494122,0.9646081
32329,,1,Now paid all,now pay all,en,0.929023802280426,Now paid all,negative,neutral,-0.1027,neutral,0.66832304,0.1263099,0.66832304,0.20536706
32330,,5,very helpful .. thank you,very helpful. thank you,en,0.9886340498924256,very helpful .. thank you,positive,positive,0.707,positive,0.9661215,0.009431362,0.024447158,0.9661215
32331,,4,Thanks Bang Evan has taken me here,thanks bang evan have take me here,en,0.9369323253631592,Thanks Bang Evan has taken me here,neutral,positive,0.4404,positive,0.8325861,0.008535455,0.15887845,0.8325861
32332,,2,"Sorry sis, is this paid application?","sorry sis, be this pay application?",en,0.8860976099967957,"Sorry sis, is this paid application?",negative,negative,-0.2023,neutral,0.555532,0.4243704,0.555532,0.020097615
32333,,5,Very Recommended Application,very recommended application,en,0.972902774810791,Very Recommended Application,positive,neutral,0.2716,positive,0.8630641,0.018554503,0.118381314,0.8630641
32335,,5,Why did you just find the application as good as this new now ??????,why do you just find the application as good as this new now?,en,0.9949262142181396,Why did you just find the application as good as this new now ??????,positive,positive,0.4404,neutral,0.4277131,0.40771812,0.4277131,0.16456881
32336,,5,the free one can,the free one can,en,0.7717498540878296,the free one can,positive,positive,0.5106,neutral,0.7708917,0.019857842,0.7708917,0.20925044
32337,,5,w is very helpful,w be very helpful,en,0.9664326906204224,www is very helpful,positive,positive,0.4754,positive,0.9174874,0.018324267,0.06418837,0.9174874
32338,,5,"I like Elsa, Elsa is very suitable for beginners","i like elsa, elsa be very suitable for beginner",en,0.8750241994857788,"I like Elsa, Elsa is very suitable for beginners",positive,positive,0.3612,positive,0.9703354,0.0031431173,0.026521485,0.9703354
32339,,4,the best application I have ever found,the best application i have ever find,en,0.9431397914886476,the best application I have ever found,neutral,positive,0.6369,positive,0.9791991,0.0051142466,0.015686672,0.9791991
32340,,5,I swear to learn using this,i swear to learn use this,en,0.939494490623474,I swear to learn using this,positive,neutral,-0.0516,neutral,0.40095368,0.42036563,0.40095368,0.17868073
32341,,5,very pleasant,very pleasant,en,0.9925276041030884,very pleasant,positive,positive,0.5563,positive,0.922171,0.024259457,0.05356953,0.922171
32342,,5,The application is really great,the application be really great,en,0.9531554579734802,The application is really great,positive,positive,0.659,positive,0.9753518,0.0050911293,0.019557027,0.9753518
32343,,5,Very very helpful,very very helpful,en,0.9986169934272766,Very very helpful,positive,positive,0.5222,positive,0.9426978,0.016633853,0.040668257,0.9426978
32344,,5,good application ny,good application ny,en,0.8003737330436707,good application ny,positive,positive,0.4404,positive,0.81872237,0.022760445,0.15851723,0.81872237
32345,,5,Come on to try not to regret,come on to try not to regret,en,0.9744451642036438,Come on to try not to regret,positive,positive,0.3252,neutral,0.64817536,0.18922545,0.64817536,0.16259919
32346,,4,"try it first, hope it is good","try it first, hope it be good",en,0.8772695064544678,"try it first, hope it is good",neutral,positive,0.7003,positive,0.92124236,0.0077029155,0.07105469,0.92124236
32347,,4,4 star first,4 star first,en,0.5736588835716248,4 star first,neutral,neutral,0.0,neutral,0.7184166,0.023894247,0.7184166,0.25768915
32348,,1,have to pay first bjir can only learn g like.,have to pay first bjir can only learn g like.,en,0.9821236729621888,have to pay first bjir can only learn g like.,negative,neutral,0.2732,neutral,0.64338547,0.32357562,0.64338547,0.033038896
32349,,5,help in pronunciation,help in pronunciation,en,0.7799196243286133,help in pronunciation,positive,positive,0.4019,neutral,0.7417658,0.089005426,0.7417658,0.16922875
32350,,4,using the battery is not strong,use the battery be not strong,en,0.6727914214134216,using the battery is not strong,neutral,negative,-0.4023,negative,0.48050493,0.48050493,0.47745696,0.042038087
32351,,5,the application is good times,the application be good time,en,0.8157634139060974,the application is good times,positive,positive,0.4404,positive,0.75351876,0.01633912,0.23014209,0.75351876
32352,,5,Very recommended,very recommended,en,0.9901776313781738,Very recommended,positive,neutral,0.2716,positive,0.8810145,0.02750883,0.09147663,0.8810145
32353,,5,Very good woy,very good woy,en,0.9914247393608092,Very good woyyyyyy,positive,positive,0.4927,positive,0.9622509,0.0066575026,0.031091573,0.9622509
32354,,4,Only the beginning is not bad,only the beginning be not bad,en,0.6369880437850952,Only the beginning is not bad,neutral,positive,0.431,neutral,0.34244025,0.10937291,0.34244025,0.5481869
32355,,5,great hahahah hayyu,great hahahah hayyu,en,0.520106852054596,great hahahah hayyuuu,positive,positive,0.6249,positive,0.9696769,0.00474258,0.025580468,0.9696769
32356,,5,"just learned with Elsa, very happy Elsa helped me baget thanks Elsa","just learn with elsa, very happy elsa help me baget thanks elsa",en,0.9097821116447448,"just learned with Elsa, very happy Elsa helped me baget thanks Elsa",positive,positive,0.8707,positive,0.98488706,0.0032749216,0.011838069,0.98488706
32357,,5,really very useful YGY,really very useful ygy,en,0.9896178245544434,really very useful YGY,positive,positive,0.5379,positive,0.9682109,0.006444516,0.025344629,0.9682109
32358,,5,This recommendation is good,this recommendation be good,en,0.7452421188354492,This recommendation is good,positive,positive,0.4404,positive,0.8331564,0.01661451,0.15022905,0.8331564
32359,,3,ok pretty good,ok pretty good,en,0.9469819068908693,ok pretty good,neutral,positive,0.8074,positive,0.91441625,0.011013862,0.0745699,0.91441625
32360,,5,help me in speaking,help me in speak,en,0.9920998811721802,help me in speaking,positive,positive,0.4019,neutral,0.6243283,0.06270047,0.6243283,0.31297114
32361,,5,Hope it can help,hope it can help,en,0.9425634741783142,Hope it can help,positive,positive,0.6808,positive,0.80495584,0.01960636,0.17543778,0.80495584
32362,,5,Let the Stars speak,let the star speak,en,0.9502434730529784,Let the Stars speak,positive,neutral,0.0,neutral,0.60972995,0.023447346,0.60972995,0.36682272
32363,,5,Cool application,cool application,en,0.7750939726829529,Cool application,positive,positive,0.3182,positive,0.80815804,0.028660947,0.16318102,0.80815804
32364,,5,MasyaAllah is very helpful. Thanks,masyaallah be very helpful. thanks,en,0.9467710852622986,MasyaAllah is very helpful. Thanks,positive,positive,0.7408,positive,0.9291097,0.012864281,0.058026,0.9291097
32365,,5,This application is good,this application be good,en,0.8517822027206421,This application is good,positive,positive,0.4404,positive,0.91388947,0.012414703,0.07369585,0.91388947
32366,,5,"Cool, but expensive","cool, but expensive",en,0.9955898523330688,"Cool, but expensive",positive,neutral,0.1655,neutral,0.5624752,0.28167346,0.5624752,0.15585141
32367,,5,so far it is still safe,so far it be still safe,en,0.8223598003387451,so far it is still safe,positive,positive,0.4404,neutral,0.3799073,0.02287563,0.3799073,0.597217
32368,,5,Very useful =),very useful =,en,0.964499056339264,Very useful =),positive,positive,0.4927,positive,0.91217804,0.010288523,0.07753347,0.91217804
32369,,5,"Anyway, helpful","anyway, helpful",en,0.9601483941078186,"Anyway, helpful",positive,positive,0.4215,positive,0.9022807,0.019961203,0.07775809,0.9022807
32370,,5,This is good for me 1p year old,this be good for me 1p year old,en,0.7316288352012634,This is good for me 1p year old,positive,positive,0.4404,positive,0.9187755,0.0064049177,0.074819505,0.9187755
32371,,5,The application is very useful,the application be very useful,en,0.9091976881027222,The application is very useful,positive,positive,0.4927,positive,0.8946636,0.0059920857,0.09934432,0.8946636
32372,,5,very cool..,very cool.,en,0.9989380836486816,very cool..,positive,positive,0.3804,positive,0.9555818,0.007985303,0.036432903,0.9555818
32374,,3,Can't be accessed for free,cannot be access for free,en,0.8552200198173523,Can't be accessed for free,neutral,positive,0.5106,neutral,0.5603776,0.40104192,0.5603776,0.038580514
32375,,1,"Ek Taek ,,, I think it's free ,, mhh really ,,,","ek taek, i think it be free, mhh really,",en,0.9105212092399596,"Ek Taeeek ,,, I think it's free ,, mhh really ,,,",negative,positive,0.5106,neutral,0.45259696,0.0122449035,0.45259696,0.53515816
32376,,1,My pig funds were taken 900 thousand,my pig fund be take 900 thousand,en,0.738178014755249,My pig funds were taken 900 thousand,negative,neutral,0.0,neutral,0.61101955,0.21741375,0.61101955,0.17156674
32377,,1,Pure selling anyway,pure sell anyway,en,0.8669204115867615,Pure selling anyway,negative,neutral,0.0,neutral,0.51467645,0.36334065,0.51467645,0.12198284
32378,,5,So the spirit of learning,so the spirit of learn,en,0.7589929103851318,So the spirit of learning,positive,neutral,0.2449,neutral,0.6610526,0.06513573,0.6610526,0.27381167
32379,,5,Recommended for beginners 👏 👏,recommend for beginner 👏 👏,en,0.7934895753860474,Recommended for beginners👏👏,positive,positive,0.3612,positive,0.87361866,0.0042993817,0.1220819,0.87361866
32380,,5,Study at home again,study at home again,en,0.9423930048942566,Study at home again,positive,neutral,0.0,neutral,0.7826211,0.046769366,0.7826211,0.17060955
32381,,4,just say mksh ...,just say mksh.,en,0.9544729590415956,just say mksh ...,neutral,neutral,0.0,neutral,0.6813007,0.26526827,0.6813007,0.053431015
32382,,3,How do you stop subscribing to Elsa?,how do you stop subscribe to elsa?,en,0.7027438879013062,How do you stop subscribing to Elsa?,neutral,negative,-0.296,neutral,0.7888727,0.1951224,0.7888727,0.01600491
32383,,5,Like it really helps !!! 💗 💗 💗,like it really helps! 💗 💗 💗,en,0.9286314845085144,Like it really helps !!! 💗💗💗,positive,positive,0.6893,positive,0.97850466,0.0067964024,0.01469889,0.97850466
32384,,5,With help,with help,en,0.993939220905304,With help,positive,positive,0.4019,neutral,0.74992454,0.09265642,0.74992454,0.15741901
32385,,5,satisfying studying at the Elsa Speak apk,satisfy study at the elsa speak apk,en,0.9527000784873962,satisfying studying at the Elsa Speak apk,positive,positive,0.4588,neutral,0.85322493,0.021671662,0.85322493,0.1251034
32387,,5,cool learning ..,cool learning.,en,0.9390829205513,cool learning ..,positive,positive,0.3182,positive,0.9273119,0.0073468774,0.06534124,0.9273119
32389,,5,This is very good 👌 👌,this be very good 👌 👌,en,0.9570325016975404,This is very good👌👌,positive,positive,0.4927,positive,0.98592955,0.002547357,0.011523101,0.98592955
32391,,5,the application is,the application be,en,0.8064033389091492,the application is,positive,neutral,0.0,neutral,0.7744068,0.08412004,0.7744068,0.14147319
32392,,3,Very satisfying 🤩 🤩,very satisfy 🤩 🤩,en,0.9810654520988464,Very satisfying🤩🤩,neutral,positive,0.5095,positive,0.97288954,0.005014544,0.022095885,0.97288954
32393,,1,paid expensive to be lazy,pay expensive to be lazy,en,0.977659285068512,paid expensive to be lazy,negative,negative,-0.4404,negative,0.6625977,0.6625977,0.29318243,0.04421984
32394,,4,This game is exciting,this game be excite,en,0.826781153678894,This game is exciting,neutral,positive,0.4767,positive,0.9377128,0.0040653236,0.05822191,0.9377128
32395,,5,very educational,very educational,en,0.996846079826355,very educational,positive,neutral,0.0,positive,0.91689587,0.01310985,0.06999425,0.91689587
32396,,5,I hope you can chat casually,i hope you can chat casually,en,0.9013103246688844,I hope you can chat casually,positive,positive,0.5574,neutral,0.553507,0.015559711,0.553507,0.43093333
32397,,4,This is fun I like it,this be fun i like it,en,0.7660565972328186,This is fun I like it,neutral,positive,0.7003,positive,0.967428,0.003990359,0.028581616,0.967428
32398,,5,really help ....,really help.,en,0.9987643361091614,really help ....,positive,positive,0.4576,positive,0.78010815,0.031726055,0.18816583,0.78010815
32399,,5,Support in my education to learn b. English,support in my education to learn b. english,en,0.9547089338302612,Support in my education to learn b. English,positive,positive,0.4019,neutral,0.7474717,0.012149137,0.7474717,0.24037918
32400,,5,Bgus for learning,bgus for learn,en,0.788322389125824,Bgus for learning,positive,neutral,0.0,neutral,0.708459,0.09232897,0.708459,0.19921207
32401,,4,nise but pay dearly,nise but pay dearly,en,0.9434718489646912,nise but pay dearly,neutral,positive,0.4767,neutral,0.6233407,0.27251348,0.6233407,0.10414583
32403,,5,Thank you Eno Bening,thank you eno bening,en,0.7347177863121033,Thank you Eno Bening,positive,positive,0.3612,positive,0.8929117,0.008504968,0.098583296,0.8929117
32404,,5,"This is so cool, this ...","this be so cool, this.",en,0.9699113368988036,"This is so cool, this ...",positive,positive,0.4572,positive,0.97830886,0.0036223345,0.018068835,0.97830886
32405,,5,happy to study at Elsa,happy to study at elsa,en,0.93380868434906,happy to study at Elsa,positive,positive,0.5719,positive,0.94268036,0.0033066142,0.054012977,0.94268036
32406,,5,I will try it seems good,i will try it seem good,en,0.9912233352661132,I will try it seems good,positive,positive,0.4404,positive,0.9026363,0.007538108,0.08982564,0.9026363
32407,,4,here because of watching nessie judge,here because of watch nessie judge,en,0.9677513241767884,here because of watching nessie judge,neutral,neutral,0.0,neutral,0.8423553,0.10233622,0.8423553,0.05530848
32408,,5,Exciting application,excite application,en,0.8710469007492065,Exciting application,positive,positive,0.4767,positive,0.965661,0.0065185847,0.027820397,0.965661
32409,,5,Help BGD Bund,help bgd bund,en,0.7275195717811584,Help BGD Bund,positive,positive,0.4019,neutral,0.69528943,0.15806316,0.69528943,0.14664735
32410,,5,Yach really good,yach really good,en,0.9946509599685668,Yach really good,positive,positive,0.4927,positive,0.9512135,0.006308678,0.042477835,0.9512135
32411,,5,get a free pro 7 days .. great,get a free pro 7 days. great,en,0.8074813485145569,get a free pro 7 days .. great,positive,positive,0.8126,positive,0.9646305,0.0033929143,0.031976618,0.9646305
32413,,4,I came from 1 percent,i come from 1 percent,en,0.9186939597129822,I came from 1 percent,neutral,neutral,0.0,neutral,0.8240678,0.060308054,0.8240678,0.11562407
32416,,5,Suitable for beginners,suitable for beginner,en,0.8440384268760681,Suitable for beginners,positive,neutral,0.0,neutral,0.61382425,0.06743606,0.61382425,0.31873962
32418,,5,Because it can educate,because it can educate,en,0.9694643020629884,Because it can educate,positive,neutral,0.0,neutral,0.38930652,0.016515557,0.38930652,0.5941779
32420,,5,Try free,try free,en,0.7491146326065063,Try free,positive,positive,0.5106,neutral,0.654328,0.08732463,0.654328,0.25834742
32421,,5,very satisfactory,very satisfactory,en,0.975765585899353,very satisfactory,positive,positive,0.4201,positive,0.92277694,0.019334432,0.057888657,0.92277694
32422,,5,Great bang Eno,great bang eno,en,0.5818984508514404,Great bang Eno,positive,positive,0.6249,positive,0.956739,0.006070011,0.037191015,0.956739
32423,,1,Paid application,pay application,en,0.953555703163147,Paid application,negative,neutral,-0.1027,neutral,0.70616645,0.10678468,0.70616645,0.18704882
32425,,5,I can talk here,i can talk here,en,0.9943958520889282,I can talk here,positive,neutral,0.0,neutral,0.78215617,0.016879873,0.78215617,0.200964
32426,,5,Very helpful 😊 😊 😊,very helpful 😊 😊 😊,en,0.9761728048324584,Very helpful😊😊😊,positive,positive,0.4754,positive,0.97383595,0.0067939134,0.019370219,0.97383595
32427,,4,just tried. I think it's cool,just tried. i think it be cool,en,0.9752756357192992,just tried. I think it's cool,neutral,positive,0.3182,positive,0.8355712,0.0105223525,0.15390642,0.8355712
32428,,5,very helpful 🎉 🎉,very helpful 🎉 🎉,en,0.9665412306785583,very helpful 🎉🎉,positive,positive,0.4754,positive,0.9816822,0.004973998,0.013343818,0.9816822
32429,,4,"Bgus, just paid","bgus, just pay",en,0.93109130859375,"Bgus, just paid",neutral,neutral,-0.1027,neutral,0.6242513,0.29726428,0.6242513,0.07848439
32431,,5,"Hopefully used to it, amen","hopefully use to it, amen",en,0.9283273220062256,"Hopefully used to it, amen",positive,positive,0.4019,positive,0.935248,0.007847478,0.05690446,0.935248
32432,,5,Exciting Studying With Elsa,excite study with elsa,en,0.9228627681732178,Exciting Studying With Elsa,positive,positive,0.4767,positive,0.9798431,0.0022546987,0.017902229,0.9798431
32433,,5,Beginaa so understand,beginaa so understand,en,0.6019721031188965,Beginaa so understand,positive,neutral,0.0,neutral,0.6716603,0.07689982,0.6716603,0.25143984
32434,,3,still studying,still study,en,0.9743213653564452,still studying,neutral,neutral,0.0,neutral,0.7641227,0.05290564,0.7641227,0.18297166
32435,,5,really recommended,really recommended,en,0.9845993518829346,really recommended,positive,neutral,0.2716,positive,0.9018812,0.0261956,0.07192317,0.9018812
32437,,5,Very handsome,very handsome,en,0.9904977679252625,Very handsome,positive,positive,0.5413,positive,0.92780715,0.01324252,0.058950286,0.92780715
32438,,5,Very testing 🥰 😂,very test 🥰 😂,en,0.983022689819336,Very testing🥰😂,positive,neutral,0.0,positive,0.97716516,0.0034367794,0.019398035,0.97716516
32440,,5,This apps is kereen,this apps be kereen,en,0.6142724752426147,This apps is kereennnn,positive,neutral,0.0,neutral,0.575238,0.32581508,0.575238,0.098946854
32441,,2,I'll try it first,i will try it first,en,0.933784544467926,I'll try it first,negative,neutral,0.0,neutral,0.77513564,0.026511697,0.77513564,0.19835259
32442,,5,Sabgat is quite helpful,sabgat be quite helpful,en,0.7617940902709961,Sabgat is quite helpful,positive,positive,0.4754,positive,0.74768966,0.01864283,0.2336675,0.74768966
32443,,5,Is there a gramp?,be there a gramp?,en,0.7477527260780334,Is there a gramp?,positive,neutral,0.0,neutral,0.9152724,0.042964768,0.9152724,0.041762833
32444,,5,Elsa application is very helpful,elsa application be very helpful,en,0.912729561328888,Elsa application is very helpful,positive,positive,0.4754,positive,0.8994123,0.00916349,0.09142422,0.8994123
32445,,5,Very useful 👌 👍,very useful 👌 👍,en,0.9143981337547302,Very useful👌👍,positive,positive,0.4927,positive,0.96135956,0.008489082,0.030151397,0.96135956
32446,,5,Helps bangeett 🥰,help bangeett 🥰,en,0.5258428454399109,Helps bangeett🥰,positive,positive,0.4019,positive,0.7591643,0.010167114,0.23066865,0.7591643
32447,,1,This is very bad,this be very bad,en,0.968122124671936,This is very bad,negative,negative,-0.5849,negative,0.9075811,0.9075811,0.081616946,0.010801881
32448,,5,study with AI technology,study with ai technology,en,0.936985969543457,study with AI technology,positive,neutral,0.0,neutral,0.8661782,0.022804243,0.8661782,0.111017585
32449,,5,SGT helps,sgt help,en,0.5047939419746399,SGT helps,positive,positive,0.4019,neutral,0.486247,0.3821531,0.486247,0.13159998
32450,,5,just started studying,just start study,en,0.8686873912811279,just started studying,positive,neutral,0.0,neutral,0.79384255,0.06320099,0.79384255,0.14295647
32452,,3,dear because it's not free,dear because it be not free,en,0.6228777766227722,dear because it's not free,neutral,neutral,-0.0263,negative,0.56377965,0.56377965,0.39974457,0.036475714
32453,,4,Just try to try it,just try to try it,en,0.9930126667022704,Just try to try it,neutral,neutral,0.0,neutral,0.69976777,0.102337465,0.69976777,0.1978948
32454,,5,Bagss bgt loo,bagss bgt loo,en,0.6422924995422363,Bagss bgt loo,positive,neutral,0.0,neutral,0.7321708,0.14609617,0.7321708,0.12173297
32455,,5,because of Eno ajg,because of eno ajg,en,0.9285812377929688,because of Eno ajg,positive,neutral,0.0,neutral,0.7438435,0.21635756,0.7438435,0.039798938
32458,,4,must be paid,must be pay,en,0.9821412563323976,must be paid,neutral,neutral,-0.1027,neutral,0.6835722,0.1746618,0.6835722,0.14176597
32459,,5,MasyaAllah I hope I can,masyaallah i hope i can,en,0.5629042983055115,MasyaAllah I hope I can,positive,positive,0.4404,positive,0.8535591,0.016563907,0.12987706,0.8535591
32461,,5,Original woy must try,original woy must try,en,0.8977595567703247,Original woy must try,positive,positive,0.3182,neutral,0.6108492,0.08425783,0.6108492,0.30489293
32462,,5,Bismillah hopefully helps,bismillah hopefully help,en,0.8772074580192566,Bismillah hopefully helps,positive,positive,0.6597,positive,0.887793,0.015478107,0.09672883,0.887793
32463,,5,Still a beginner,still a beginner,en,0.9207793474197388,Still a beginner,positive,neutral,0.0,neutral,0.58553237,0.33318412,0.58553237,0.08128356
32464,,5,help me and you,help me and you,en,0.965409517288208,help me and you,positive,positive,0.4019,neutral,0.56916624,0.027102683,0.56916624,0.40373102
32465,,5,pleasant,pleasant,en,0.7896931171417236,pleasant,positive,positive,0.5106,positive,0.756551,0.048557304,0.19489172,0.756551
32466,,5,I will follow this lesson,i will follow this lesson,en,0.7284031510353088,I will follow this lesson,positive,neutral,0.0,neutral,0.4283689,0.024099236,0.4283689,0.54753184
32468,,5,very terrible,very terrible,en,0.9862911701202391,very terrible,positive,negative,-0.5256,negative,0.8631756,0.8631756,0.11599747,0.020827007
32469,,5,easy to follow. TRMKSH,easy to follow. trmksh,en,0.8125057220458984,easy to follow. TRMKSH,positive,positive,0.4404,positive,0.72995096,0.01622776,0.25382125,0.72995096
32470,,5,Good really not,good really not,en,0.9900243282318116,Good really not,positive,positive,0.4404,negative,0.48118964,0.48118964,0.34769052,0.17111987
32471,,5,Really serious Elsa,really serious elsa,en,0.959014058113098,Really serious Elsa,positive,negative,-0.1513,neutral,0.6947815,0.22282171,0.6947815,0.08239686
32472,,5,very helpful 🔥 🔥 🔥 🔥,very helpful 🔥 🔥 🔥 🔥,en,0.9430779814720154,very helpful🔥🔥🔥🔥,positive,positive,0.4754,positive,0.9821982,0.004048352,0.013753447,0.9821982
32473,,5,Very helpful 😍,very helpful 😍,en,0.9931045174598694,Very helpful 😍,positive,positive,0.4754,positive,0.97215605,0.008163321,0.019680677,0.97215605
32474,,5,I hope I can,i hope i can,en,0.8216153383255005,I hope I can,positive,positive,0.4404,neutral,0.37373117,0.035017293,0.37373117,0.59125155
32476,,5,I like so,i like so,en,0.7656161189079285,I like so,positive,positive,0.3612,positive,0.6693639,0.015758032,0.31487802,0.6693639
32477,,5,Learn casually,learn casually,en,0.942961812019348,Learn casually,positive,neutral,0.1779,neutral,0.6382623,0.05697804,0.6382623,0.30475962
32478,,5,AKM Exercise,akm exercise,en,0.8025872707366943,AKM Exercise,positive,neutral,0.0,neutral,0.71398556,0.06955474,0.71398556,0.21645962
32479,,5,Cool really oath,cool really oath,en,0.912082314491272,Cool really oath,positive,positive,0.3182,positive,0.87775713,0.02322552,0.09901734,0.87775713
32480,,5,But I was unwilling to pay,but i be unwilling to pay,en,0.9022610783576964,But I was unwilling to pay,positive,negative,-0.1531,negative,0.73115283,0.73115283,0.24721523,0.021631952
32482,,5,Talking with Ai,talk with ai,en,0.9980653524398804,Talking with Ai,positive,neutral,0.0,neutral,0.85993314,0.046062738,0.85993314,0.09400408
32483,,5,very delicious,very delicious,en,0.9724782705307008,very delicious,positive,positive,0.6115,positive,0.93204474,0.014483063,0.053472165,0.93204474
32484,,5,Okay being tried,okay be try,en,0.8673579692840576,Okay being tried,positive,neutral,0.2263,neutral,0.64390165,0.0876692,0.64390165,0.26842913
32485,,5,because it helps,because it help,en,0.9257515072822572,because it helps,positive,positive,0.4019,positive,0.79230183,0.018568326,0.18912984,0.79230183
32487,,5,Hopefully useful 🥰 🥰,hopefully useful 🥰 🥰,en,0.7551357746124268,Hopefully useful 🥰🥰,positive,positive,0.6808,positive,0.98632556,0.0027005814,0.010973933,0.98632556
32489,,5,I hope this helps,i hope this help,en,0.8239019513130188,I hope this helps,positive,positive,0.6808,neutral,0.39494348,0.04167675,0.39494348,0.5633798
32490,,5,very petrified,very petrified,en,0.9939833283424376,very petrified,positive,negative,-0.5849,negative,0.7988141,0.7988141,0.16978699,0.031398904
32491,,4,paid wow,pay wow,en,0.7432212829589844,paid wow,neutral,positive,0.5267,neutral,0.39991668,0.068470076,0.39991668,0.5316133
32493,,5,Just exciting,just excite,en,0.9223178029060364,Just exciting,positive,positive,0.4767,positive,0.8568214,0.013232493,0.1299461,0.8568214
32496,,5,The application is kereenn,the application be kereenn,en,0.819636881351471,The application is kereenn,positive,neutral,0.0,neutral,0.8286066,0.06617865,0.8286066,0.10521476
32497,,5,Elsa is very excellent,elsa be very excellent,en,0.9281712174415588,Elsa is very excellent,positive,positive,0.6115,positive,0.9622242,0.0065564313,0.031219391,0.9622242
32499,,5,very conforming,very conform,en,0.9885141253471376,very conforming,positive,neutral,0.0,neutral,0.681604,0.21512942,0.681604,0.103266515
32501,,5,paid expensive cok,pay expensive cok,en,0.96097332239151,paid expensive cok,positive,neutral,-0.1027,neutral,0.64572346,0.25705707,0.64572346,0.09721953
32502,,1,I think it's free,i think it be free,en,0.945659875869751,I think it's free,negative,positive,0.5106,neutral,0.7333106,0.034641434,0.7333106,0.232048
32503,,5,Thanks Elsa application,thanks elsa application,en,0.8322304487228394,Thanks Elsa application,positive,positive,0.4404,positive,0.82323617,0.008772586,0.1679912,0.82323617
32504,,5,Very much,very much,en,1.00000262260437,Very much,positive,neutral,0.0,neutral,0.5482645,0.18011604,0.5482645,0.27161944
32505,,4,help bgt,help bgt,en,0.7856598496437073,help bgt,neutral,positive,0.4019,neutral,0.69563,0.16324116,0.69563,0.14112882
32506,,4,This is rather difficult,this be rather difficult,en,0.9581470489501952,This is rather difficult,neutral,negative,-0.3612,negative,0.7058279,0.7058279,0.27200654,0.022165457
32507,,4,happy can start 🙏 👍 👍,happy can start 🙏 👍 👍,en,0.6563660502433777,happy can start 🙏👍👍,neutral,positive,0.5719,positive,0.9799412,0.003467723,0.01659109,0.9799412
32508,,3,Wait a minute,wait a minute,en,0.8065586090087891,Wait a minute,neutral,neutral,0.0,neutral,0.7075272,0.16232567,0.7075272,0.13014714
32510,,4,Very stretched,very stretched,en,0.9922730922698976,Very stretched,neutral,neutral,0.0,neutral,0.67144334,0.2165308,0.67144334,0.11202591
32511,,5,monthly paid,monthly pay,en,0.8520601987838745,monthly paid,positive,neutral,-0.1027,neutral,0.78401303,0.052811187,0.78401303,0.16317576
32512,,5,too expensive but not much for improvement,too expensive but not much for improvement,en,0.9882872700691224,too expensive but not much for improvement,positive,negative,-0.4973,negative,0.80850863,0.80850863,0.1759805,0.01551085
32514,,5,good worth it,good worth it,en,0.9249923825263976,good worth it,positive,positive,0.5859,positive,0.9117719,0.013890038,0.074338034,0.9117719
32515,,5,Its Great Apps,it be great apps,en,0.7037942409515381,Its Great Apps,positive,positive,0.6249,positive,0.9015807,0.01230241,0.08611693,0.9015807
32516,,5,"Nice, i like it","nice, i like it",en,0.8954486846923828,"Nice, i like it",positive,positive,0.6486,positive,0.9661321,0.0065979236,0.027269984,0.9661321
32518,,1,"Ai in this app does not work as smooth as chatgpt, it can't recognize specific words, for Example ""Sodium""","ai in this app do not work as smooth as chatgpt, it cannot recognize specific words, for example ""sodium""",en,0.9438934922218324,"Ai in this app does not work as smooth as chatgpt, it can't recognize specific words, for Example ""Sodium""",negative,neutral,0.0,negative,0.8870094,0.8870094,0.10606361,0.006927038
32519,,5,"I'm very happy, because I can improve my English skill. Thanks you so much Elsa Speak. I Hope Success to Improve My English","i be very happy, because i can improve my english skill. thanks you so much elsa speak. i hope success to improve my english",en,0.9145495295524596,"I'm very happy, because I can improve my English skill. Thanks you so much Elsa Speak. I Hope Success to Improve My English",positive,positive,0.9601,positive,0.9856483,0.0027646746,0.0115870945,0.9856483
32520,,5,Very helpful in speaking English from how to spell letters correctly and well i really like this application,very helpful in speak english from how to spell letter correctly and well i really like this application,en,0.971051812171936,Very helpful in speaking English from how to spell letters correctly and well i really like this application,positive,positive,0.7897,positive,0.9805741,0.0034157427,0.016010217,0.9805741
32521,,5,"Elsa Very Good I Can't Study, Reading, and Listening, or Conversations. 😊","elsa very good i cannot study, reading, and listening, or conversations. 😊",en,0.91792893409729,"Elsa Very Good I Can't Study, Reading, and Listening, or Conversations. 😊",positive,positive,0.4927,positive,0.90247643,0.022570938,0.07495258,0.90247643
32522,,5,This application is good to help us learning English,this application be good to help u learn english,en,0.8909903168678284,This application is good to help us learning English,positive,positive,0.6808,positive,0.8246785,0.007039668,0.1682819,0.8246785
32523,,5,Very good to learning and practice english ..,very good to learn and practice english.,en,0.9790863990783693,Very good to learning and practice english ..,positive,positive,0.4927,positive,0.97848696,0.0029127598,0.0186003,0.97848696
32525,,4,Good Learn,good learn,en,0.9217768907546996,Good Learn,neutral,positive,0.4404,positive,0.8506976,0.02997853,0.119323894,0.8506976
32528,,5,The service team is very humble and they have fast response. I had a problem in the app and my complaint was responded to clearly uptil everything fixed.,the service team be very humble and they have fast response. i have a problem in the app and my complaint be respond to clearly uptil everything fixed.,en,0.958175003528595,The service team is very humble and they have fast response. I had a problem in the app and my complaint was responded to clearly uptil everything fixed.,positive,negative,-0.296,positive,0.6967797,0.043356575,0.2598637,0.6967797
32529,,5,Excellent. .this is a easy method .and i like this. i'm feeling great! Greetings from Bandung,excellent. . this be a easy method. and i like this. i be feel great! greeting from bandung,en,0.7976555228233337,Excellent. .this is a easy method .and i like this. i'm feeling great! Greetings from Bandung,positive,positive,0.9441,positive,0.9861406,0.0037297974,0.010129644,0.9861406
32530,,5,Elsa uses American or British?,elsa us american or british?,en,0.6305397152900696,Elsa uses American or British?,positive,neutral,0.0,neutral,0.9240777,0.02792922,0.9240777,0.047993172
32531,,5,Best App for Enhancing Speaking Skills,best app for enhance speaking skill,en,0.8710108399391174,Best App for Enhancing Speaking Skills,positive,positive,0.6369,positive,0.8581954,0.009730222,0.13207436,0.8581954
32532,,3,reasonable,reasonable,en,0.9503658413887024,reasonable,neutral,neutral,0.0,neutral,0.63854736,0.112383135,0.63854736,0.24906954
32533,,5,i like.because it fun,i like. because it fun,en,0.9118322730064392,i like.because it fun,positive,positive,0.7003,positive,0.95832664,0.0047089807,0.03696436,0.95832664
32535,,5,This is very good i really like it.,this be very good i really like it.,en,0.9966301918029784,This is very good i really like it.,positive,positive,0.7391,positive,0.9876946,0.003203518,0.009101855,0.9876946
32536,,5,So helpful to improve my English skill,so helpful to improve my english skill,en,0.777517557144165,So helpful to improve my English skill,positive,positive,0.7397,positive,0.9726805,0.0048106033,0.022508869,0.9726805
32537,,5,It's Great to Learn Speak in English,it be great to learn speak in english,en,0.9717385172843932,It's Great to Learn Speak in English,positive,positive,0.6249,positive,0.955239,0.004937044,0.039823912,0.955239
32538,,5,"For beginners, really recommend this app, like that","for beginners, really recommend this app, like that",en,0.975991666316986,"For beginners, really recommend this app, like that",positive,positive,0.6478,positive,0.9624271,0.004815746,0.032757122,0.9624271
32539,,5,Very Fun to Learn English With Elsa,very fun to learn english with elsa,en,0.9716626405715942,Very Fun to Learn English With Elsa,positive,positive,0.5563,positive,0.9683562,0.0028621342,0.028781662,0.9683562
32541,,4,"Dear Elsa Support Team, I Hope this Message Finds You Well. I am writing to report an issue with my elsa account. I subscribed to the elsa pro plan in June via The Google Play Store. Howver, when I recently logged back into the app, my account was UNEXPECTEDLY Reverted to the Free Version. Despite this, my subscription is still active in the play store.","dear elsa support team, i hope this message find you well. i be write to report an issue with my elsa account. i subscribe to the elsa pro plan in june via the google play store. howver, when i recently log back into the app, my account be unexpectedly revert to the free version. despite this, my subscription be still active in the play store.",en,0.8968901038169861,"Dear Elsa Support Team, I Hope this Message Finds You Well. I am writing to report an issue with my elsa account. I subscribed to the elsa pro plan in June via The Google Play Store. Howver, when I recently logged back into the app, my account was UNEXPECTEDLY Reverted to the Free Version. Despite this, my subscription is still active in the play store.",neutral,positive,0.959,neutral,0.73818123,0.075028405,0.73818123,0.1867904
32542,,5,"This apps help a lot to learning English, especially pronunction and correct my grammar","this apps help a lot to learn english, especially pronunction and correct my grammar",en,0.8929409384727478,"This apps help a lot to learning English, especially pronunction and correct my grammar",positive,positive,0.4019,positive,0.8926265,0.0131737655,0.09419967,0.8926265
32543,,5,"I Felt Very Happy When I Found It, It's Very Helpful Application for My English. Thanks for Proggamers and Developers.","i felt very happy when i find it, it be very helpful application for my english. thanks for proggamers and developers.",en,0.9445074796676636,"I Felt Very Happy When I Found It, It's Very Helpful Application for My English. Thanks for Proggamers and Developers.",positive,positive,0.8746,positive,0.98534137,0.0034157995,0.011242845,0.98534137
32544,,5,"It's really nice to learn about English, Listening, Speaking, and something like that.","it be really nice to learn about english, listening, speaking, and something like that.",en,0.9746731519699096,"It's really nice to learn about English, Listening, Speaking, and something like that.",positive,positive,0.6801,positive,0.89295715,0.0076868148,0.099356055,0.89295715
32545,,5,good and want the practice free because i can't pay with this course,good and want the practice free because i cannot pay with this course,en,0.970231831073761,good and want the practice free because i can't pay with this course,positive,positive,0.778,neutral,0.3361042,0.12282995,0.3361042,0.5410658
32546,,5,Feeling confide,feel confide,en,0.6868821382522583,Feeling confide,positive,neutral,0.0,neutral,0.6094639,0.09092232,0.6094639,0.2996138
32547,,5,Goddess application,goddess application,en,0.8172804713249207,Goddess application,positive,neutral,0.0,neutral,0.63385147,0.15069146,0.63385147,0.215457
32548,,5,This application is really helpful to enhance your pronunciation and strengthn your basic English,this application be really helpful to enhance your pronunciation and strengthn your basic english,en,0.9062718749046326,This application is really helpful to enhance your pronunciation and strengthn your basic English,positive,positive,0.4754,positive,0.93097574,0.0047088433,0.06431543,0.93097574
32549,,5,good apps for improving English skills,good apps for improve english skill,en,0.757143497467041,good apps for improving English skills,positive,positive,0.7003,neutral,0.33575824,0.023369906,0.33575824,0.6408719
32550,,5,that is important to me I LOVED,that be important to me i love,en,0.8789434432983398,that is important to me I LOVED,positive,positive,0.7184,positive,0.95077455,0.0060383864,0.043187074,0.95077455
32551,,4,I really enjoy the role play. but quite up the upset because many are we need upgrades tier 😕,i really enjoy the role play. but quite up the upset because many be we need upgrade tier 😕,en,0.9853410124778748,I really enjoy the role play. but quite up the upset because many are we need upgrades tier😕,neutral,negative,-0.2141,positive,0.77321166,0.07273575,0.1540526,0.77321166
32552,,3,elsa it slow system,elsa it slow system,en,0.6726475358009338,elsa it slow system,neutral,neutral,0.0,negative,0.5738247,0.5738247,0.39137292,0.034802403
32553,,5,"Amazing, Happy to Have Fun English","amazing, happy to have fun english",en,0.9502232670783995,"Amazing, Happy to Have Fun English",positive,positive,0.8957,positive,0.9862468,0.004016912,0.009736306,0.9862468
32554,,5,I really like this app !!!,i really like this app!,en,0.9810947179794312,I really like this app !!!,positive,positive,0.474,positive,0.9850803,0.0038199516,0.01109978,0.9850803
32555,,5,It's a great to increase your English speaking,it be a great to increase your english speaking,en,0.9229090213775636,It's a great to increase your English speaking,positive,positive,0.7506,positive,0.9469352,0.0046907254,0.04837413,0.9469352
32556,,1,Reconnecting continues,reconnecting continue,en,0.84666907787323,Reconnecting continues,negative,neutral,0.0,neutral,0.85491663,0.009741737,0.85491663,0.13534164
32557,,5,The best application for those of us who can learn English to be smooth.,the best application for those of u who can learn english to be smooth.,en,0.9471852779388428,The best application for those of us who can learn English to be smooth.,positive,positive,0.6369,positive,0.8251818,0.0074956585,0.16732259,0.8251818
32558,,4,This good app. I recommend you to download this app,this good app. i recommend you to download this app,en,0.908652365207672,This good app. I recommend you to download this app,neutral,positive,0.6597,positive,0.98583513,0.0022564966,0.011908374,0.98583513
32559,,5,Kereenn,kereenn,en,0.7457860112190247,Kereenn,positive,neutral,0.0,neutral,0.7466923,0.088721514,0.7466923,0.16458616
32560,,5,pretty good tilu kilo ge,pretty good tilu kilo ge,en,0.6673938035964966,pretty good tilu kilo ge,positive,positive,0.7269,positive,0.81040484,0.012601186,0.176994,0.81040484
32561,,5,I hope there is more free course,i hope there be more free course,en,0.7676941156387329,I hope there is more free course,positive,positive,0.7574,positive,0.7446385,0.012059055,0.24330246,0.7446385
32562,,2,"I don't really like the new interface, the old one is better :( it takes me Harder to search for the sub of each course because it keeps going back to the front course. So I need to click the ongoing course again and again. Guess all the progress of my course.","i do not really like the new interface, the old one be well it take me hard to search for the sub of each course because it keep go back to the front course. so i need to click the ongoing course again and again. guess all the progress of my course.",en,0.926474630832672,"I don't really like the new interface, the old one is better :( it takes me Harder to search for the sub of each course because it keeps going back to the front course. So I need to click the ongoing course again and again. Guess all the progress of my course.",negative,neutral,0.2899,negative,0.8945609,0.8945609,0.09765832,0.0077807712
32563,,1,I so love and like this too,i so love and like this too,en,0.8746894598007202,I so love and like this too,negative,positive,0.8051,positive,0.9848068,0.004633055,0.010560131,0.9848068
32565,,4,"Hy ... Don't worries for learning English here. Here is complity. You can speaking with ai, get help for saying about unfamiliar words of say and exparience to practice English everyday. and you can get all of that by free altoothing limited.","hy. do not worry for learn english here. here be complity. you can speak with ai, get help for say about unfamiliar word of say and exparience to practice english everyday. and you can get all of that by free altoothing limited.",en,0.9663368463516236,"Hy ... Don't worries for learning English here. Here is complity. You can speaking with ai, get help for saying about unfamiliar words of say and exparience to practice English everyday. and you can get all of that by free altoothing limited.",neutral,positive,0.7584,neutral,0.49808672,0.03134947,0.49808672,0.4705638
32566,,1,Trial 7 days finished and paid done but still doesn't work,trial 7 day finish and pay do but still do not work,en,0.9587765336036682,Trial 7 days finished and paid done but still doesn't work,negative,neutral,-0.0516,negative,0.60312366,0.60312366,0.36939207,0.0274843
32567,,5,"Great App for Learning a Conversation, and for Eap of Course.","great app for learn a conversation, and for eap of course.",en,0.9415751099586488,"Great App for Learning a Conversation, and for Eap of Course.",positive,positive,0.6249,positive,0.9701849,0.0027988579,0.02701615,0.9701849
32568,,5,Nice app ... i like its ... powerful,nice app. i like its. powerful,en,0.9395146369934082,Nice app ... i like its ... powerful,positive,positive,0.7964,positive,0.98197454,0.0047175856,0.013307873,0.98197454
32569,,5,Best Learning English App !!,best learn english app!,en,0.681919515132904,Best Learning English App !!,positive,positive,0.6696,positive,0.97381216,0.0027221767,0.02346565,0.97381216
32570,,5,The app is good. I love it,the app be good. i love it,en,0.7324306964874268,The app is good. I love it,positive,positive,0.7964,positive,0.980212,0.005332446,0.014455577,0.980212
32571,,5,Great App to Study English,great app to study english,en,0.9184407591819764,Great App to Study English,positive,positive,0.6249,positive,0.96611494,0.0032378805,0.030647222,0.96611494
32572,,5,Good Apps Ever,good apps ever,en,0.9001744389533997,Good Apps Ever,positive,positive,0.4404,positive,0.9503604,0.007934433,0.041705202,0.9503604
32573,,5,"I hope the subscription price can be lower, so that more people can afford it.","i hope the subscription price can be lower, so that more people can afford it.",en,0.9482778906822203,"I hope the subscription price can be lower, so that more people can afford it.",positive,neutral,0.1779,neutral,0.47844595,0.038108103,0.47844595,0.483446
32574,,5,"Very good ai, i love this","very good ai, i love this",en,0.917955756187439,"Very good ai, i love this",positive,positive,0.8251,positive,0.9863762,0.0046969787,0.008926774,0.9863762
32576,,5,This App Very Helpful For Me,this app very helpful for me,en,0.973571240901947,This App Very Helpful For Me,positive,positive,0.4754,positive,0.97858745,0.0031223856,0.018290235,0.97858745
32578,,5,"This app is great, I can speak with native speakers, make me challenge to learn speaking more","this app be great, i can speak with native speakers, make me challenge to learn speak more",en,0.9685009717941284,"This app is great, I can speak with native speakers, make me challenge to learn speaking more",positive,positive,0.6597,positive,0.97167283,0.0036824448,0.024644712,0.97167283
32579,,5,It was nice to be able to talk directly directly and corrected directly by Elsa ... and the pronunciation likes good not rigid ... Thanks.,it be nice to be able to talk directly directly and correct directly by elsa. and the pronunciation like good not rigid. thanks.,en,0.882626473903656,It was nice to be able to talk directly directly and corrected directly by Elsa ... and the pronunciation likes good not rigid ... Thanks.,positive,positive,0.7322,neutral,0.3192442,0.04804927,0.3192442,0.6327065
32580,,5,Perfect Kanggo Teaching,perfect kanggo teaching,en,0.7519797682762146,Perfect Kanggo Teaching,positive,positive,0.5719,positive,0.7786076,0.020248646,0.20114371,0.7786076
32581,,5,it's a good app for education,it be a good app for education,en,0.9264126420021056,it's a good app for education,positive,positive,0.4404,positive,0.8397376,0.00804025,0.1522222,0.8397376
32583,,5,Nice to Practice My English Skill,nice to practice my english skill,en,0.9023932814598083,Nice to Practice My English Skill,positive,positive,0.4215,positive,0.9459357,0.0047240364,0.049340263,0.9459357
32584,,5,This app is very good 😙,this app be very good 😙,en,0.9761194586753844,This app is very good 😙,positive,positive,0.4927,positive,0.97908884,0.003365923,0.017545218,0.97908884
32585,,5,to improve .my speaking,to improve. my speaking,en,0.968884527683258,to improve .my speaking,positive,positive,0.4404,neutral,0.61968374,0.026755197,0.61968374,0.353561
32587,,5,This apps is very nice,this apps be very nice,en,0.9542486667633056,This apps is very nice,positive,positive,0.4754,positive,0.961333,0.0050644143,0.033602577,0.961333
32588,,5,Very Helpful to Study English,very helpful to study english,en,0.9746426343917848,Very Helpful to Study English,positive,positive,0.4754,positive,0.9542926,0.0045507583,0.041156627,0.9542926
32589,,5,"It is a really good application for study english. In this application, I can practice pronounciation, grammar, conversation, words skills, etc. So funny to learning English through this app. Thank you for developers to create this amazing application.","it be a really good application for study english. in this application, i can practice pronounciation, grammar, conversation, word skills, etc. so funny to learn english through this app. thank you for developer to create this amazing application.",en,0.9010897874832152,"It is a really good application for study english. In this application, I can practice pronounciation, grammar, conversation, words skills, etc. So funny to learning English through this app. Thank you for developers to create this amazing application.",positive,positive,0.9436,positive,0.9848719,0.0028450566,0.0122830225,0.9848719
32590,,1,"The app is error. When I turn on the mic and try to talk, the mic back to off","the app be error. when i turn on the mic and try to talk, the mic back to off",en,0.9084069728851318,"The app is error. When I turn on the mic and try to talk, the mic back to off",negative,negative,-0.4019,negative,0.72139907,0.72139907,0.26040074,0.018200178
32591,,5,"nice application ,, so i can learning English with confidence, thanks","nice application, so i can learn english with confidence, thanks",en,0.903407633304596,"nice application ,, so i can learning English with confidence, thanks",positive,positive,0.8402,positive,0.9716105,0.0042872755,0.024102265,0.9716105
32592,,5,L like this program,l like this program,en,0.9188814163208008,L like this program,positive,positive,0.3612,positive,0.91874737,0.009236014,0.07201659,0.91874737
32593,,5,wow I'm so Into about this app the app is so great to people who want to speak english like native speaker thank you elsa! This is so great,wow i be so into about this app the app be so great to people who want to speak english like native speaker thank you elsa! this be so great,en,0.9366486668586732,wow I'm so Into about this app the app is so great to people who want to speak english like native speaker thank you elsa! This is so great,positive,positive,0.9677,positive,0.98694324,0.0032847961,0.009771959,0.98694324
32594,,5,it is very interesting and I am very happy learning English by elsa speak,it be very interesting and i be very happy learn english by elsa speak,en,0.9840605854988098,it is very interesting and I am very happy learning English by elsa speak,positive,positive,0.7897,positive,0.980899,0.0022178222,0.016883224,0.980899
32597,,5,I Learn More About English,i learn more about english,en,0.9030706882476808,I Learn More About English,positive,neutral,0.0,neutral,0.72359264,0.041062534,0.72359264,0.23534481
32598,,5,This application is so good .... but unfortunately if you want to continue training you have to pay ... but so far so good,this application be so good. but unfortunately if you want to continue train you have to pay. but so far so good,en,0.958399772644043,This application is so good .... but unfortunately if you want to continue training you have to pay ... but so far so good,positive,positive,0.5909,positive,0.8128911,0.05905128,0.12805763,0.8128911
32599,,5,"It helps me to learning English better. Next Month, I will take English test and I want to get the level C. that I why I I Practice My English Using Elsa. Thank you Elsa","it help me to learn english better. next month, i will take english test and i want to get the level c. that i why i i practice my english use elsa. thank you elsa",en,0.8301635980606079,"It helps me to learning English better. Next Month, I will take English test and I want to get the level C. that I why I I Practice My English Using Elsa. Thank you Elsa",positive,positive,0.8126,positive,0.94770294,0.002994292,0.04930278,0.94770294
32600,,5,Makes Me Learn How to Fluent in English and Communicate..thank you Ellsa..i recommended,make me learn how to fluent in english and communicate. thank you ellsa. i recommend,en,0.7793198823928833,Makes Me Learn How to Fluent in English and Communicate..thank you Ellsa..i recommended,positive,positive,0.6124,positive,0.9497448,0.0047878725,0.04546733,0.9497448
32601,,5,This is a very good application to learn and improve our English skills for the better,this be a very good application to learn and improve our english skill for the good,en,0.93994802236557,This is a very good application to learn and improve our English skills for the better,positive,positive,0.8514,positive,0.9709542,0.0030505203,0.025995368,0.9709542
32602,,5,So good to improve my speaking skills,so good to improve my speaking skill,en,0.9071878790855408,So good to improve my speaking skills,positive,positive,0.7474,positive,0.9774721,0.0049704243,0.017557504,0.9774721
32603,,5,I can improve my English with Elsa,i can improve my english with elsa,en,0.864904522895813,I can improve my English with Elsa,positive,positive,0.4404,neutral,0.38729647,0.013754518,0.38729647,0.598949
32604,,5,"Very good, useful","very good, useful",en,0.9422773122787476,"Very good, useful",positive,positive,0.7485,positive,0.9700233,0.0068357326,0.023141002,0.9700233
32607,,5,This app is really helping me in practice,this app be really help me in practice,en,0.9667596220970154,This app is really helping me in practice,positive,positive,0.4576,positive,0.94359374,0.005654663,0.050751563,0.94359374
32608,,5,good way to learning how to speak english well,good way to learn how to speak english well,en,0.979105830192566,good way to learning how to speak english well,positive,positive,0.6124,positive,0.8418138,0.009185515,0.1490007,0.8418138
32609,,5,not bad .. really help my pronunciation,not bad. really help my pronunciation,en,0.9199398756027222,not bad .. really help my pronunciation,positive,neutral,0.0964,positive,0.8707474,0.018141996,0.11111056,0.8707474
32610,,4,"Gg Geming, but I put it 4 star BCZ Need Premium to Hard Learner","gg geming, but i put it 4 star bcz need premium to hard learner",en,0.8912486433982849,"Gg Geming, but I put it 4 star BCZ Need Premium to Hard Learner",neutral,neutral,-0.0,neutral,0.55370075,0.033322517,0.55370075,0.41297674
32611,,5,"I'm Glad for Learning English with Elsa, Thanks for Helped Me 😇 ❤️ 🥰","i be glad for learn english with elsa, thanks for help me 😇 ❤ 🥰",en,0.8928226232528687,"I'm Glad for Learning English with Elsa, Thanks for Helped Me😇❤️🥰",positive,positive,0.8225,positive,0.984797,0.0023695203,0.012833502,0.984797
32612,,5,"There is so cool, I am so happy with the program. so thank you elsa","there be so cool, i be so happy with the program. so thank you elsa",en,0.7749426364898682,"There is so cool, I am so happy with the program. so thank you elsa",positive,positive,0.8814,positive,0.98663944,0.003539259,0.009821323,0.98663944
32613,,5,Just begin to learn English with this application and its help a lot. Thanks,just begin to learn english with this application and it be help a lot. thanks,en,0.9600443840026855,Just begin to learn English with this application and its help a lot. Thanks,positive,positive,0.6808,positive,0.9503353,0.005115232,0.04454943,0.9503353
32614,,5,I can learn more about speak English thank you 🫶,i can learn more about speak english thank you 🫶,en,0.9555292725563048,I can learn more about speak English thank you🫶,positive,positive,0.3612,positive,0.8938284,0.008226163,0.09794548,0.8938284
32616,,5,This application it fun & food application,this application it fun & food application,en,0.8437683582305908,This application it fun & food application,positive,positive,0.5106,positive,0.9650173,0.0034979386,0.031484757,0.9650173
32617,,5,I really enjoy for this app,i really enjoy for this app,en,0.9902323484420776,I really enjoy for this app,positive,positive,0.5413,positive,0.9785926,0.00521234,0.016195087,0.9785926
32618,,5,"not yet ,, just speak good's.","not yet, just speak goods.",en,0.9978986978530884,"not yet ,, just speak good's.",positive,neutral,0.0,neutral,0.87210625,0.03040987,0.87210625,0.09748385
32619,,5,that's the application is an helping me,that be the application be an help me,en,0.8849790692329407,that's the application is an helping me,positive,positive,0.4019,neutral,0.5749003,0.18603447,0.5749003,0.2390652
32620,,5,good conversation,good conversation,en,0.7783634662628174,good conversation,positive,positive,0.4404,positive,0.89756984,0.01776378,0.08466638,0.89756984
32621,,4,"good aps, and help","good aps, and help",en,0.9018982648849488,"good aps, and help",neutral,positive,0.6808,neutral,0.34863287,0.056430824,0.34863287,0.5949363
32622,,5,Elsa is really good application to improve your English.i like it ^ ^,elsa be really good application to improve your english. i like it,en,0.9177054166793824,Elsa is really good application to improve your English.i like it ^_ ^,positive,positive,0.8221,positive,0.9661197,0.0052547455,0.028625563,0.9661197
32623,,5,So Fun and It Feels Different,so fun and it feel different,en,0.8212510347366333,So Fun and It Feels Different,positive,positive,0.5563,positive,0.9784127,0.004853611,0.016733695,0.9784127
32624,,5,good for learning English speaking,good for learn english speaking,en,0.939641773700714,good for learning English speaking,positive,positive,0.4404,positive,0.8706913,0.007760782,0.121547915,0.8706913
32626,,5,Specially,specially,en,0.9253856539726256,Specially,positive,neutral,0.0,neutral,0.6113639,0.1955935,0.6113639,0.19304259
32627,,5,Thanks for developers,thanks for developer,en,0.9257665276527404,Thanks for developers,positive,positive,0.4404,positive,0.897668,0.010639037,0.09169299,0.897668
32628,,5,Joos Lik,joos lik,en,0.7594863176345825,Joosss Lik,positive,neutral,0.0,neutral,0.7860151,0.087149836,0.7860151,0.12683503
32629,,5,"This application really helped me in learning to speak english, this is very interesting for me, friends","this application really help me in learn to speak english, this be very interesting for me, friend",en,0.9749624133110046,"This application really helped me in learning to speak english, this is very interesting for me, friends",positive,positive,0.8476,positive,0.97785807,0.0024352372,0.01970668,0.97785807
32631,,5,The conversation is fun,the conversation be fun,en,0.5510861277580261,The conversation is fun,positive,positive,0.5106,positive,0.7025496,0.017921627,0.2795288,0.7025496
32632,,4,"Please make an option to set the font size of conversation part. It's too small, even if we are using a tabket, The Font Didn't Get Bigger.","please make an option to set the font size of conversation part. it be too small, even if we be use a tabket, the font do not get bigger.",en,0.7130659222602844,"Please make an option to set the font size of conversation part. It's too small, even if we are using a tabket, The Font Didn't Get Bigger.",neutral,positive,0.3182,negative,0.58848584,0.58848584,0.3843921,0.027122047
32633,,1,"I need help, my lifetime account has lost","i need help, my lifetime account have lose",en,0.935097873210907,"I need help, my lifetime account has lost",negative,neutral,0.0,negative,0.83709913,0.83709913,0.1476576,0.015243216
32634,,5,Great Application to Enhance My Ability to Speak in English Language,great application to enhance my ability to speak in english language,en,0.957637906074524,Great Application to Enhance My Ability to Speak in English Language,positive,positive,0.7506,positive,0.9672803,0.0022410925,0.030478537,0.9672803
32635,,5,Elsa Very Help Me To Learn Spelling,elsa very help me to learn spell,en,0.9415298104286194,Elsa Very Help Me To Learn Spelling,positive,positive,0.4576,positive,0.81528157,0.014057128,0.17066135,0.81528157
32636,,5,Very Helpful for Study English,very helpful for study english,en,0.9639151096343994,Very Helpful for Study English,positive,positive,0.4754,positive,0.94663733,0.0049725357,0.048390098,0.94663733
32637,,5,I'm really happy,i be really happy,en,0.9572229981422424,I'm really happy,positive,positive,0.6115,positive,0.95652276,0.00787046,0.035606787,0.95652276
32639,,4,"Good, but for those who don't subscribe not 24 hours, reduce it to 12 hours or 14, so I give 4 stars first. Good, but for those who don't subscribe, don't do it for 24 hours, reduce it to 12 hours or 14, so I'll give it 4 stars first.","good, but for those who do not subscribe not 24 hours, reduce it to 12 hour or 14, so i give 4 star first. good, but for those who do not subscribe, do not do it for 24 hours, reduce it to 12 hour or 14, so i will give it 4 star first.",en,0.8849872946739197,"Good, but for those who don't subscribe not 24 hours, reduce it to 12 hours or 14, so I give 4 stars first. Good, but for those who don't subscribe, don't do it for 24 hours, reduce it to 12 hours or 14, so I'll give it 4 stars first.",neutral,positive,0.7003,neutral,0.47990677,0.1107057,0.47990677,0.40938756
32640,,1,It's really hard to log in to tai 👊🏻 💩,it be really hard to log in to tai 👊 💩,en,0.9611377120018004,It's really hard to log in to taiiiiiiiiii👊🏻💩,negative,negative,-0.1761,negative,0.88401943,0.88401943,0.10974964,0.0062308908
32641,,5,"I like this application, very help me for learning speak english","i like this application, very help me for learn speak english",en,0.9694414734840392,"I like this application, very help me for learning speak english",positive,positive,0.6697,positive,0.9703804,0.00402079,0.025598777,0.9703804
32643,,5,I really love this conversation. This conversation train me very well,i really love this conversation. this conversation train me very well,en,0.9482619762420654,I really love this conversation. This conversation train me very well,positive,positive,0.7837,positive,0.9862199,0.0039436137,0.009836437,0.9862199
32645,,5,Very good applicationave,very good applicationave,en,0.933423101902008,Very good applicationave,positive,positive,0.4927,positive,0.9146025,0.0146499965,0.070747524,0.9146025
32646,,5,Ferry Good,ferry good,en,0.8207336068153381,Ferry Good,positive,positive,0.4404,neutral,0.37388858,0.036043968,0.37388858,0.59006745
32647,,3,Not bad for beginner like me especially could help to help more learning about speaking and listening.,not bad for beginner like me especially could help to help more learn about speaking and listening.,en,0.9674895405769348,Not bad for beginner like me especially could help to help more learning about speaking and listening.,neutral,positive,0.8836,positive,0.7285746,0.014392308,0.25703317,0.7285746
32648,,5,"The Elsa Speak Application Really Helped Improve My English, Starting from Listening, Pronunciation, Intonation and Speaking Fluency. I AM Very Grateful to Elsa Speak, because it is very useful for me.","the elsa speak application really help improve my english, start from listening, pronunciation, intonation and speak fluency. i be very grateful to elsa speak, because it be very useful for me.",en,0.9515880346298218,"The Elsa Speak Application Really Helped Improve My English, Starting from Listening, Pronunciation, Intonation and Speaking Fluency. I AM Very Grateful to Elsa Speak, because it is very useful for me.",positive,positive,0.9128,positive,0.9805204,0.0033299942,0.016149553,0.9805204
32649,,5,"The Elsa Speak Application Really Helped Improve My English, Intonation, Word Emphasis and Speaking Fluency I am very grateful to Elsa Speak because it is very useful for me","the elsa speak application really help improve my english, intonation, word emphasis and speaking fluency i be very grateful to elsa speak because it be very useful for me",en,0.932500958442688,"The Elsa Speak Application Really Helped Improve My English, Intonation, Word Emphasis and Speaking Fluency I am very grateful to Elsa Speak because it is very useful for me",positive,positive,0.9128,positive,0.9816642,0.0038582159,0.014477565,0.9816642
32650,,5,"The Elsa Speak Application Really Helps Me Improve My English Language Skills, Here We Can Learn Listening, Speaking, Conversation, and We Can Also Learn Learn Interviews. And I hope to be able to learn at Elsa Speak until my English is really good, and I can use it for work and in daily life.","the elsa speak application really help me improve my english language skills, here we can learn listening, speaking, conversation, and we can also learn learn interviews. and i hope to be able to learn at elsa speak until my english be really good, and i can use it for work and in daily life.",en,0.9679447412490844,"The Elsa Speak Application Really Helps Me Improve My English Language Skills, Here We Can Learn Listening, Speaking, Conversation, and We Can Also Learn Learn Interviews. And I hope to be able to learn at Elsa Speak until my English is really good, and I can use it for work and in daily life.",positive,positive,0.9052,positive,0.9343995,0.0031576925,0.062442802,0.9343995
32651,,5,"Elsa Speak Really Helped Me in My English Learning, I Felt Very Developed After Downloading this Application","elsa speak really help me in my english learning, i felt very develop after download this application",en,0.9734232425689696,"Elsa Speak Really Helped Me in My English Learning, I Felt Very Developed After Downloading this Application",positive,positive,0.4576,positive,0.9689012,0.0033207657,0.02777802,0.9689012
32652,,5,"This application is very good, this application can help me in learning English and knowing the intonation in speaking english, in this application you can see our level in English, I highly recommend you use this application.","this application be very good, this application can help me in learn english and know the intonation in speak english, in this application you can see our level in english, i highly recommend you use this application.",en,0.9332131147384644,"This application is very good, this application can help me in learning English and knowing the intonation in speaking english, in this application you can see our level in English, I highly recommend you use this application.",positive,positive,0.8265,positive,0.9805832,0.0022291169,0.017187644,0.9805832
32653,,5,"Love this app, but it's too expensive for me to subscribe it.","love this app, but it be too expensive for me to subscribe it.",en,0.9650872945785522,"Love this app, but it's too expensive for me to subscribe it.",positive,positive,0.3818,neutral,0.22960748,0.2620124,0.22960748,0.5083801
32654,,5,"Elsa Speak Helps Me In Learning English and Improving My English, So I Am Very Grateful for the Help From Elsa Speak and Elsa Speak is also very good for people who want to learn English","elsa speak help me in learn english and improve my english, so i be very grateful for the help from elsa speak and elsa speak be also very good for people who want to learn english",en,0.9734075665473938,"Elsa Speak Helps Me In Learning English and Improving My English, So I Am Very Grateful for the Help From Elsa Speak and Elsa Speak is also very good for people who want to learn English",positive,positive,0.9366,positive,0.9692496,0.0034395156,0.027310917,0.9692496
32655,,5,Interest this application help me learning English,interest this application help me learn english,en,0.8678898215293884,Interest this application help me learning English,positive,positive,0.6908,neutral,0.63650185,0.020452987,0.63650185,0.34304518
32656,,5,"Fun, very helpful to improve my english","fun, very helpful to improve my english",en,0.9398833513259888,"Fun, very helpful to improve my english",positive,positive,0.861,positive,0.9815703,0.0036894288,0.014740223,0.9815703
32657,,5,Glad to Learn English with U Elsa,glad to learn english with u elsa,en,0.9412268996238708,Glad to Learn English with U Elsa,positive,positive,0.4588,positive,0.97573435,0.00269306,0.021572577,0.97573435
32658,,5,"I like, and very good","i like, and very good",en,0.995302438735962,"I like, and very good",positive,positive,0.6901,positive,0.9685938,0.0053227334,0.026083535,0.9685938
32659,,5,Great Than I Think,great than i think,en,0.9966838359832764,Great Than I Think,positive,positive,0.6249,positive,0.8638802,0.008961337,0.12715839,0.8638802
32660,,4,"I am very happy to learn the language at Elsa Speak, because it is complete and easy to learn but, I give 4 stars because there is still something in my opinion, please fix it ^ ^","i be very happy to learn the language at elsa speak, because it be complete and easy to learn but, i give 4 star because there be still something in my opinion, please fix it",en,0.9287278652191162,"I am very happy to learn the language at Elsa Speak, because it is complete and easy to learn but, I give 4 stars because there is still something in my opinion, please fix it ^_ ^",neutral,positive,0.7504,positive,0.72251344,0.07110371,0.20638286,0.72251344
32661,,5,"This application really helped me improving my pronunciation, word emphasis, intonation and speaking fluency. I am very grateful to elsa speak because it is very useful for me.","this application really help me improve my pronunciation, word emphasis, intonation and speak fluency. i be very grateful to elsa speak because it be very useful for me.",en,0.9539914727211,"This application really helped me improving my pronunciation, word emphasis, intonation and speaking fluency. I am very grateful to elsa speak because it is very useful for me.",positive,positive,0.9126,positive,0.9803467,0.0035551,0.016098265,0.9803467
32662,,5,"Elsa Speak really helps me to improve my knowledge and skills in english and this is a very good application to improve English starting from listening, pronunciation, intonation, word emphasis and can train me in practice pronunciation until it is corrected and undertandable and there Elsa Speak","elsa speak really help me to improve my knowledge and skill in english and this be a very good application to improve english start from listening, pronunciation, intonation, word emphasis and can train me in practice pronunciation until it be correct and undertandable and there elsa speak",en,0.92499840259552,"Elsa Speak really helps me to improve my knowledge and skills in english and this is a very good application to improve English starting from listening, pronunciation, intonation, word emphasis and can train me in practice pronunciation until it is corrected and undertandable and there Elsa Speak",positive,positive,0.8998,positive,0.939628,0.0057246764,0.0546473,0.939628
32663,,5,"Best apk that i ever have ,, it's very helpful to upgrade our English skill ,, I upgraded my English skill because I will face my interview ,, and this apk very helpful ,, thanks so much.","best apk that i ever have, it be very helpful to upgrade our english skill, i upgrade my english skill because i will face my interview, and this apk very helpful, thanks so much.",en,0.9516597390174866,"Best apk that i ever have ,, it's very helpful to upgrade our English skill ,, I upgraded my English skill because I will face my interview ,, and this apk very helpful ,, thanks so much.",positive,positive,0.9269,positive,0.9834463,0.0035997008,0.012954017,0.9834463
32664,,4,I am so happy about that,i be so happy about that,en,0.9213495254516602,I am so happy about that,neutral,positive,0.6115,positive,0.96300066,0.0075515923,0.029447716,0.96300066
32665,,5,This app is very good to improve my English skill,this app be very good to improve my english skill,en,0.9329422116279602,This app is very good to improve my English skill,positive,positive,0.7474,positive,0.9640713,0.0035045417,0.032424178,0.9640713
32666,,5,"nice for learning English speaking, thank's","nice for learn english speaking, thanks",en,0.9394420385360718,"nice for learning English speaking, thank's",positive,positive,0.6908,positive,0.94712913,0.0053858995,0.04748503,0.94712913
32669,,5,"The application is very good, it really helps those who are just learning English, the features are also good.","the application be very good, it really help those who be just learn english, the feature be also good.",en,0.9715518951416016,"The application is very good, it really helps those who are just learning English, the features are also good.",positive,positive,0.8548,positive,0.97623074,0.0034350571,0.020334193,0.97623074
32670,,5,Elsa Speak is Great. You must try to increase your ability in english,elsa speak be great. you must try to increase your ability in english,en,0.9626094102859496,Elsa Speak is Great. You must try to increase your ability in english,positive,positive,0.8271,positive,0.92179376,0.008890337,0.069315866,0.92179376
32671,,5,"Woww, Tanankyouu Elsa Team ..","woww, tanankyouu elsa team.",en,0.6834255456924438,"Woww, Tanankyouu Elsa Team ..",positive,neutral,0.0,positive,0.80979115,0.03246104,0.15774783,0.80979115
32672,,5,Great to improve my speaking skills! Recommend 👍,great to improve my speak skills! recommend 👍,en,0.9232848286628724,Great to improve my speaking skills! Recommend 👍,positive,positive,0.8687,positive,0.98448455,0.0038093675,0.011706065,0.98448455
32673,,5,Excellent Tools ... I Love It,excellent tools. i love it,en,0.679240882396698,Excellent Tools ... I Love It,positive,positive,0.836,positive,0.98514766,0.0047339653,0.01011844,0.98514766
32674,,5,Best App In The World to Learning English,best app in the world to learn english,en,0.8636875748634338,Best App In The World to Learning English,positive,positive,0.6369,positive,0.9595318,0.0052768085,0.03519139,0.9595318
32675,,5,"nice, easy to use","nice, easy to use",en,0.7462071776390076,"nice, easy to use",positive,positive,0.6908,positive,0.936291,0.013553494,0.05015556,0.936291
32676,,5,very interesting and easy to use,very interesting and easy to use,en,0.9770427346229552,very interesting and easy to use,positive,positive,0.7316,positive,0.97636217,0.005196861,0.01844093,0.97636217
32677,,5,ok very good,ok very good,en,0.9979333281517028,ok very good,positive,positive,0.659,positive,0.935979,0.00923975,0.054781258,0.935979
32680,,5,"The Elsa Speak Application Really Helped Me Improve My English Skills, Here We Can Learn Listening, Speaking, Conversation, And We Can Also Learn Interviews, And I Hope That I Can Study At Elsa Speak Until My English Is Really Good, And I Can Use It For Work And In Everything And In Life, And Also I am very happy to be able to use this application","the elsa speak application really help me improve my english skills, here we can learn listening, speaking, conversation, and we can also learn interviews, and i hope that i can study at elsa speak until my english be really good, and i can use it for work and in everything and in life, and also i be very happy to be able to use this application",en,0.9694416522979736,"The Elsa Speak Application Really Helped Me Improve My English Skills, Here We Can Learn Listening, Speaking, Conversation, And We Can Also Learn Interviews, And I Hope That I Can Study At Elsa Speak Until My English Is Really Good, And I Can Use It For Work And In Everything And In Life, And Also I am very happy to be able to use this application",positive,positive,0.9455,positive,0.95428264,0.0031452999,0.04257212,0.95428264
32681,,5,"Elsa Speak Helped Me Improve My English Skills. Within a month, I could understand the English Pronunciation. There is Elsa Ai feature that like talking with new friends, I can talk with voice, Texts or Asking Help/Hint in Elsa. There is pronounciation practice from Easy to Discficult Level. That's very challenging ^^. There's intonation, word stress that help me to gain the score. And many features that very helpful for you guys> <. Don't be hesitate to download Elsa Speak","elsa speak help me improve my english skills. within a month, i could understand the english pronunciation. there be elsa ai feature that like talk with new friends, i can talk with voice, text or ask help/hint in elsa. there be pronounciation practice from easy to discficult level. that be very challenging . there be intonation, word stress that help me to gain the score. and many feature that very helpful for you guys> <. do not be hesitate to download elsa speak",en,0.9433017373085022,"Elsa Speak Helped Me Improve My English Skills. Within a month, I could understand the English Pronunciation. There is Elsa Ai feature that like talking with new friends, I can talk with voice, Texts or Asking Help/Hint in Elsa. There is pronounciation practice from Easy to Discficult Level. That's very challenging ^^. There's intonation, word stress that help me to gain the score. And many features that very helpful for u guys> <. Don't be hesitate to download Elsa Speak",positive,positive,0.969,positive,0.7992801,0.011523498,0.18919638,0.7992801
32682,,5,Great Application to Improve English,great application to improve english,en,0.8696138262748718,Great Application to Improve English,positive,positive,0.7906,positive,0.9555743,0.006856583,0.03756919,0.9555743
32683,,5,Best English Application,best english application,en,0.7302849888801575,Best English Application,positive,positive,0.6369,positive,0.8978581,0.010236279,0.09190568,0.8978581
32684,,5,Love Elsa Speak,love elsa speak,en,0.7694401144981384,Love Elsa Speak,positive,positive,0.6369,positive,0.9086806,0.0103697805,0.08094957,0.9086806
32685,,5,"Elsa Speak really helps me in learning English, there are modern features that can make it easier for me to learn more english. This is the best application to improve my English. This application is very useful","elsa speak really help me in learn english, there be modern feature that can make it easy for me to learn more english. this be the best application to improve my english. this application be very useful",en,0.9111046195030212,"Elsa Speak really helps me in learning English, there are modern features that can make it easier for me to learn more english. This is the best application to improve my English. This application is very useful",positive,positive,0.945,positive,0.97482,0.0036692629,0.021510705,0.97482
32686,,5,"Elsa Speak really helped me in improving my speaking and knowledge. With Various Very Interesting Features and Topics, it really helps my listening train and speaking. Thank you Elsa Speak","elsa speak really help me in improve my speaking and knowledge. with various very interesting feature and topics, it really help my listening train and speaking. thank you elsa speak",en,0.9781591296195984,"Elsa Speak really helped me in improving my speaking and knowledge. With Various Very Interesting Features and Topics, it really helps my listening train and speaking. Thank you Elsa Speak",positive,positive,0.9243,positive,0.9828631,0.0030764178,0.014060488,0.9828631
32687,,5,"Elsa Speak really helped me in learning English and this is the best English application I have ever tried in terms of pronunciation, hearing and intonation, you can record it so you know your abilities. And Elsaai is very helpful for interview preparation. Thank you Elsa Speak 🤩","elsa speak really help me in learn english and this be the best english application i have ever try in term of pronunciation, hearing and intonation, you can record it so you know your abilities. and elsaai be very helpful for interview preparation. thank you elsa speak 🤩",en,0.947558045387268,"Elsa Speak really helped me in learning English and this is the best English application I have ever tried in terms of pronunciation, hearing and intonation, you can record it so you know your abilities. And Elsaai is very helpful for interview preparation. Thank you Elsa Speak 🤩",positive,positive,0.9298,positive,0.9828089,0.0038107433,0.013380324,0.9828089
32688,,5,"Very good application, for me a student who is studying English for work abroad","very good application, for me a student who be study english for work abroad",en,0.9572941660881042,"Very good application, for me a student who is studying English for work abroad",positive,positive,0.4927,positive,0.9525563,0.0043146256,0.043129083,0.9525563
32689,,5,Very nice app. It really helps me to practice and improve my English.,very nice app. it really help me to practice and improve my english.,en,0.9697249531745912,Very nice app. It really helps me to practice and improve my English.,positive,positive,0.8396,positive,0.9801144,0.003136843,0.016748818,0.9801144
32690,,5,"Thank you, but I'm not too smooth","thank you, but i be not too smooth",en,0.8909704685211182,"Thank you, but I'm not too smooth",positive,neutral,0.1901,neutral,0.41959915,0.087740116,0.41959915,0.4926608
32691,,5,Great Apps Help Me Practice a lot Speaking in English,great apps help me practice a lot speaking in english,en,0.9283563494682312,Great Apps Help Me Practice a lot Speaking in English,positive,positive,0.7783,positive,0.9738427,0.0022595278,0.023897821,0.9738427
32692,,5,This really helps me in making a conversation with someone,this really help me in make a conversation with someone,en,0.9772230386734008,This really helps me in making a conversation with someone,positive,positive,0.4576,positive,0.86272895,0.0073047173,0.1299663,0.86272895
32693,,5,"it is my first experience with Elsa, very excited","it be my first experience with elsa, very excited",en,0.9669055938720704,"it is my first experience with Elsa, very excited",positive,positive,0.4005,positive,0.985298,0.0016448464,0.013057197,0.985298
32694,,5,"Cool App, Must Try","cool app, must try",en,0.9563224911689758,"Cool App, Must Try",positive,positive,0.3182,positive,0.9636679,0.009780946,0.02655116,0.9636679
32695,,4,Great job ...,great job.,en,0.9913289546966552,Great job ...,neutral,positive,0.6249,positive,0.959068,0.008610338,0.03232173,0.959068
32696,,5,Goo App for Upgrade Our Skills,goo app for upgrade our skill,en,0.9566367268562316,Goo App for Upgrade Our Skills,positive,neutral,0.0,neutral,0.5050519,0.038988806,0.5050519,0.45595926
32697,,5,its so easy with the Elsa Program,it be so easy with the elsa program,en,0.771131157875061,its so easy with the Elsa Program,positive,positive,0.5777,positive,0.78818524,0.023473015,0.18834175,0.78818524
32698,,5,"It's good application,","it be good application,",en,0.8558318614959717,"It's good application,",positive,positive,0.4404,positive,0.84855235,0.018857248,0.13259034,0.84855235
32700,,5,so happy with this ai chat,so happy with this ai chat,en,0.7586974501609802,so happy with this ai chat,positive,positive,0.6115,positive,0.9862621,0.0034552908,0.010282645,0.9862621
32701,,5,Elsa Is Smart Robot With Study,elsa be smart robot with study,en,0.7100682854652405,Elsa Is Smart Robot With Study,positive,positive,0.4019,neutral,0.5682835,0.034124367,0.5682835,0.39759216
32702,,5,the application is really helpful for me,the application be really helpful for me,en,0.9406980276107788,the application is really helpful for me,positive,positive,0.4754,positive,0.94317055,0.00597482,0.050854605,0.94317055
32703,,5,now i can speak,now i can speak,en,0.9890154600143432,now i can speak,positive,neutral,0.0,positive,0.6753451,0.0102300225,0.3144249,0.6753451
32704,,5,Elsa Speak is cool,elsa speak be cool,en,0.7941605448722839,Elsa Speak is cool,positive,positive,0.3182,neutral,0.36465338,0.035559155,0.36465338,0.5997875
32705,,5,Fun Learning,fun learn,en,0.5868866443634033,Fun Learning,positive,positive,0.5106,positive,0.7683844,0.020811437,0.21080415,0.7683844
32706,,5,so impressive,so impressive,en,0.6442828178405762,so impressive,positive,positive,0.5563,positive,0.9367059,0.014593018,0.04870103,0.9367059
32707,,5,This application is very good .. that's great 🤍 .. I keep laughing during the learning process because I immediately know my wrong pronunciation .. better understand .. so fun 🤍 .. and i hope my conversation will better and be advanced .. aamiin ..,this application be very good. that be great 🤍. i keep laugh during the learning process because i immediately know my wrong pronunciation. good understand. so fun 🤍. and i hope my conversation will well and be advanced. aamiin.,en,0.9544365406036376,This application is very good .. that's great 🤍 .. I keep laughing during the learning process because I immediately know my wrong pronunciation .. better understand .. so fun 🤍 .. and i hope my conversation will better and be advanced .. aamiin ..,positive,positive,0.9665,positive,0.9826317,0.004693176,0.0126751475,0.9826317
32708,,5,"I studied for 3 weeks and slowly was able to understand it because it was easy to understand, a good application elsa","i study for 3 week and slowly be able to understand it because it be easy to understand, a good application elsa",en,0.9521197080612184,"I studied for 3 weeks and slowly was able to understand it because it was easy to understand, a good application elsa",positive,positive,0.7003,positive,0.88905495,0.007082644,0.1038624,0.88905495
32709,,5,I like elsa to help me speaking in english,i like elsa to help me speak in english,en,0.9598444700241088,I like elsa to help me speaking in english,positive,positive,0.6369,neutral,0.35807985,0.012049744,0.35807985,0.6298704
32710,,5,Elsa Verry Wel Thanks You,elsa verry wel thanks you,en,0.5519939661026001,Elsa Verry Wel Thanks You,positive,positive,0.4404,positive,0.8855545,0.008423935,0.106021546,0.8855545
32712,,4,I can speak with English language with this network,i can speak with english language with this network,en,0.9688863158226012,I can speak with English language with this network,neutral,neutral,0.0,neutral,0.54971045,0.017013839,0.54971045,0.4332757
32714,,5,"very good application, because give me more opportunity to speaking in english","very good application, because give me more opportunity to speak in english",en,0.9756057858467102,"very good application, because give me more opportunity to speaking in english",positive,positive,0.742,positive,0.977736,0.0029288498,0.019335186,0.977736
32715,,5,Great. Elsa Very2 Help Me To Understand English.thank You,great. elsa very2 help me to understand english. thank you,en,0.8474177718162537,Great. Elsa Very² Help Me To Understand English.thank You,positive,positive,0.8519,positive,0.9797121,0.0035809816,0.016706863,0.9797121
32716,,5,"Thank you, I feel fun with you","thank you, i feel fun with you",en,0.9340723752975464,"Thank you, I feel fun with you",positive,positive,0.7003,positive,0.9799043,0.004274692,0.015820969,0.9799043
32717,,5,It Helpful to Practice Our English,it helpful to practice our english,en,0.8936563730239868,It Helpful to Practice Our English,positive,positive,0.4215,positive,0.7997698,0.0074718874,0.19275832,0.7997698
32718,,5,I feel so happy for using this application,i feel so happy for use this application,en,0.7949222922325134,I feel so happy for using this application,positive,positive,0.6115,positive,0.986007,0.0043543745,0.009638616,0.986007
32719,,5,Helpful like a native 😁,helpful like a native 😁,en,0.9258697032928468,Helpful like a native 😁,positive,positive,0.6486,positive,0.87089604,0.0066753724,0.12242859,0.87089604
32720,,5,the app is so nice,the app be so nice,en,0.6789997816085815,the app is sooooooooo nice,positive,positive,0.5598,positive,0.93849665,0.013357038,0.0481463,0.93849665
32721,,5,Soso Good,soso good,en,0.5920283198356628,Soso Good,positive,positive,0.4404,positive,0.8921984,0.020421494,0.087380156,0.8921984
32722,,5,Nice Assistant,nice assistant,en,0.9599510431289672,Nice Assistant,positive,positive,0.4215,positive,0.8416364,0.033348914,0.12501463,0.8416364
32723,,4,"I think this application is fantastic, I'm enjoy","i think this application be fantastic, i be enjoy",en,0.922031044960022,"I think this application is fantastic, I'm enjoy",neutral,positive,0.7783,positive,0.985103,0.0047891918,0.010107878,0.985103
32724,,5,"Great, he can understand me. whereas my English so bad","great, he can understand me. whereas my english so bad",en,0.9577029943466188,"Great, he can understand me. whereas my English so bad",positive,neutral,-0.1005,positive,0.7815014,0.07309922,0.14539932,0.7815014
32725,,5,This Elsa Speak Application Really Helps Me To Learn To Speak English Correctly and Elsa Speak is an application that really teaches me to pronounce words well and correctly and i am very happy,this elsa speak application really help me to learn to speak english correctly and elsa speak be an application that really teach me to pronounce word well and correctly and i be very happy,en,0.9695382118225098,This Elsa Speak Application Really Helps Me To Learn To Speak English Correctly and Elsa Speak is an application that really teaches me to pronounce words well and correctly and i am very happy,positive,positive,0.8437,positive,0.97303337,0.0033034515,0.02366324,0.97303337
32726,,5,"Makes me more confidence, thank you so much","make me more confidence, thank you so much",en,0.9074528217315674,"Makes me more confidence, thank you so much",positive,positive,0.7485,positive,0.9782842,0.005345602,0.016370237,0.9782842
32727,,5,"Nice app, more free is absolutely amazing app ✨","nice app, more free be absolutely amazing app ✨",en,0.8828328847885132,"Nice app, more free is absolutely amazing app ✨",positive,positive,0.8882,positive,0.98411685,0.005196424,0.010686782,0.98411685
32728,,5,thank you elsa you have help me,thank you elsa you have help me,en,0.937250792980194,thank u elsa you have help me,positive,positive,0.6369,positive,0.96393406,0.00520299,0.030863013,0.96393406
32729,,5,I am so better be for,i be so well be for,en,0.8330676555633545,I am so better be for,positive,positive,0.3384,neutral,0.36206144,0.068682335,0.36206144,0.56925625
32730,,5,FIRST THOUT .. I feel this app. Cheers ..,first thout. i feel this app. cheers.,en,0.8240200877189636,FIRST THOUT .. I feel this app. Cheers ..,positive,positive,0.4767,neutral,0.38172033,0.10945127,0.38172033,0.5088284
32731,,5,"Very good tools for English, but the price is pricey.","very good tool for english, but the price be pricey.",en,0.8958707451820374,"Very good tools for English, but the price is pricey.",positive,neutral,0.2724,neutral,0.45519087,0.3135733,0.45519087,0.23123586
32732,,5,"Friends who want to learn speaking. This application is one of the best choices. We are assisted by AI who so far can respond to all the questions and statements that I made. If you need friends Pratik talking B. English, immediately try the app","friend who want to learn speaking. this application be one of the best choices. we be assist by ai who so far can respond to all the question and statement that i made. if you need friend pratik talk b. english, immediately try the app",en,0.9458476305007936,"Friends who want to learn speaking. This application is one of the best choices. We are assisted by AI who so far can respond to all the questions and statements that I made. If you need friends Pratik talking B. English, immediately try the app",positive,positive,0.8979,positive,0.93858373,0.004090635,0.057325628,0.93858373
32733,,4,Elsa App is good i like to explore here,elsa app be good i like to explore here,en,0.8472230434417725,Elsa App is good i like to explore here,neutral,positive,0.6597,positive,0.9189096,0.0047438447,0.076346524,0.9189096
32734,,5,"I like Elsa, Speaking Becomes Smooth","i like elsa, speaking becomes smooth",en,0.9802071452140808,"I like Elsa, Speaking Becomes Smooth",positive,positive,0.3612,positive,0.93116885,0.008637402,0.060193714,0.93116885
32735,,5,"Syg paid, but this app is really good","syg paid, but this app be really good",en,0.954647421836853,"Syg paid, but this app is really good",positive,positive,0.6474,positive,0.91697204,0.007967178,0.075060785,0.91697204
32736,,5,Thank you Elsa Speak ...,thank you elsa speak.,en,0.7860652804374695,Thank you Elsa Speak ...,positive,positive,0.3612,positive,0.9559054,0.0050676465,0.039026935,0.9559054
32738,,5,"I Feel, My English Has Improved Like Speaking, Pronunciation, Intonation, and Fluency After I Learn With Elsa. Elsa is very good application for improv your English speaking","i feel, my english have improve like speaking, pronunciation, intonation, and fluency after i learn with elsa. elsa be very good application for improv your english speaking",en,0.925895631313324,"I Feel, My English Has Improved Like Speaking, Pronunciation, Intonation, and Fluency After I Learn With Elsa. Elsa is very good application for improv your English speaking",positive,positive,0.8221,positive,0.95303756,0.004340489,0.042621955,0.95303756
32739,,5,how great that i found good application to increase my english skills without nervous!,how great that i find good application to increase my english skill without nervous!,en,0.8942389488220215,how great that i found good application to increase my english skills without nervous!,positive,positive,0.8861,positive,0.9776503,0.0037947274,0.018555017,0.9776503
32740,,5,"I try to improve my English skill and so far so fun use the elsa speak, thx.","i try to improve my english skill and so far so fun use the elsa speak, thx.",en,0.7400583028793335,"I try to improve my English skill and so far so fun use the elsa speak, thx.",positive,positive,0.8741,positive,0.9630683,0.0031333142,0.0337984,0.9630683
32741,,5,I Dont Expect for Elsa Will So Complete Like This. Great App!,i do not expect for elsa will so complete like this. great app!,en,0.8740988969802856,I Dont Expect for Elsa Will So Complete Like This. Great App!,positive,positive,0.8379,positive,0.9479598,0.012476643,0.03956363,0.9479598
32742,,1,"No, Way.","no, way.",en,0.9773960113525392,"No, Way.",negative,negative,-0.296,neutral,0.61668646,0.32942486,0.61668646,0.053888664
32743,,5,I am so happy to speak english with elsa,i be so happy to speak english with elsa,en,0.9227873682975768,I am so happy to speak english with elsa,positive,positive,0.6115,positive,0.95299405,0.00480266,0.042203356,0.95299405
32744,,5,Elsa Help Me To Improve My Pronunciation,elsa help me to improve my pronunciation,en,0.7272229194641113,Elsa Help Me To Improve My Pronunciation,positive,positive,0.6808,neutral,0.4195973,0.0325554,0.4195973,0.5478473
32745,,5,Very good. I like learning with this application,very good. i like learn with this application,en,0.9866923689842224,Very good. I like learning with this application,positive,positive,0.7159,positive,0.98196787,0.0052872295,0.01274485,0.98196787
32746,,5,I like this app is very helpful,i like this app be very helpful,en,0.9618967771530152,I like this app is very helpful,positive,positive,0.6801,positive,0.9756798,0.0039820448,0.020338155,0.9756798
32748,,5,Recommendations,recommendation,en,0.6839208006858826,Recommendations,positive,neutral,0.0,neutral,0.7236804,0.06791139,0.7236804,0.20840825
32749,,5,Very good application. It is amazing,very good application. it be amaze,en,0.9509194493293762,Very good application. It is amazing,positive,positive,0.7713,positive,0.98035485,0.005438505,0.014206693,0.98035485
32750,,5,Great! thanks to learning me,great! thanks to learn me,en,0.9350969791412354,Great! thanks to learning me,positive,positive,0.807,positive,0.9852683,0.0043758685,0.010355753,0.9852683
32751,,5,that's good for me,that be good for me,en,0.9596534967422484,that's good for me,positive,positive,0.4404,positive,0.9191196,0.010449217,0.07043113,0.9191196
32752,,5,"Thank you very much, thanks to this application I can learn and understand English fluently. This is really intended for people who want to learn and be fluent in English","thank you very much, thanks to this application i can learn and understand english fluently. this be really intend for people who want to learn and be fluent in english",en,0.9764199256896972,"Thank you very much, thanks to this application I can learn and understand English fluently. This is really intended for people who want to learn and be fluent in English",positive,positive,0.7165,positive,0.9788487,0.0032277557,0.017923512,0.9788487
32753,,5,I like it !!! I hope there is new update for making all people not know about English .... then they can know about English .....,i like it! i hope there be new update for make all people not know about english. then they can know about english.,en,0.9345561861991882,I like it !!! I hope there is new update for making all people not know about English .... then they can know about English .....,positive,positive,0.69,positive,0.929919,0.0061882716,0.063892655,0.929919
32754,,2,No longer,no longer,en,0.8458770513534546,No longer,negative,negative,-0.296,neutral,0.73545974,0.15544462,0.73545974,0.10909562
32755,,5,Is very good application,be very good application,en,0.9716647267341614,Is very good application,positive,positive,0.4927,positive,0.89368385,0.014092105,0.0922241,0.89368385
32756,,5,Great 🤩 🤩 🤩,great 🤩 🤩 🤩,en,0.8047811388969421,Great 🤩🤩🤩,positive,positive,0.6249,positive,0.98730856,0.003568795,0.009122607,0.98730856
32757,,5,Its Adictive,it be adictive,en,0.581609308719635,Its Adictive,positive,neutral,0.0,neutral,0.5636133,0.2479442,0.5636133,0.18844256
32758,,4,This App Helps Me To Improve My English Ability,this app help me to improve my english ability,en,0.8940614461898804,This App Helps Me To Improve My English Ability,neutral,positive,0.7845,positive,0.8293258,0.0038129361,0.1668613,0.8293258
32760,,5,"its a great app. Thank you so much, Elsa really helps me","it be a great app. thank you so much, elsa really help me",en,0.7973668575286865,"its a great app. Thank you so much, Elsa really helps me",positive,positive,0.8622,positive,0.9866066,0.004735565,0.008657824,0.9866066
32761,,5,I like this English speaking and i hope my English will be better in the next,i like this english speaking and i hope my english will be well in the next,en,0.9454249143600464,I like this English speaking and i hope my English will be better in the next,positive,positive,0.7579,positive,0.96582216,0.0037931246,0.030384645,0.96582216
32762,,5,I Feel Like Crazy Because I Talked With This Ai For Hours,i feel like crazy because i talk with this ai for hour,en,0.9551689624786376,I Feel Like Crazy Because I Talked With This Ai For Hours,positive,neutral,0.0258,negative,0.7790479,0.7790479,0.18466456,0.036287528
32763,,5,Elsa - Learn English Speaking: Like,elsa - learn english speaking like,en,0.8896855711936951,Elsa - Learn English Speaking: Like,positive,positive,0.3612,neutral,0.8208596,0.042774595,0.8208596,0.13636588
32764,,5,Very Helpful and I Love This App,very helpful and i love this app,en,0.953682005405426,Very Helpful and I Love This App,positive,positive,0.8204,positive,0.9846556,0.0058433646,0.009501036,0.9846556
32765,,4,All some,all some,en,0.963632106781006,All some,neutral,neutral,0.0,neutral,0.7120061,0.10291839,0.7120061,0.18507545
32766,,5,I am like elsa,i be like elsa,en,0.566735565662384,I am like elsa,positive,positive,0.3612,neutral,0.7816121,0.06567007,0.7816121,0.15271789
32767,,5,the best tool for practicing spoken english,the best tool for practice spoken english,en,0.8016013503074646,the best tool for practicing spoken english,positive,positive,0.6369,positive,0.8576834,0.004605455,0.13771111,0.8576834
32769,,3,Should have a video to help understand the demonstration of the writing pronunction. I tried to place my tounge between my teeth yet it still is incorrect ..,should have a video to help understand the demonstration of the write pronunction. i try to place my tounge between my teeth yet it still be incorrect.,en,0.9547823071479796,Should have a video to help understand the demonstration of the writing pronunction. I tried to place my tounge between my teeth yet it still is incorrect ..,neutral,positive,0.4767,negative,0.6829818,0.6829818,0.30190182,0.015116341
32770,,5,This app is good for you to learn everything about english,this app be good for you to learn everything about english,en,0.930600643157959,This app is good for you to learn everything about english,positive,positive,0.4404,positive,0.8334849,0.0076018483,0.15891327,0.8334849
32771,,5,Please Elsa Give 75% Discount,please elsa give 75% discount,en,0.8762999773025513,Please Elsa Give 75% Discount,positive,positive,0.3182,neutral,0.4441488,0.022136694,0.4441488,0.5337145
32772,,5,What a Great App to Improve Your English!,what a great app to improve your english!,en,0.8571251630783081,What a Great App to Improve Your English!,positive,positive,0.807,positive,0.9846368,0.002904954,0.012458262,0.9846368
32773,,5,This App Upgrade My Pronouancion! Great!,this app upgrade my pronouancion! great!,en,0.7985399961471558,This App Upgrade My Pronouancion! Great!,positive,positive,0.6892,positive,0.9857766,0.00259885,0.01162454,0.9857766
32774,,5,excellent partner to improve my english,excellent partner to improve my english,en,0.856662392616272,excellent partner to improve my english,positive,positive,0.765,positive,0.96501654,0.0046000048,0.030383484,0.96501654
32776,,5,nice application and i love it,nice application and i love it,en,0.8551317453384399,nice application and i love it,positive,positive,0.7906,positive,0.9826837,0.005807352,0.011508941,0.9826837
32779,,5,Easy to Learn 💕,easy to learn 💕,en,0.9351497292518616,Easy to Learn 💕,positive,positive,0.4404,positive,0.9616157,0.0066502467,0.03173412,0.9616157
32783,,5,This application is excellent,this application be excellent,en,0.8325397372245789,This application is excellent,positive,positive,0.5719,positive,0.9763376,0.0053524864,0.018309826,0.9763376
32784,,5,Perfect Learn,perfect learn,en,0.8374918103218079,Perfect Learn,positive,positive,0.5719,positive,0.8619171,0.023528472,0.11455444,0.8619171
32785,,5,Amazing. It's bad now the adds comes up and ask me to upgrade to a pro,amazing. it be bad now the add come up and ask me to upgrade to a pro,en,0.9316176772117616,Amazing. It's bad now the adds comes up and ask me to upgrade to a pro,positive,neutral,0.0772,negative,0.5854693,0.5854693,0.283626,0.13090464
32786,,5,I love this app help me to improve my English speaking. Thanks Elsa,i love this app help me to improve my english speaking. thanks elsa,en,0.8614973425865173,I love this app help me to improve my English speaking. Thanks Elsa,positive,positive,0.9136,positive,0.9882174,0.0026072697,0.009175367,0.9882174
32787,,5,"It's Helpful, thank you","it be helpful, thank you",en,0.8234663605690002,"It's Helpful, thank you",positive,positive,0.6486,positive,0.9147228,0.015773386,0.06950383,0.9147228
32788,,5,Very top up application.,very top up application.,en,0.9530192613601683,Very top up application.,positive,neutral,0.2716,positive,0.69736046,0.027568793,0.2750708,0.69736046
32789,,5,Elsa - Learn English Speaking,elsa - learn english speaking,en,0.836457371711731,Elsa - Learn English Speaking,positive,neutral,0.0,neutral,0.8189811,0.044578064,0.8189811,0.13644087
32790,,5,Very Good App For English Lesson,very good app for english lesson,en,0.9597991108894348,Very Good App For English Lesson,positive,positive,0.4927,positive,0.9636115,0.003371779,0.033016685,0.9636115
32791,,5,Very helpful in practice pronunciation,very helpful in practice pronunciation,en,0.9497518539428712,Very helpful in practice pronunciation,positive,positive,0.4754,positive,0.94095826,0.0049167336,0.054125007,0.94095826
32792,,5,big thanks for elsa speak,big thanks for elsa speak,en,0.9535472393035888,big thanks for elsa speak,positive,positive,0.4404,positive,0.9741165,0.003328288,0.022555245,0.9741165
32793,,4,try first,try first,en,0.9598598480224608,try first,neutral,neutral,0.0,neutral,0.6669686,0.08848001,0.6669686,0.24455138
32794,,1,don't understand,do not understand,en,0.907751441001892,don't understand,negative,neutral,0.0,negative,0.562988,0.562988,0.38792342,0.04908864
32795,,5,Good and Smart APS,good and smart aps,en,0.879173994064331,Good and Smart APS,positive,positive,0.6808,positive,0.88014185,0.017401466,0.10245669,0.88014185
32796,,5,This game is very good,this game be very good,en,0.9826276302337646,This game is very good,positive,positive,0.4927,positive,0.97081226,0.0032039096,0.025983881,0.97081226
32797,,5,good to the speak english,good to the speak english,en,0.9760763049125672,good to the speak english,positive,positive,0.4404,positive,0.91950405,0.007328912,0.073166974,0.91950405
32800,,5,Ok sip,ok sip,en,0.5397478938102722,Ok sip,positive,neutral,0.296,neutral,0.6188315,0.087339275,0.6188315,0.29382914
32801,,5,Hello Elsa Speak. I think your application is great. But I want to improve my writing English skill too. Can you give the recommendation of the application I should use?,hello elsa speak. i think your application be great. but i want to improve my write english skill too. can you give the recommendation of the application i should use?,en,0.9302653074264526,Hello Elsa Speak. I think your application is great. But I want to improve my writing English skill too. Can you give the recommendation of the application I should use?,positive,positive,0.7814,positive,0.96254176,0.0028936288,0.034564633,0.96254176
32802,,1,You actually need to pay for everything. Use duolingo inside,you actually need to pay for everything. use duolingo inside,en,0.9288318753242492,You actually need to pay for everything. Use duolingo inside,negative,neutral,-0.1027,negative,0.47170618,0.47170618,0.48916337,0.03913042
32803,,5,"Nice to learning English language, I like this application 👍forens","nice to learn english language, i like this application 👍forens",en,0.8541449904441833,"Nice to learning English language, I like this application 👍forens",positive,positive,0.6486,positive,0.9799525,0.0039399765,0.016107507,0.9799525
32804,,5,Hopeful there will be a disc or free plan with more features,hopeful there will be a disc or free plan with more feature,en,0.8719927072525024,Hopeful there will be a disc or free plan with more features,positive,positive,0.765,positive,0.76234597,0.0077494294,0.22990456,0.76234597
32805,,5,"I can improve my English now, thanks lot","i can improve my english now, thanks lot",en,0.9082874655723572,"I can improve my English now, thanks lot",positive,positive,0.7003,positive,0.95070994,0.008375188,0.040914875,0.95070994
32807,,5,"Washap, thanks good","washap, thanks good",en,0.952546775341034,"Washaaapppp, thanks good",positive,positive,0.7003,positive,0.87753904,0.015566147,0.10689484,0.87753904
32809,,5,This apk very good,this apk very good,en,0.979591190814972,This apk very good,positive,positive,0.4927,positive,0.97721195,0.0052887225,0.017499402,0.97721195
32812,,5,"I love elsa, thanks so much to help me be my partner speak english 🤗","i love elsa, thanks so much to help me be my partner speak english 🤗",en,0.9158723950386048,"I love elsa, thanks so much to help me be my partner speak english 🤗",positive,positive,0.8768,positive,0.98745173,0.003753712,0.008794562,0.98745173
32813,,5,"Awesome. Like this App because so many lesson for Praticting English, there's a score and certificate international too","awesome. like this app because so many lesson for praticting english, there be a score and certificate international too",en,0.8901793360710144,"Awesome. Like this App because so many lesson for Praticting English, there's a score and certificate international too",positive,positive,0.765,positive,0.9689827,0.0040811547,0.026936226,0.9689827
32814,,1,I think this is nice app to learn and improve my English,i think this be nice app to learn and improve my english,en,0.9567109942436218,I think this is nice app to learn and improve my English,negative,positive,0.6908,positive,0.9401304,0.0044791843,0.055390358,0.9401304
32815,,4,"for introducing is good as well,","for introducing be good as well,",en,0.977048933506012,"for introducing is good as well,",neutral,positive,0.6124,positive,0.77583987,0.020203227,0.20395692,0.77583987
32816,,4,It's Good I Guess,it be good i guess,en,0.8762681484222412,It's Good I Guess,neutral,positive,0.4404,positive,0.8400313,0.0116534615,0.14831522,0.8400313
32817,,5,The application its good to help us improve our English speaking,the application it be good to help u improve our english speaking,en,0.886562168598175,The application its good to help us improve our English speaking,positive,positive,0.8176,positive,0.79402256,0.008538647,0.19743878,0.79402256
32818,,5,"Very good for Accent British, Tank You 🥰","very good for accent british, tank you 🥰",en,0.962154984474182,"Very good for Accent British, Tank You 🥰",positive,positive,0.4927,positive,0.98168874,0.00448116,0.013830049,0.98168874
32819,,5,"COOL, with this I can learn more more and more","cool, with this i can learn more more and more",en,0.982361137866974,"COOL, with this I can learn more more and more",positive,positive,0.3182,positive,0.975233,0.0029701823,0.02179684,0.975233
32820,,5,It's idea was great,it be idea be great,en,0.6622607111930847,It's idea was great,positive,positive,0.6249,positive,0.9582507,0.006531851,0.035217453,0.9582507
32822,,3,and the good job,and the good job,en,0.979665756225586,and the good job,neutral,positive,0.4404,positive,0.87354183,0.016918441,0.10953979,0.87354183
32825,,5,Okay I will,okay i will,en,0.8065176606178284,Okay I will,positive,neutral,0.2263,neutral,0.5546709,0.047338083,0.5546709,0.39799106
32826,,5,thx you,thx you,en,0.515209436416626,thx u,positive,positive,0.3612,positive,0.89728445,0.017081054,0.08563453,0.89728445
32827,,5,good exercise,good exercise,en,0.9441755414009094,good exercise,positive,positive,0.4404,positive,0.9061381,0.013755187,0.08010671,0.9061381
32828,,4,Ithink this is so good for learning speaking,ithink this be so good for learn speaking,en,0.8904383778572083,Ithink this is so good for learning speaking,neutral,positive,0.5777,positive,0.9534128,0.00803004,0.038557142,0.9534128
32829,,4,The application is Asek Lets Go Cobain,the application be asek let u go cobain,en,0.5526195764541626,The application is Asek Lets Go Cobain,neutral,neutral,0.0,neutral,0.81976366,0.12526101,0.81976366,0.054975342
32830,,5,It's very good app ... I can improve my English completely ... thanks for this app to you as a developer this app ..,it be very good app. i can improve my english completely. thanks for this app to you as a developer this app.,en,0.9806695580482484,It's very good app ... I can improve my English completely ... thanks for this app to you as a developer this app ..,positive,positive,0.8514,positive,0.9842168,0.0029559915,0.012827135,0.9842168
32831,,5,"not bad at all ... if you want the best feature, you should take paid lesson","not bad at all. if you want the best feature, you should take pay lesson",en,0.933725357055664,"not bad at all ... if you want the best feature, you should take paid lesson",positive,positive,0.7876,neutral,0.32569253,0.076914184,0.32569253,0.5973933
32832,,5,It's nice to learning English with Elsa. They can teach us about pronunciations too,it be nice to learn english with elsa. they can teach u about pronunciation too,en,0.9244154691696168,It's nice to learning English with Elsa. They can teach us about pronunciations too,positive,positive,0.4215,positive,0.83069175,0.008616177,0.16069207,0.83069175
32833,,5,I'm Happy Can Study in Apps Elsa Speak Thank You.,i be happy can study in apps elsa speak thank you.,en,0.963092565536499,I'm Happy Can Study in Apps Elsa Speak Thank You.,positive,positive,0.7351,positive,0.915882,0.0068985815,0.077219434,0.915882
32834,,5,"Thank you Elsa Speak, now I can learn English","thank you elsa speak, now i can learn english",en,0.8763198256492615,"Thank you Elsa Speak, now I can learn English",positive,positive,0.3612,positive,0.93670684,0.0061821616,0.05711094,0.93670684
32835,,5,"Good Software, I like, very good.","good software, i like, very good.",en,0.9741004109382628,"Good Software, I like, very good.",positive,positive,0.8074,positive,0.97888345,0.0047830697,0.016333567,0.97888345
32837,,5,Good English Learning App.,good english learning app.,en,0.8569417595863342,Good English Learning App.,positive,positive,0.4404,positive,0.92358404,0.003987178,0.07242877,0.92358404
32838,,5,"Thanks for Elsa Speak,","thanks for elsa speak,",en,0.9543459415435792,"Thanks for Elsa Speak,",positive,positive,0.4404,positive,0.918026,0.004258149,0.077715866,0.918026
32839,,5,This apl verry good for learning,this apl verry good for learn,en,0.8167402744293213,This apl verry good for learning,positive,positive,0.4404,positive,0.9229401,0.009548822,0.067511104,0.9229401
32840,,5,great application while intense,great application while intense,en,0.8007979393005371,great application while intense,positive,positive,0.6597,positive,0.9458459,0.014009512,0.040144574,0.9458459
32841,,5,I really like to study here,i really like to study here,en,0.9896610379219056,I really like to study here,positive,positive,0.4201,positive,0.949891,0.0037664678,0.046342567,0.949891
32842,,5,Nice to install you,nice to install you,en,0.9382426738739014,Nice to install you,positive,positive,0.4215,positive,0.95534647,0.004549597,0.04010393,0.95534647
32843,,5,so far good experience,so far good experience,en,0.7158271670341492,so far good experienceee,positive,positive,0.4902,positive,0.97613835,0.004623529,0.019238168,0.97613835
32847,,5,This Apps Help Me Study English Everything,this apps help me study english everything,en,0.7726096510887146,This Apps Help Me Study English Everything,positive,positive,0.4019,positive,0.77488923,0.0075805937,0.21753019,0.77488923
32848,,5,omg its so good this is very helpful for beginners,omg it be so good this be very helpful for beginner,en,0.8132345676422119,omg its so good this is very helpful for beginners,positive,positive,0.7804,positive,0.9863468,0.0039966726,0.0096566165,0.9863468
32849,,4,apk very very good,apk very very good,en,0.9983023405075072,apk very very good,neutral,positive,0.5379,positive,0.96650195,0.0062495675,0.027248397,0.96650195
32850,,5,Very good 😀 👍,very good 😀 👍,en,0.992136538028717,Very good 😀👍,positive,positive,0.4927,positive,0.98087454,0.0052946317,0.013830845,0.98087454
32851,,5,like that apk in 🥺,like that apk in 🥺,en,0.991696298122406,like that apk in🥺,positive,positive,0.3612,neutral,0.69516325,0.06642201,0.69516325,0.23841475
32852,,5,very good l like that,very good l like that,en,0.9974119663238524,very good l like that,positive,positive,0.7159,positive,0.97116584,0.00740208,0.021432105,0.97116584
32853,,5,Great Apps for Learning Speaking,great apps for learn speaking,en,0.945939600467682,Great Apps for Learning Speaking,positive,positive,0.6249,positive,0.9441868,0.0050575417,0.050755586,0.9441868
32854,,4,Really easy,really easy,en,0.9865314960479736,Really easy,neutral,positive,0.4927,positive,0.75058234,0.0379759,0.21144179,0.75058234
32857,,5,Help.,help.,en,0.9937546849250792,Help.,positive,positive,0.4019,neutral,0.68833905,0.16407491,0.68833905,0.14758605
32859,,5,exclaimed really,exclaim really,en,0.951199471950531,exclaimed really,positive,neutral,0.0,neutral,0.81010246,0.0649336,0.81010246,0.12496388
32861,,5,COOL SOLUTION !!! Cook for the English ones,cool solution! cook for the english one,en,0.7365657687187195,COOL SOLUTION !!! Cook for the English ones,positive,positive,0.5983,positive,0.9354539,0.0048482735,0.059697773,0.9354539
32863,,5,I so happy for lesson with elsa,i so happy for lesson with elsa,en,0.8219299912452698,I so happy for lesson with elsa,positive,positive,0.6115,positive,0.9852711,0.0030656608,0.011663196,0.9852711
32864,,5,the best app for speaking practice,the best app for speaking practice,en,0.9241012930870056,the best app for speaking practice,positive,positive,0.6369,positive,0.96027344,0.0030585735,0.03666794,0.96027344
32865,,5,Very good Off,very good off,en,0.995911180973053,Very good Off,positive,positive,0.4927,positive,0.9004569,0.014931317,0.084611766,0.9004569
32866,,5,This application is very well,this application be very well,en,0.983710765838623,This application is very well,positive,positive,0.3384,positive,0.8860609,0.008836104,0.10510294,0.8860609
32868,,5,seriously exciting,seriously excite,en,0.970962941646576,seriously exciting,positive,positive,0.34,positive,0.9354417,0.007874722,0.05668354,0.9354417
32869,,5,really like,really like,en,0.9985731840133668,really like,positive,positive,0.4201,positive,0.81736183,0.017677827,0.16496034,0.81736183
32870,,5,Originali cool for the apk .... love you so much elsa,originali cool for the apk. love you so much elsa,en,0.7673901319503784,Originaliiiii cool for the apk .... love you so much elsaaaaaaa,positive,positive,0.7579,positive,0.97372323,0.007637584,0.018639227,0.97372323
32871,,5,It's such a Great App to Improve Our English. I recommend you guys!,it be such a great app to improve our english. i recommend you guys!,en,0.8913691639900208,It's such a Great App to Improve Our English. I recommend you guys!,positive,positive,0.8687,positive,0.986912,0.0031658348,0.009922166,0.986912
32872,,5,You are my teacher now im happy because I can speak English,you be my teacher now i be happy because i can speak english,en,0.9373958706855774,You are my teacher now im happy because I can speak English,positive,positive,0.5719,positive,0.95012844,0.0059182122,0.043953314,0.95012844
32873,,5,"Good App, My Best Wish For Your Success Program On The Future","good app, my best wish for your success program on the future",en,0.7990739941596985,"Good App, My Best Wish For Your Success Program On The Future",positive,positive,0.926,positive,0.9809013,0.004268033,0.014830643,0.9809013
32874,,5,"Elsa is great, and really Helped Improve My Speaking and Listening Skills","elsa be great, and really help improve my speaking and listening skill",en,0.9368975162506104,"Elsa is great, and really Helped Improve My Speaking and Listening Skills",positive,positive,0.8826,positive,0.9655928,0.004590655,0.02981653,0.9655928
32875,,5,"Im like the program in to app Elsa Speak, Ferry Good","i be like the program in to app elsa speak, ferry good",en,0.937706470489502,"Im like the program in to app Elsa Speak, Ferry Good",positive,positive,0.6597,positive,0.7952352,0.01661639,0.18814841,0.7952352
32876,,5,Like ... its good way to pronounce,like. it be good way to pronounce,en,0.924203634262085,Like ... its good way to pronounce,positive,positive,0.6597,positive,0.72474295,0.022623865,0.2526332,0.72474295
32877,,5,This application help me to know how to say a word in English. Thanks for the education.,this application help me to know how to say a word in english. thanks for the education.,en,0.9514766931533812,This application help me to know how to say a word in English. Thanks for the education.,positive,positive,0.6808,positive,0.85243905,0.006193735,0.14136724,0.85243905
32878,,5,Good job .... learning world basic,good job. learn world basic,en,0.922089159488678,Good job .... learning world basic,positive,positive,0.4404,positive,0.9442039,0.009585385,0.04621065,0.9442039
32879,,5,very worth it for learning language english,very worth it for learn language english,en,0.9567114114761353,very worth it for learning language english,positive,neutral,0.2944,positive,0.956054,0.0038449927,0.040101025,0.956054
32880,,5,I like this app. i found more vocabulary,i like this app. i find more vocabulary,en,0.7471387386322021,I like this app. i found more vocabulary,positive,positive,0.3612,positive,0.9577611,0.006995678,0.035243258,0.9577611
32881,,5,Thanks Elsa you amazing 👍 👍,thanks elsa you amazing 👍 👍,en,0.7054566740989685,Thanks Elsa u amazing 👍👍,positive,positive,0.7717,positive,0.9875645,0.0035463665,0.008889127,0.9875645
32882,,5,Great Just Like My Great Grandfather's Grandfather,great just like my great grandfather grandfather,en,0.9675742983818054,Great Just Like My Great Grandfather's Grandfather,positive,positive,0.8934,positive,0.95625466,0.004540996,0.039204355,0.95625466
32883,,5,That's so cool 🙌 😉,that be so cool 🙌 😉,en,0.8022622466087341,That's so cool🙌😉,positive,positive,0.4572,positive,0.98140746,0.0042538485,0.014338624,0.98140746
32884,,5,"Helpful, thank you","helpful, thank you",en,0.8667111992835999,"Helpful, thank you",positive,positive,0.6486,positive,0.93774027,0.015814755,0.046444997,0.93774027
32885,,5,"Like, like, like 💐 💐","like, like, like 💐 💐",en,0.975259006023407,"Like, like, like💐💐",positive,positive,0.7579,positive,0.8898398,0.004494,0.1056662,0.8898398
32886,,5,The app is very good 😊,the app be very good 😊,en,0.9737738370895386,The app is very good 😊,positive,positive,0.4927,positive,0.9772593,0.0037766402,0.01896406,0.9772593
32887,,5,Good to Improve Your English,good to improve your english,en,0.8956508040428162,Good to Improve Your English,positive,positive,0.7003,positive,0.9209029,0.00827839,0.07081865,0.9209029
32888,,4,Smart Education,smart education,en,0.8403519988059998,Smart Education,neutral,positive,0.4019,neutral,0.61798793,0.06583063,0.61798793,0.31618148
32889,,5,Very goodtention,very goodtention,en,0.9511630535125732,Very goodtention,positive,neutral,0.0,positive,0.9197408,0.016583474,0.06367575,0.9197408
32890,,5,very perfect 👍 👍,very perfect 👍 👍,en,0.9725868701934814,very perfect 👍👍,positive,positive,0.6115,positive,0.98105043,0.0055071204,0.013442467,0.98105043
32892,,5,GG UP Continue,gg up continue,en,0.5566958785057068,GG UP Continue,positive,neutral,0.296,neutral,0.71679175,0.08636751,0.71679175,0.19684075
32893,,5,so excited this app,so excited this app,en,0.9017181992530824,so excited this app,positive,positive,0.4005,positive,0.98661,0.0038925454,0.009497464,0.98661
32897,,5,Work it,work it,en,0.942071497440338,Work it,positive,neutral,0.0,neutral,0.660474,0.106380016,0.660474,0.23314595
32899,,5,very suitable,very suitable,en,0.993028998374939,very suitable,positive,neutral,0.0,positive,0.76205677,0.02546371,0.21247949,0.76205677
32903,,5,good coy,good coy,en,0.7301581501960754,good coy,positive,positive,0.4404,neutral,0.3774173,0.08300434,0.3774173,0.5395784
32904,,4,thanks yeah. very helpful,thanks yeah. very helpful,en,0.9669055938720704,thanks yeah. very helpful,neutral,positive,0.8016,positive,0.97401017,0.0066955215,0.019294322,0.97401017
32905,,5,"amazing app, but more better if it is free 😁 🤏","amaze app, but more well if it be free 😁 🤏",en,0.8142078518867493,"amazing app, but more better if it is free😁🤏",positive,positive,0.8686,positive,0.9695246,0.0028441218,0.027631303,0.9695246
32906,,5,"It's so helping and support me to learn English, so I like this application","it be so help and support me to learn english, so i like this application",en,0.8805096745491028,"It's so helping and support me to learn English, so I like this application",positive,positive,0.8656,positive,0.9727245,0.0046583335,0.022617146,0.9727245
32907,,5,I really like the application and its ai to practice speaking english,i really like the application and it be ai to practice speak english,en,0.9678274393081664,I really like the application and its ai to practice speaking english,positive,positive,0.4201,positive,0.97410357,0.0049401117,0.020956242,0.97410357
32908,,5,This application is very helpful in learning English 🤩,this application be very helpful in learn english 🤩,en,0.9448397159576416,This application is very helpful in learning English 🤩,positive,positive,0.4754,positive,0.9821492,0.0028377515,0.01501308,0.9821492
32909,,5,"nice application i like, a lot of program","nice application i like, a lot of program",en,0.9526742100715636,"nice application i like, a lot of program",positive,positive,0.6486,positive,0.96790904,0.009826062,0.022264887,0.96790904
32910,,5,Amazing..I love elsa ❤️,amazing. i love elsa ❤,en,0.5787389278411865,Amazing..I love elsa❤️,positive,positive,0.8402,positive,0.98625296,0.0050203814,0.008726641,0.98625296
32911,,5,really good !! 🤍,really good! 🤍,en,0.9964024424552916,really good !! 🤍,positive,positive,0.54,positive,0.98489887,0.004546692,0.010554502,0.98489887
32912,,5,It's a good application for us,it be a good application for u,en,0.8776999711990356,It's a good application for us,positive,positive,0.4404,positive,0.80647516,0.015910551,0.17761429,0.80647516
32913,,5,Very helpful for those who want to learn thank you,very helpful for those who want to learn thank you,en,0.9892880320549012,Very helpful for those who want to learn thank you,positive,positive,0.7089,positive,0.97314405,0.004054469,0.022801511,0.97314405
32914,,5,This app will upgrade your English skills well,this app will upgrade your english skill well,en,0.9642633199691772,This app will upgrade your English skills well,positive,neutral,0.2732,positive,0.9279972,0.004324,0.06767881,0.9279972
32915,,5,Nice apps. Recommended.,nice apps. recommended.,en,0.9837660789489746,Nice apps. Recommended.,positive,positive,0.5574,positive,0.9725987,0.0071709454,0.020230351,0.9725987
32917,,5,Good job Elsa 💓,good job elsa 💓,en,0.8308672904968262,Good job Elsa💓,positive,positive,0.4404,positive,0.97908497,0.0051602167,0.015754864,0.97908497
32918,,5,Nice App for English Learning,nice app for english learning,en,0.913959503173828,Nice App for English Learning,positive,positive,0.4215,positive,0.9358422,0.004370331,0.05978742,0.9358422
32919,,5,It's more respectful application,it be more respectful application,en,0.798733115196228,It's more respectful application,positive,positive,0.5095,neutral,0.59050995,0.11424632,0.59050995,0.2952438
32920,,5,good for you to learning language,good for you to learn language,en,0.95494544506073,good for u to learning language,positive,positive,0.4404,positive,0.86460763,0.013926593,0.12146581,0.86460763
32922,,4,good ✨,good ✨,en,0.8462679386138916,good✨,neutral,positive,0.4404,positive,0.9401802,0.0092095705,0.050610263,0.9401802
32924,,5,That Verry Helping For Beginner,that verry help for beginner,en,0.9193643927574158,That Verry Helping For Beginner,positive,positive,0.4019,neutral,0.51135063,0.07604321,0.51135063,0.41260615
32925,,5,This application is God for Me,this application be god for me,en,0.7712450623512268,This application is God for Me,positive,neutral,0.2732,positive,0.92429024,0.016492598,0.059217177,0.92429024
32935,,5,That's Greath,that be greath,en,0.9395700097084044,That's Greath,positive,neutral,0.0,positive,0.96066606,0.009991347,0.029342614,0.96066606
32937,,5,Good Bless,good bless,en,0.6889679431915283,Good Bless,positive,positive,0.6908,positive,0.9105947,0.02266581,0.06673947,0.9105947
32938,,5,good bnaget,good bnaget,en,0.7362580895423889,good bnaget,positive,positive,0.4404,positive,0.793708,0.029701259,0.17659076,0.793708
32939,,5,BGGSS BGTT,bggss bgtt,en,0.6126115322113037,BGGSS BGTT,positive,neutral,0.0,neutral,0.63694596,0.15096736,0.63694596,0.21208662
32940,,5,he admits good,he admit good,en,0.944967806339264,he admits good,positive,positive,0.5719,positive,0.7026494,0.02925099,0.26809964,0.7026494
32942,,5,thx for the app,thx for the app,en,0.8433616757392883,thx for the app,positive,positive,0.3612,positive,0.86822236,0.016376661,0.115400955,0.86822236
32945,,5,"This is very good for Improve My English Skill. especially in my pronunciation. Thanks Elsa. I hope, there is a new payment method to buy the beautiful class. it means I can pay it every month.","this be very good for improve my english skill. especially in my pronunciation. thanks elsa. i hope, there be a new payment method to buy the beautiful class. it mean i can pay it every month.",en,0.9186311364173888,"This is very good for Improve My English Skill. especially in my pronunciation. Thanks Elsa. I hope, there is a new payment method to buy the beautiful class. it means I can pay it every month.",positive,positive,0.9399,positive,0.961819,0.003494244,0.034686733,0.961819
32946,,4,"I can improve my English conversation with elsa, but I paying for free. Thank you.","i can improve my english conversation with elsa, but i pay for free. thank you.",en,0.9426305294036864,"I can improve my English conversation with elsa, but I paying for free. Thank you.",neutral,positive,0.8422,neutral,0.39635822,0.026758881,0.39635822,0.5768829
32947,,5,very helpful i am in saying the words that are differences,very helpful i be in say the word that be difference,en,0.9515127539634703,very helpful i am in saying the words that are differences,positive,positive,0.4754,positive,0.899226,0.0100425305,0.090731405,0.899226
32949,,5,good version of good for me because i will work in croatia,good version of good for me because i will work in croatia,en,0.9320388436317444,good version of good for me because i will work in croatia,positive,positive,0.7003,positive,0.7950303,0.017048791,0.18792085,0.7950303
32950,,5,The application really helps me to speak english better,the application really help me to speak english good,en,0.9731284976005554,The application really helps me to speak english better,positive,positive,0.7089,positive,0.95520276,0.004850767,0.03994647,0.95520276
32952,,5,good app for better english,good app for good english,en,0.9010295867919922,good app for better english,positive,positive,0.7003,positive,0.91120917,0.007340347,0.08145053,0.91120917
32955,,4,pretty exciting,pretty excite,en,0.8840153813362122,pretty exciting,neutral,positive,0.743,positive,0.95315546,0.0053272387,0.04151729,0.95315546
32957,,3,Notbad,notbad,en,0.5986139178276062,Notbad,neutral,neutral,0.0,neutral,0.5564954,0.24027945,0.5564954,0.2032251
32959,,5,precious to me.,precious to me.,en,0.9524827599525452,precious to me.,positive,positive,0.5719,positive,0.9294492,0.008155023,0.062395774,0.9294492
32961,,5,Specifically Nice Excellent,specifically nice excellent,en,0.8522915244102478,Specifically Nice Excellent,positive,positive,0.7579,positive,0.9418165,0.011664013,0.04651953,0.9418165
32962,,5,Very nice to apk,very nice to apk,en,0.9955119490623474,Very nice to apk,positive,positive,0.4754,positive,0.9576702,0.008140961,0.034188792,0.9576702
32963,,5,its very fun,it be very fun,en,0.9693040251731871,its very fun,positive,positive,0.5563,positive,0.94273674,0.0057874,0.051475838,0.94273674
32966,,5,very one,very one,en,0.9990149140357972,very one,positive,neutral,0.0,neutral,0.63643074,0.06223891,0.63643074,0.30133036
32967,,5,ok ok ok kk,ok ok ok kk,en,0.8891221284866333,ok ok ok kk,positive,positive,0.7964,neutral,0.7074913,0.06531742,0.7074913,0.2271913
32969,,5,Help really,help really,en,0.9959694743156432,Help really,positive,positive,0.4019,neutral,0.47372854,0.40710476,0.47372854,0.11916671
32971,,5,Great to try this,great to try this,en,0.9774225950241088,Great to try this,positive,positive,0.6249,positive,0.9733279,0.005463405,0.021208683,0.9733279
32972,,5,The New Learning,the new learning,en,0.8816684484481812,The New Learning,positive,neutral,0.0,neutral,0.61694694,0.019183606,0.61694694,0.36386943
32975,,3,i hope this2 free for 1 year,i hope this2 free for 1 year,en,0.5529359579086304,i hope this2 free for 1 year,neutral,positive,0.7351,neutral,0.56450117,0.07489408,0.56450117,0.36060473
32976,,5,"It's really very very, fun, even if it's a little bit good luck and, it's free to reproduce it even though it's a loss, success is always for the developer","it be really very very, fun, even if it be a little bit good luck and, it be free to reproduce it even though it be a loss, success be always for the developer",en,0.935228943824768,"It's really very very, fun, even if it's a little bit good luck and, it's free to reproduce it even though it's a loss, success is always for the developer",positive,positive,0.9348,positive,0.9694574,0.007076229,0.023466375,0.9694574
32977,,5,"I like this application, has helped me learning English. and how to pronounce correctly and clearly.","i like this application, have help me learn english. and how to pronounce correctly and clearly.",en,0.9552473425865172,"I like this application, has helped me learning English. and how to pronounce correctly and clearly.",positive,positive,0.7845,positive,0.9586561,0.004430692,0.036913197,0.9586561
32978,,4,GD-Moorning Sir 'or Tn. **** ****,gd-moorning sir or tn.,en,0.528054416179657,GD-Moorning Sir 'or Tn. **** || ****,neutral,neutral,0.0,neutral,0.9330836,0.019564034,0.9330836,0.047352396
32979,,3,good i'd like it,good i would like it,en,0.9986203908920288,good i'd like it,neutral,positive,0.6597,positive,0.93611187,0.008316738,0.05557138,0.93611187
32980,,4,"Nice applications, I like this","nice applications, i like this",en,0.8929849863052368,"Nice applications, I like this",neutral,positive,0.6486,positive,0.9767949,0.006469721,0.016735367,0.9767949
32981,,5,"This app, absolutely help me to improve my English skill.","this app, absolutely help me to improve my english skill.",en,0.9205036759376526,"This app, absolutely help me to improve my English skill.",positive,positive,0.7089,positive,0.97390807,0.0029101553,0.023181807,0.97390807
32982,,5,I hope no body see me while use this fun elsa 😁 😁,i hope no body see me while use this fun elsa 😁 😁,en,0.5310660004615784,I hope no body see me while use this fun elsa😁😁,positive,positive,0.6783,positive,0.76311827,0.036260974,0.2006208,0.76311827
32983,,5,"idk, but this app is so nice","idk, but this app be so nice",en,0.8347190022468567,"idk, but this app is so nice",positive,positive,0.6931,positive,0.90687233,0.020382047,0.07274561,0.90687233
32984,,5,"Thank you Elsa, I can learn much from this app","thank you elsa, i can learn much from this app",en,0.965369999408722,"Thank you Elsa, I can learn much from this app",positive,positive,0.3612,positive,0.97632253,0.004492518,0.019185007,0.97632253
32985,,5,Very good app. I like it 😍,very good app. i like it 😍,en,0.9859272837638856,Very good app. I like it 😍,positive,positive,0.7146,positive,0.9883122,0.003412087,0.00827579,0.9883122
32986,,5,recommended for you to learn English language from hero to hero ... thanks,recommend for you to learn english language from hero to hero. thanks,en,0.91780287027359,recommended for you to learn English language from hero to hero ... thanks,positive,positive,0.9118,neutral,0.4016513,0.008939438,0.4016513,0.58940923
32987,,5,So fun learning by elsa 😊,so fun learning by elsa 😊,en,0.8655416965484619,So fun learning by elsa😊,positive,positive,0.5563,positive,0.9862373,0.0029932999,0.010769382,0.9862373
32988,,5,"I like it, so fun","i like it, so fun",en,0.7281719446182251,"I like it, so fun",positive,positive,0.7264,positive,0.9803893,0.0044589946,0.01515175,0.9803893
32989,,4,very good this app,very good this app,en,0.9906353950500488,very good this app,neutral,positive,0.4927,positive,0.9793707,0.0056904205,0.0149388965,0.9793707
32990,,5,It's fun to learn with Elsa 🥰 🥰 🥰,it be fun to learn with elsa 🥰 🥰 🥰,en,0.9217206239700316,It's fun to learn with Elsa🥰🥰🥰,positive,positive,0.5106,positive,0.9793427,0.0018613047,0.01879601,0.9793427
32991,,5,Thanks for this application. I like it so much,thanks for this application. i like it so much,en,0.965749204158783,Thanks for this application. I like it so much,positive,positive,0.6597,positive,0.9851834,0.0045465115,0.010270091,0.9851834
32992,,5,just good and still good 🤣,just good and still good 🤣,en,0.9845061898231506,just good and still good 🤣,positive,positive,0.7003,positive,0.9380452,0.007549901,0.054404926,0.9380452
32993,,5,good i find learning more fun,good i find learn more fun,en,0.8198356032371521,good i find learning more fun,positive,positive,0.7574,positive,0.95989335,0.0065316083,0.033575006,0.95989335
32995,,5,The most recommended for beginner ✨,the most recommended for beginner ✨,en,0.8794635534286499,The most recommended for beginner ✨,positive,neutral,0.2716,positive,0.92414415,0.0026360392,0.07321986,0.92414415
32996,,5,outside can 👍,outside can 👍,en,0.9751260280609132,outside can 👍,positive,neutral,0.0,positive,0.74770284,0.006515558,0.24578162,0.74770284
33000,,5,Lets Learn Together,let u learn together,en,0.8103421330451965,Lets Learn Together,positive,neutral,0.0,neutral,0.62245816,0.019377477,0.62245816,0.35816437
33001,,5,Thank A Lot for Everything,thank a lot for everything,en,0.8705573081970215,Thank A Lot for Everything,positive,positive,0.3612,positive,0.9664851,0.010586469,0.022928454,0.9664851
33005,,5,GOF,gof,en,0.848773717880249,GOF,positive,neutral,0.0,neutral,0.5947872,0.13984773,0.5947872,0.26536506
33008,,5,Greatjob,greatjob,en,0.64436274766922,Greatjob,positive,neutral,0.0,positive,0.8961818,0.021549331,0.0822688,0.8961818
33010,,5,nice bgtt,nice bgtt,en,0.788123607635498,nice bgtt,positive,positive,0.4215,positive,0.89263207,0.012822607,0.09454529,0.89263207
33011,,5,great cool,great cool,en,0.6580612659454346,great cool,positive,positive,0.7506,positive,0.93290716,0.014116748,0.052976057,0.93290716
33012,,5,test first,test first,en,0.6934061646461487,test first,positive,neutral,0.0,neutral,0.7163723,0.08929243,0.7163723,0.1943353
33013,,5,really goodt,really goodt,en,0.9788135290145874,really goodtttttttttt,positive,neutral,0.0,positive,0.9499864,0.0074573746,0.042556245,0.9499864
33014,,5,Practical good,practical good,en,0.726990818977356,Practical good,positive,positive,0.4404,neutral,0.43254519,0.039948303,0.43254519,0.52750653
33015,,5,Its Wonderfull,it be wonderfull,en,0.659212589263916,Its Wonderfull,positive,neutral,0.0,positive,0.90974545,0.011678599,0.078575924,0.90974545
33018,,5,goods bgtt,good bgtt,en,0.84491366147995,goodssss bgtt,positive,positive,0.4404,positive,0.8425076,0.018529722,0.13896266,0.8425076
33020,,4,Good for Practicing Pronunciation:>,good for practice pronunciation >,en,0.8242051601409912,Good for Practicing Pronunciation:>,neutral,positive,0.4404,neutral,0.38730246,0.021100443,0.38730246,0.5915971
33021,,4,Ill try it at home,ill try it at home,en,0.9834295511245728,Ill try it at home,neutral,negative,-0.4215,neutral,0.83665127,0.09228696,0.83665127,0.07106173
33022,,5,"the best application, so the spirit of up grade pronounce ... thanks elsa","the best application, so the spirit of up grade pronounce. thanks elsa",en,0.8398039937019348,"the best application, so the spirit of up grade pronounce ... thanks elsa",positive,positive,0.8434,positive,0.9684559,0.0045003975,0.027043657,0.9684559
33023,,5,"This application is perfect, this really helps me to improve my skill in speaking and pronounce, thank you very much 😍 😍","this application be perfect, this really help me to improve my skill in speaking and pronounce, thank you very much 😍 😍",en,0.9786877632141112,"This application is perfect, this really helps me to improve my skill in speaking and pronounce, thank you very much 😍😍",positive,positive,0.902,positive,0.9875646,0.0037297425,0.008705621,0.9875646
33024,,5,"The application is very good for increasing our speaking, basically the application is very good i really like it thanks application users elsa","the application be very good for increase our speaking, basically the application be very good i really like it thank application user elsa",en,0.9553184509277344,"The application is very good for increasing our speaking, basically the application is very good i really like it thanks application users elsa",positive,positive,0.9296,positive,0.98551035,0.003148898,0.011340715,0.98551035
33025,,5,Easy to use. Really help me to in improving my English skills,easy to use. really help me to in improve my english skill,en,0.9303927421569824,Easy to use. Really help me to in improving my English skills,positive,positive,0.8313,positive,0.96566886,0.0043111,0.03002003,0.96566886
33026,,5,"very helpful and easy peasy to use, thank you","very helpful and easy peasy to use, thank you",en,0.929036021232605,"very helpful and easy peasy to use, thank you",positive,positive,0.8297,positive,0.9787136,0.005889524,0.015396833,0.9787136
33027,,5,So Interesting I Love It So Much,so interesting i love it so much,en,0.8656478524208069,So Interesting I Love It So Much,positive,positive,0.8162,positive,0.98161376,0.0072293323,0.011156904,0.98161376
33028,,5,THATS A GOOD APK ❤️ ❤️ ❤️,that be a good apk ❤ ❤ ❤,en,0.5348929166793823,THATS A GOOD APK❤️❤️❤️,positive,positive,0.4404,positive,0.97928226,0.0030651991,0.017652513,0.97928226
33030,,5,App is good for beginners,app be good for beginner,en,0.8336235284805298,App is good for beginners,positive,positive,0.4404,positive,0.72425735,0.020221822,0.25552085,0.72425735
33033,,5,is worted,be worted,en,0.7000698447227478,is worted,positive,neutral,0.0,neutral,0.69725037,0.18203081,0.69725037,0.12071881
33034,,5,Gudd,gudd,en,0.6356146931648254,Gudd,positive,neutral,0.0,neutral,0.5713809,0.30060795,0.5713809,0.12801109
33036,,5,really god,really god,en,0.9848031401634216,really gooood,positive,positive,0.3384,neutral,0.24617608,0.11166421,0.24617608,0.6421597
33039,,5,Amazing App to Learn English ... Thank you Developer,amaze app to learn english. thank you developer,en,0.8652713894844055,Amazing App to Learn English ... Thank you Developer,positive,positive,0.7184,positive,0.9721604,0.0031658206,0.024673767,0.9721604
33040,,5,Thanks for making this application. I LEARN HOW TO SPEAK WELL FROM IT,thanks for make this application. i learn how to speak well from it,en,0.9806534051895142,Thanks for making this application. I LEARN HOW TO SPEAK WELL FROM IT,positive,positive,0.6124,positive,0.9429776,0.006146743,0.05087572,0.9429776
33041,,5,Very good i like this application 😍 😍,very good i like this application 😍 😍,en,0.9785649180412292,Very good i like this application 😍😍,positive,positive,0.7159,positive,0.9883866,0.0035766414,0.008036794,0.9883866
33042,,4,too low for intermediate,too low for intermediate,en,0.8964957594871521,too low for intermediate,neutral,negative,-0.2732,negative,0.5762775,0.5762775,0.37518746,0.048535086
33043,,5,nice option to improve speaking skills,nice option to improve speaking skill,en,0.8520766496658325,nice option to improve speaking skills,positive,positive,0.6908,positive,0.93596995,0.0070841927,0.05694584,0.93596995
33044,,5,nice app for learning a good pronunciation,nice app for learn a good pronunciation,en,0.8500314354896545,nice app for learning a good pronunciation,positive,positive,0.6908,positive,0.92529637,0.009857857,0.06484585,0.92529637
33045,,5,It's fun and enjoy to beginner,it be fun and enjoy to beginner,en,0.9387191534042358,It's fun and enjoy to beginner,positive,positive,0.7579,positive,0.9376715,0.00862031,0.053708225,0.9376715
33046,,5,very fun and enjoy learning English anywhere & anytime,very fun and enjoy learn english anywhere & anytime,en,0.9766692519187928,very fun and enjoy learning English anywhere & anytime,positive,positive,0.7939,positive,0.97369087,0.003421009,0.022888124,0.97369087
33047,,5,Very good .. Thanks,very good. thanks,en,0.9965491890907288,Very good .. Thanks,positive,positive,0.7485,positive,0.9761076,0.0055003264,0.018392153,0.9761076
33052,,5,Great dedicate,great dedicate,en,0.542722225189209,Great dedicate,positive,positive,0.6249,positive,0.79658324,0.035163898,0.16825287,0.79658324
33053,,4,really help me to learn English,really help me to learn english,en,0.9737131595611572,really help me to learn English,neutral,positive,0.4576,positive,0.90063536,0.010146569,0.0892181,0.90063536
33054,,5,I love this one. so easy to learn and compatible apps that I LOVED,i love this one. so easy to learn and compatible apps that i love,en,0.8458225131034851,I love this one. so easy to learn and compatible apps that I LOVED,positive,positive,0.9208,positive,0.9865052,0.0030460702,0.010448682,0.9865052
33055,,5,"since i know this app, i can prove my pronunciation","since i know this app, i can prove my pronunciation",en,0.9201920628547668,"since i know this app, i can prove my pronunciation",positive,neutral,0.0,neutral,0.5596504,0.022002758,0.5596504,0.4183468
33056,,5,"This application is very good, I download this application from advertisements that offer","this application be very good, i download this application from advertisement that offer",en,0.9517627954483032,"This application is very good, I download this application from advertisements that offer",positive,positive,0.4927,positive,0.9777499,0.0025554749,0.019694664,0.9777499
33057,,5,Amazing App..really helpful 😍 😍 😍,amaze app. really helpful 😍 😍 😍,en,0.9715519547462464,Amazing App..really helpful😍😍😍,positive,positive,0.7645,positive,0.9889658,0.0033553173,0.007678787,0.9889658
33058,,5,Good application for improving English skills,good application for improve english skill,en,0.8276078104972839,Good application for improving English skills,positive,positive,0.7003,positive,0.85118294,0.013521064,0.13529603,0.85118294
33059,,5,Smart Choice to Upgrade Speaking Skills,smart choice to upgrade speaking skill,en,0.9476518630981444,Smart Choice to Upgrade Speaking Skills,positive,positive,0.4019,neutral,0.57396615,0.053297523,0.57396615,0.3727363
33060,,5,Best App to Improve My English,best app to improve my english,en,0.8178685903549194,Best App to Improve My English,positive,positive,0.7964,positive,0.884845,0.00802202,0.107132904,0.884845
33061,,5,Helpful to who wants to learn pronounced,helpful to who want to learn pronounced,en,0.9893549084663392,Helpful to who wants to learn pronounced,positive,positive,0.4767,neutral,0.5551152,0.025184536,0.5551152,0.41970024
33063,,5,Good APS ✨,good aps ✨,en,0.7797427177429199,Good APS✨,positive,positive,0.4404,positive,0.970058,0.004979853,0.024962101,0.970058
33064,,5,Good English Education,good english education,en,0.8889517784118652,Good English Education,positive,positive,0.4404,neutral,0.38250986,0.019719997,0.38250986,0.59777015
33065,,5,He is good,he be good,en,0.9277437925338744,He is good,positive,positive,0.4404,positive,0.7838009,0.029650548,0.18654853,0.7838009
33067,,4,I like this application but I need better to use this app,i like this application but i need good to use this app,en,0.9469237327575684,I like this application but I need better to use this app,neutral,positive,0.6808,positive,0.78712916,0.022607831,0.19026299,0.78712916
33068,,5,"This is the best, so fun learning English with this app.","this be the best, so fun learn english with this app.",en,0.8057010769844055,"This is the best, so fun learning English with this app.",positive,positive,0.857,positive,0.9894735,0.0025200513,0.008006453,0.9894735
33069,,5,This app is very helpful 🥳 Thank you very much 🥳,this app be very helpful 🥳 thank you very much 🥳,en,0.9883980751037598,This app is very helpful 🥳 Thank you very much 🥳,positive,positive,0.707,positive,0.98835516,0.0034439403,0.00820092,0.98835516
33070,,5,Nice ... I like it,nice. i like it,en,0.9523200988769532,Nice ... I like it,positive,positive,0.6486,positive,0.96416956,0.0062470315,0.029583344,0.96416956
33071,,5,Very Good for Beginner Study English Study,very good for beginner study english study,en,0.9443132877349854,Very Good for Beginner Study English Study,positive,positive,0.4927,positive,0.9466003,0.003120388,0.05027928,0.9466003
33072,,5,Good Apps for Learning English Pronunciation,good apps for learn english pronunciation,en,0.7813742756843567,Good Apps for Learning English Pronunciation,positive,positive,0.4404,neutral,0.6140186,0.02640923,0.6140186,0.3595722
33073,,5,Good for Improve Your English Skills,good for improve your english skill,en,0.8327984809875488,Good for Improve Your English Skills,positive,positive,0.7003,positive,0.93100613,0.005416426,0.06357745,0.93100613
33074,,5,help me to improve my speaking,help me to improve my speaking,en,0.9339996576309204,help me to improve my speaking,positive,positive,0.6808,positive,0.7204277,0.020596003,0.25897634,0.7204277
33075,,5,"Its good, study","it be good, study",en,0.8198849558830261,"Its good, study",positive,positive,0.4404,positive,0.8689257,0.009130176,0.1219441,0.8689257
33076,,5,"I love this apk, good","i love this apk, good",en,0.5659663677215576,"I love this apk, good",positive,positive,0.7964,positive,0.9848801,0.005029975,0.010089919,0.9848801
33077,,5,Good for training speaking in english,good for train speaking in english,en,0.9585869312286376,Good for training speaking in english,positive,positive,0.4404,positive,0.6511247,0.011143404,0.3377319,0.6511247
33078,,5,Very Kind to Me,very kind to me,en,0.9956927299499512,Very Kind to Me,positive,positive,0.5709,positive,0.8968322,0.017410988,0.08575683,0.8968322
33080,,5,Mantab application,mantab application,en,0.5494378805160522,Mantab application,positive,neutral,0.0,neutral,0.79535145,0.073585056,0.79535145,0.1310635
33081,,5,Good banged,good bang,en,0.546958863735199,Good bangedddd,positive,positive,0.4404,positive,0.87402856,0.013809615,0.112161785,0.87402856
33082,,5,recommended application,recommend application,en,0.8435949087142944,recommended application,positive,positive,0.3612,neutral,0.69869107,0.06988724,0.69869107,0.23142165
33084,,5,"great times, buy the pro ... in one week i will go to overseas for the first time, hopely these apps can help my speaking English in fast ... tks to developer ... I love it","great times, buy the pro. in one week i will go to overseas for the first time, hopely these apps can help my speak english in fast. tks to developer. i love it",en,0.9542368054389954,"great times, buy the pro ... in one week i will go to overseas for the first time, hopely these apps can help my speaking English in fast ... tks to developer ... I love it",positive,positive,0.9001,positive,0.98884356,0.0025155782,0.008640917,0.98884356
33085,,5,"Very good, and I like it this app elsa, so .... can help me to learning speaking, pronounciation, grammar","very good, and i like it this app elsa, so. can help me to learn speaking, pronounciation, grammar",en,0.9596295952796936,"Very good, and I like it this app elsa, so .... can help me to learning speaking, pronounciation, grammar",positive,positive,0.8375,positive,0.97351867,0.0037877937,0.022693468,0.97351867
33086,,5,"Elsa really helps me to improve my English ,, thank you so much","elsa really help me to improve my english, thank you so much",en,0.9237980246543884,"Elsa really helps me to improve my English ,, thank you so much",positive,positive,0.8122,positive,0.9780969,0.0062394654,0.015663652,0.9780969
33087,,5,App This is good and so help me to learn in English.thank you so much 😊,app this be good and so help me to learn in english. thank you so much 😊,en,0.9383213520050048,App This is good and so help me to learn in English.thank you so much😊,positive,positive,0.8122,positive,0.976929,0.003387687,0.019683288,0.976929
33088,,5,"good job, thx you elsa","good job, thx you elsa",en,0.6435557007789612,"good job, thx u elsa",positive,positive,0.6597,positive,0.97965574,0.0053781904,0.0149660995,0.97965574
33089,,5,I've speak English!,i have speak english!,en,0.9775294065475464,I've speak English!,positive,neutral,0.0,neutral,0.44431463,0.006321731,0.44431463,0.5493636
33090,,5,I really happy event know this apk,i really happy event know this apk,en,0.9796103835105896,I really happy event know this apk,positive,positive,0.6115,positive,0.97753054,0.0042802123,0.01818922,0.97753054
33091,,5,I really love this applications frfr,i really love this application frfr,en,0.9106681942939758,I really love this applications frfr,positive,positive,0.6697,positive,0.96895444,0.010495425,0.02055008,0.96895444
33092,,1,Manatp,manatp,en,0.5302144885063171,Manatp,negative,neutral,0.0,neutral,0.7438442,0.10090511,0.7438442,0.15525067
33095,,5,Nice to improve,nice to improve,en,0.905155599117279,Nice to improve,positive,positive,0.6908,positive,0.93290085,0.008264625,0.058834553,0.93290085
33096,,1,really exciting pokonya i like it,really exciting pokonya i like it,en,0.94033545255661,really exciting pokonya i like it,negative,positive,0.7397,positive,0.98891526,0.0025387078,0.008546073,0.98891526
33097,,5,App is very help to improve English speaking,app be very help to improve english speaking,en,0.9588555693626404,App is very help to improve English speaking,positive,positive,0.7316,positive,0.78884,0.01385321,0.19730678,0.78884
33098,,5,it is really fun to learn English and Improve Our English,it be really fun to learn english and improve our english,en,0.9249757528305054,it is really fun to learn English and Improve Our English,positive,positive,0.7574,positive,0.9560688,0.003448198,0.04048302,0.9560688
33099,,5,Learning by Doing Together Be The Top (NDBH),learning by do together be the top ndbh,en,0.8760925531387329,Learning by Doing Together Be The Top (NDBH),positive,neutral,0.2023,neutral,0.45284018,0.017995788,0.45284018,0.5291641
33100,,5,Come on Install the App 👍,come on install the app 👍,en,0.8542853593826294,Come on Install the App👍,positive,neutral,0.0,positive,0.6947103,0.0075602783,0.2977294,0.6947103
33101,,5,Great Apps 👏,great apps 👏,en,0.694922685623169,Great Apps 👏,positive,positive,0.6249,positive,0.97441477,0.0062998617,0.019285377,0.97441477
33104,,5,Good for knowledge,good for knowledge,en,0.8653655648231506,Good for knowledge,positive,positive,0.4404,positive,0.8779437,0.014106361,0.10794989,0.8779437
33105,,5,The problem is. The Noise Profile Its Different from Each Phone Microphone. it make some frequency lessitive,the problem is. the noise profile it be different from each phone microphone. it make some frequency lessitive,en,0.8863173127174377,The problem is. The Noise Profile Its Different from Each Phone Microphone. it make some frequency lessitive,positive,negative,-0.4019,negative,0.67480576,0.67480576,0.31257346,0.012620825
33107,,5,I love it. Thank you,i love it. thank you,en,0.897788941860199,I love it. Thank you,positive,positive,0.7717,positive,0.98182696,0.005340802,0.012832233,0.98182696
33108,,5,New User 🤍,new user 🤍,en,0.9622787833213806,New User 🤍,positive,neutral,0.0,positive,0.8085318,0.0043605664,0.18710761,0.8085318
33109,,5,Very Good 👍 👍,very good 👍 👍,en,0.9920991659164428,Very Good 👍👍,positive,positive,0.4927,positive,0.9811834,0.0044577573,0.014358795,0.9811834
33110,,5,l am like,l be like,en,0.839243471622467,l am like,positive,positive,0.3612,neutral,0.68247956,0.16641037,0.68247956,0.1511101
33111,,5,Anytime,anytime,en,0.982846975326538,Anytime,positive,neutral,0.0,neutral,0.5965079,0.13387749,0.5965079,0.26961464
33112,,5,Application Good,application good,en,0.8932899832725525,Application Good,positive,positive,0.4404,positive,0.67613524,0.07681479,0.24704993,0.67613524
33113,,5,"This application is very helpful in improving English. Thanksou so much, you can download this app to learn English More.","this application be very helpful in improve english. thanksou so much, you can download this app to learn english more.",en,0.8990391492843628,"This application is very helpful in improving English. Thanksou so much, you can download this app to learn English More.",positive,positive,0.7397,positive,0.97095764,0.0028022015,0.026240129,0.97095764
33114,,5,I've really loved this aps since a few minutes ago. (Is my English right?) 🤭 🤭 🤭,i have really love this aps since a few minute ago. be my english right? 🤭 🤭 🤭,en,0.9852227568626404,I've really loved this aps since a few minutes ago. (Is my English right?) 🤭🤭🤭,positive,positive,0.6697,positive,0.98915416,0.0030757464,0.0077701304,0.98915416
33115,,5,Elsa is helping me a lot to level up my English pronounciation and communication.,elsa be help me a lot to level up my english pronounciation and communication.,en,0.8820666074752808,Elsa is helping me a lot to level up my English pronounciation and communication.,positive,positive,0.4019,positive,0.8974938,0.010681253,0.09182498,0.8974938
33116,,5,I just started to use this App Hopeful will make English Speaking Improve,i just start to use this app hopeful will make english speaking improve,en,0.891656219959259,I just started to use this App Hopeful will make English Speaking Improve,positive,positive,0.7351,positive,0.8937392,0.005197359,0.101063445,0.8937392
33117,,4,Elsa is Enough Good App,elsa be enough good app,en,0.8608411550521851,Elsa is Enough Good App,neutral,positive,0.4404,positive,0.7699101,0.027153902,0.20293598,0.7699101
33118,,5,Hopeful it can help my way of learning in learning English,hopeful it can help my way of learn in learn english,en,0.93227356672287,Hopeful it can help my way of learning in learning English,positive,positive,0.7184,positive,0.87754756,0.0069497796,0.11550262,0.87754756
33119,,5,Very Nice ❣️,very nice ❣,en,0.992245078086853,Very Nice❣️,positive,positive,0.4754,positive,0.96429616,0.009406063,0.026297765,0.96429616
33120,,5,"Very nice 👁️ 👄 👁️, stone emot 🗿 🗿 🗿 🗿 🗿 🗿 🗿 🗿 🗿","very nice 👁 👄 👁 , stone emot 🗿 🗿 🗿 🗿 🗿 🗿 🗿 🗿 🗿",en,0.7014772891998291,"Very nice 👁️👄👁️, stone emot 🗿🗿🗿🗿🗿🗿🗿🗿🗿",positive,positive,0.4754,positive,0.94460595,0.005902174,0.04949187,0.94460595
33121,,5,very useful to improve pronunciation,very useful to improve pronunciation,en,0.8482196927070618,very useful to improve pronunciation,positive,positive,0.7474,positive,0.8651885,0.010609203,0.12420226,0.8651885
33122,,4,Hope Nice,hope nice,en,0.8980428576469421,Hope Nice,neutral,positive,0.6908,positive,0.88328,0.01839306,0.09832698,0.88328
33123,,5,For example,for example,en,0.6391900181770325,For example,positive,neutral,0.0,neutral,0.7096022,0.11770225,0.7096022,0.17269559
33127,,2,I Purchased Oxford Business English Few days ago But I Can't Access It Now. What happened? I thought it was lifetime access. Someone please give me an answer,i purchase oxford business english few day ago but i cannot access it now. what happened? i think it be lifetime access. someone please give me an answer,en,0.9699975252151488,I Purchased Oxford Business English Few days ago But I Can't Access It Now. What happened? I thought it was lifetime access. Someone please give me an answer,negative,positive,0.4497,negative,0.75034744,0.75034744,0.23941821,0.010234293
33128,,5,Like how much,like how much,en,0.9979234933853148,Like how much,positive,positive,0.3612,neutral,0.77927864,0.11161003,0.77927864,0.10911136
33129,,3,Please do maintenance. Speech Analyzer Doesn't Work Properly. They Paused immediely and stop recording,please do maintenance. speech analyzer do not work properly. they pause immediely and stop recording,en,0.9194356799125672,Please do maintenance. Speech Analyzer Doesn't Work Properly. They Paused immediely and stop recording,neutral,neutral,0.0258,negative,0.9222336,0.9222336,0.07182847,0.005937896
33130,,5,"I love it ❤️ ❤️ ❤️ ❤️ this app is really helpful !! I can learn everywhere and everytime, this really help me to improve my speaking english! Good job 😘 👍","i love it ❤ ❤ ❤ ❤ this app be really helpful! i can learn everywhere and everytime, this really help me to improve my speaking english! good job 😘 👍",en,0.9272810816764832,"I love it❤️❤️❤️❤️ this app is really helpful !! I can learn everywhere and everytime, this really help me to improve my speaking english! Good job 😘👍",positive,positive,0.9491,positive,0.9907127,0.0031307037,0.0061566397,0.9907127
33131,,5,Its brilliant estially how to pronouciate many words correctly. The Corrections and Guidance are Great. Thanks so much,it be brilliant estially how to pronouciate many word correctly. the correction and guidance be great. thanks so much,en,0.8993780016899109,Its brilliant estially how to pronouciate many words correctly. The Corrections and Guidance are Great. Thanks so much,positive,positive,0.8957,positive,0.96424586,0.0060435003,0.029710628,0.96424586
33132,,5,Good. Excellently Application for English Study.,good. excellently application for english study.,en,0.9539051055908204,Good. Excellently Application for English Study.,positive,positive,0.7906,positive,0.97574836,0.0034603558,0.020791318,0.97574836
33133,,5,Awesome thank you,awesome thank you,en,0.6701653599739075,Awesome thank you,positive,positive,0.765,positive,0.9775278,0.006389506,0.016082715,0.9775278
33134,,4,"Very nice app, I'm very happy to learn English every day; ❤️","very nice app, i be very happy to learn english every day ❤",en,0.9716684222221376,"Very nice app, I'm very happy to learn English every day; ❤️",neutral,positive,0.7956,positive,0.9880604,0.0031029752,0.008836599,0.9880604
33135,,4,"Good job application, thanks very much 👍","good job application, thanks very much 👍",en,0.9916664361953736,"Good job application, thanks very much 👍",neutral,positive,0.7003,positive,0.9795593,0.006338174,0.014102492,0.9795593
33136,,5,"This app so good for me, thanks","this app so good for me, thanks",en,0.942514955997467,"This app so good for me, thanks",positive,positive,0.7678,positive,0.9864804,0.0040035467,0.009516047,0.9864804
33137,,3,This apps is good 👍,this apps be good 👍,en,0.6821640133857727,This apps is good 👍,neutral,positive,0.4404,positive,0.9687349,0.0033674776,0.02789757,0.9687349
33138,,5,This app is so good to improve my pronunciation.,this app be so good to improve my pronunciation.,en,0.8158102631568909,This app is so good to improve my pronunciation.,positive,positive,0.7848,positive,0.96990335,0.0066854786,0.023411093,0.96990335
33139,,5,THATS HELPFUL THX ELSA,that be helpful thx elsa,en,0.7501921057701111,THATS HELPFUL THX ELSA,positive,positive,0.6486,positive,0.8606547,0.032275382,0.107069895,0.8606547
33140,,5,Good apps and very helpful,good apps and very helpful,en,0.9823435544967652,Good apps and very helpful,positive,positive,0.7178,positive,0.96258736,0.009049434,0.028363239,0.96258736
33141,,5,This apps is really good,this apps be really good,en,0.9605627655982972,This apps is really good,positive,positive,0.4927,positive,0.95195496,0.0049047344,0.043140255,0.95195496
33144,,5,Perfect is the application,perfect be the application,en,0.7851437330245972,Perfect is the application,positive,positive,0.5719,neutral,0.34223816,0.083839804,0.34223816,0.573922
33145,,5,wahh goods,wahh good,en,0.6758915781974792,wahh goodsssss,positive,positive,0.4404,positive,0.9561489,0.0112362765,0.03261479,0.9561489
33146,,2,"The voice hard to detect even our sound correct, duo lingo much better than that","the voice hard to detect even our sound correct, duo lingo much good than that",en,0.9733449220657348,"The voice hard to detect even our sound correct, duo lingo much better than that",negative,positive,0.3612,neutral,0.46175414,0.42182425,0.46175414,0.11642167
33147,,5,I Gave a 5 Stars for Now. It's really fun to learn with Elsa Speak,i give a 5 star for now. it be really fun to learn with elsa speak,en,0.986418068408966,I Gave a 5 Stars for Now. It's really fun to learn with Elsa Speak,positive,positive,0.5563,positive,0.9552336,0.0039425143,0.04082387,0.9552336
33148,,5,"I use this for Tell to My Friends, and Playing Games (Online), Tanankyou Elsa! Keep Growing Your App","i use this for tell to my friends, and play game online , tanankyou elsa! keep grow your app",en,0.9004282355308533,"I use this for Tell to My Friends, and Playing Games (Online), Tanankyou Elsa! Keep Growing Your App",positive,positive,0.6996,positive,0.8118147,0.005915632,0.18226963,0.8118147
33149,,4,The Good Ways To Study Language,the good way to study language,en,0.8565489649772644,The Good Ways To Study Language,neutral,positive,0.4404,positive,0.85639465,0.008853736,0.13475163,0.85639465
33150,,5,Very Helpful App. This app is really improve my speaking skills!,very helpful app. this app be really improve my speaking skills!,en,0.9610499739646912,Very Helpful App. This app is really improve my speaking skills!,positive,positive,0.7634,positive,0.98637277,0.0034119675,0.010215264,0.98637277
33151,,5,very good apps ...,very good apps.,en,0.9989617466926576,very good apps ...,positive,positive,0.4927,positive,0.9692356,0.00476112,0.026003316,0.9692356
33152,,5,I'm happy to learn English,i be happy to learn english,en,0.8279105424880981,I'm happy to learn English,positive,positive,0.5719,positive,0.9163581,0.00781576,0.07582616,0.9163581
33153,,5,Amazing App. Nice,amaze app. nice,en,0.7803846001625061,Amazing App. Nice,positive,positive,0.743,positive,0.974637,0.0044994713,0.020863546,0.974637
33154,,5,good and perfect is application,good and perfect be application,en,0.8919891715049744,good and perfect is application,positive,positive,0.765,positive,0.8543211,0.021852698,0.123826236,0.8543211
33157,,5,I like app,i like app,en,0.9431197047233582,I like app,positive,positive,0.3612,positive,0.71708155,0.016233189,0.2666853,0.71708155
33158,,5,very easy to use very recommended for people who is struggle with their pronunciation (non native),very easy to use very recommended for people who be struggle with their pronunciation non native,en,0.978456974029541,very easy to use very recommended for people who is struggle with their pronunciation (non native),positive,positive,0.4563,positive,0.85672307,0.0145701105,0.12870684,0.85672307
33159,,5,Excellent ... I will recommend to other people,excellent. i will recommend to other people,en,0.9119537472724916,Excellent ... I will recommend to other people,positive,positive,0.7351,positive,0.9787947,0.0047078794,0.01649741,0.9787947
33160,,5,Good application for lesson English.,good application for lesson english.,en,0.8356536626815796,Good application for lesson English.,positive,positive,0.4404,positive,0.88885933,0.007705652,0.10343509,0.88885933
33161,,5,Excellent Apps for Learning English Fluently,excellent apps for learn english fluently,en,0.9334580302238464,Excellent Apps for Learning English Fluently,positive,positive,0.5719,positive,0.95600647,0.0035805004,0.040412985,0.95600647
33165,,5,Here's the answer for every English speaking learning !!,heres the answer for every english speaking learning!,en,0.9349217414855956,Here's the answer for every English speaking learning !!,positive,neutral,0.0,neutral,0.52207875,0.01164312,0.52207875,0.46627817
33166,,5,TER BEST 🥳 🥳 APPLICATION,ter best 🥳 🥳 application,en,0.6886334419250488,TER BEST🥳🥳 APPLICATION,positive,positive,0.6369,positive,0.97801983,0.0034699163,0.018510241,0.97801983
33167,,5,Nice App for Beginners Learn English,nice app for beginner learn english,en,0.8610727787017822,Nice App for Beginners Learn English,positive,positive,0.4215,positive,0.92287844,0.006604364,0.0705172,0.92287844
33170,,5,really good this app,really good this app,en,0.9876592755317688,really good this app,positive,positive,0.4927,positive,0.9785597,0.0060222144,0.015418046,0.9785597
33172,,5,Very Helpful In Beginner,very helpful in beginner,en,0.9776981472969056,Very Helpful In Beginner,positive,positive,0.4754,positive,0.9249614,0.010437585,0.06460103,0.9249614
33175,,3,I like this is app. Thanksyou,i like this be app. thanksyou,en,0.7649144530296326,I like this is app. Thanksyou,neutral,positive,0.3612,positive,0.9675175,0.004891832,0.027590659,0.9675175
33176,,5,"I'm still exploring this app, hope that I could improve my speaking here","i be still explore this app, hope that i could improve my speaking here",en,0.9601964950561525,"I'm still exploring this app, hope that I could improve my speaking here",positive,positive,0.7003,positive,0.7173546,0.013147494,0.2694979,0.7173546
33177,,5,"good apps, and easy to use","good apps, and easy to use",en,0.940760612487793,"good apps, and easy to use",positive,positive,0.7003,positive,0.95633215,0.0055738958,0.03809394,0.95633215
33178,,5,Good! 🎓,good! 🎓,en,0.7992551922798157,Good! 🎓,positive,positive,0.4926,positive,0.9813269,0.0036954922,0.014977631,0.9813269
33179,,5,"Yes, that is so","yes, that be so",en,0.8145020604133606,"Yes, that is so",positive,positive,0.4019,neutral,0.34675723,0.023650924,0.34675723,0.6295919
33181,,5,This application soo good for your English lesson ..,this application soo good for your english lesson.,en,0.8491898775100708,This application soo good for your English lesson ..,positive,positive,0.4404,positive,0.9751151,0.0037309942,0.021153929,0.9751151
33182,,5,This app is mind blowing 🥰,this app be mind blow 🥰,en,0.5828402638435364,This app is mind blowing🥰,positive,neutral,0.0,positive,0.97027963,0.009138421,0.020581974,0.97027963
33184,,5,This Very Good Application,this very good application,en,0.9784629344940186,This Very Good Application,positive,positive,0.4927,positive,0.9678596,0.0075903833,0.024549965,0.9678596
33185,,4,"I have all characteristics of the human being. Flesh, Blood, Skin.","i have all characteristic of the human being. flesh, blood, skin.",en,0.89296954870224,"I have all characteristics of the human being. Flesh, Blood, Skin.",neutral,neutral,0.0,neutral,0.79390496,0.039053433,0.79390496,0.16704154
33186,,5,Really good app for non -native speaker. Recommended App 👍 👍,really good app for non -native speaker. recommend app 👍 👍,en,0.9322872161865234,Really good app for non -native speaker. Recommended App 👍👍,positive,positive,0.6901,positive,0.98071194,0.0029159344,0.016372133,0.98071194
33187,,5,First time .... thank you elsa,first time. thank you elsa,en,0.9304729104042052,First time .... thank you elsa,positive,positive,0.3612,positive,0.9220117,0.0043597836,0.0736285,0.9220117
33188,,5,Thanks.,thanks.,en,0.8035045862197876,Thanks.,positive,positive,0.4404,positive,0.7209342,0.02085078,0.25821498,0.7209342
33189,,5,This app is wonderful,this app be wonderful,en,0.5981013774871826,This app is wonderful,positive,positive,0.5719,positive,0.97122926,0.0071655526,0.021605203,0.97122926
33191,,5,Lets Go,let u go,en,0.7379615902900696,Lets Go,positive,neutral,0.0,neutral,0.6888184,0.1527158,0.6888184,0.15846589
33192,,5,"It's really nice, when you want to grow your speaking","it be really nice, when you want to grow your speaking",en,0.9798984527587892,"It's really nice, when you want to grow your speaking",positive,positive,0.5256,positive,0.9364358,0.0077468464,0.055817384,0.9364358
33193,,5,Very helpful and the best place for learning English,very helpful and the best place for learn english,en,0.9482824206352234,Very helpful and the best place for learning English,positive,positive,0.807,positive,0.9680944,0.0032896001,0.028615922,0.9680944
33194,,5,So cool for English Learner. Keep it up,so cool for english learner. keep it up,en,0.8785363435745239,So cool for English Learner. Keep it up,positive,positive,0.3804,positive,0.98444647,0.0025017452,0.013051837,0.98444647
33195,,5,Five Star 🙋 👍,five star 🙋 👍,en,0.7450873851776123,Five Star🙋👍,positive,neutral,0.0,positive,0.8946653,0.0052110762,0.10012362,0.8946653
33196,,5,Excellent Elsa for All Newbies and Intermediate,excellent elsa for all newbie and intermediate,en,0.8190564513206482,Excellent Elsa for All Newbies and Intermediate,positive,positive,0.5719,positive,0.97862977,0.0027936024,0.018576669,0.97862977
33197,,5,thank you apk elsa,thank you apk elsa,en,0.6660512685775757,thank you apk elsa,positive,positive,0.3612,positive,0.8889778,0.012839499,0.098182745,0.8889778
33199,,5,Simplify speaking,simplify speaking,en,0.9507901668548584,Simplify speaking,positive,neutral,0.0,neutral,0.6595792,0.30153313,0.6595792,0.038887642
33200,,5,"It's Recommended for Beginner, Thanks.","it be recommend for beginner, thanks.",en,0.8249836564064026,"It's Recommended for Beginner, Thanks.",positive,positive,0.6597,positive,0.7890148,0.013817496,0.19716774,0.7890148
33202,,5,I like it's very cool 😍,i like it be very cool 😍,en,0.9727136492729188,I like it's very cool 😍,positive,positive,0.624,positive,0.97591,0.0036694356,0.02042052,0.97591
33203,,5,This Application Very Help Me Learn Vocabulary and Speaking 🥰 🥰,this application very help me learn vocabulary and speak 🥰 🥰,en,0.963973343372345,This Application Very Help Me Learn Vocabulary and Speaking 🥰🥰,positive,positive,0.4576,positive,0.9824264,0.0024110076,0.015162534,0.9824264
33204,,5,"Interesting, Fun, and Thank You Elsa Speak","interesting, fun, and thank you elsa speak",en,0.91452956199646,"Interesting, Fun, and Thank You Elsa Speak",positive,positive,0.8176,positive,0.97953975,0.0033007406,0.0171595,0.97953975
33205,,5,it's a good ap for me,it be a good ap for me,en,0.8124060034751892,it's a good ap for me,positive,positive,0.4404,positive,0.8426379,0.019032976,0.13832909,0.8426379
33206,,3,"I like,","i like,",en,0.835128128528595,"I like,",neutral,positive,0.3612,positive,0.78206223,0.016770214,0.20116757,0.78206223
33207,,5,The best application for increasing speaking and listening. Please upgrade more ❤️ Can't wait to see it,the best application for increase speaking and listening. please upgrade more ❤ cannot wait to see it,en,0.9628516435623168,The best application for increasing speaking and listening. Please upgrade more❤️ Can't wait to see it,positive,positive,0.8316,positive,0.98997235,0.0017154367,0.008312245,0.98997235
33208,,5,Twitter Brought Me Here And This App Helps Me A Lot On My Eng!,twitter bring me here and this app help me a lot on my eng!,en,0.860933244228363,Twitter Brought Me Here And This App Helps Me A Lot On My Eng!,positive,positive,0.4574,positive,0.9651456,0.003089174,0.03176531,0.9651456
33209,,5,"Awesome App, Love It.","awesome app, love it.",en,0.9214791655540466,"Awesome App, Love It.",positive,positive,0.8519,positive,0.9847253,0.005777063,0.009497591,0.9847253
33210,,5,I really search for you and i found you now!,i really search for you and i find you now!,en,0.9780518412590028,I really search for u and i found u now!,positive,neutral,0.0,positive,0.7865224,0.008716252,0.20476139,0.7865224
33211,,5,very good for me learning 😍 😍,very good for me learn 😍 😍,en,0.9897237420082092,very good for me learning 😍😍,positive,positive,0.4927,positive,0.98766136,0.0029753877,0.009363277,0.98766136
33212,,5,Very Great Apps To Practice My English Speaking,very great apps to practice my english speaking,en,0.9709768891334534,Very Great Apps To Practice My English Speaking,positive,positive,0.659,positive,0.9660342,0.004107877,0.029857988,0.9660342
33213,,5,good choice to install this apk,good choice to install this apk,en,0.8478537797927856,good choice to install this apk,positive,positive,0.4404,neutral,0.3477902,0.03716666,0.3477902,0.61504316
33214,,5,help me to learning,help me to learn,en,0.9554784893989564,help me to learning,positive,positive,0.4019,neutral,0.57154477,0.026720135,0.57154477,0.40173513
33215,,5,nice thx,nice thx,en,0.5468363761901855,nice thx,positive,positive,0.6486,positive,0.9199923,0.016070915,0.0639367,0.9199923
33217,,5,This application is very recommended to those who want to learn speaking especially it is the most hard part of learning English,this application be very recommended to those who want to learn speak especially it be the most hard part of learn english,en,0.9729596376419068,This application is very recommended to those who want to learn speaking especially it is the most hard part of learning English,positive,neutral,0.1779,neutral,0.36275443,0.095890984,0.36275443,0.5413546
33218,,3,The App So Good 👍,the app so good 👍,en,0.7244434356689453,The App So Good👍,neutral,positive,0.5777,positive,0.9847039,0.0035856327,0.011710477,0.9847039
33219,,5,"Water, Poto Mister","water, poto mister",en,0.5527071356773376,"Water, Poto Mister",positive,neutral,0.0,neutral,0.81364685,0.055973668,0.81364685,0.13037945
33220,,4,sound is good,sound be good,en,0.5985540747642517,sound is good,neutral,positive,0.4404,positive,0.8687005,0.014311007,0.11698852,0.8687005
33222,,5,2 pay,2 pay,en,0.8920153975486755,2 pay,positive,neutral,-0.1027,neutral,0.7077285,0.09316107,0.7077285,0.19911045
33223,,5,the application this good,the application this good,en,0.8907310962677002,the application this good,positive,positive,0.5228,positive,0.9299888,0.0083953,0.06161589,0.9299888
33224,,5,everything is cool,everything be cool,en,0.5249810814857483,everything is cool,positive,positive,0.3182,neutral,0.33573747,0.033347093,0.33573747,0.63091546
33225,,5,"Good application, i can speak a little english","good application, i can speak a little english",en,0.9313651919364928,"Good application, i can speak a little english",positive,positive,0.4404,positive,0.9348533,0.0063369577,0.05880973,0.9348533
33226,,5,Good to Improve My Language Skills,good to improve my language skill,en,0.8576497435569763,Good to Improve My Language Skills,positive,positive,0.7003,positive,0.9496885,0.0069119083,0.043399557,0.9496885
33227,,4,extraordinary 🤩 🤩,extraordinary 🤩 🤩,en,0.6529879570007324,extraordinary🤩🤩,neutral,neutral,0.0,positive,0.97977614,0.0043186313,0.015905237,0.97977614
33228,,5,"Nice, but Expensive","nice, but expensive",en,0.9823822975158693,"Nice, but Expensive",positive,neutral,0.2263,neutral,0.4559855,0.35804787,0.4559855,0.18596667
33229,,5,Very good apk ny,very good apk ny,en,0.9781038165092468,Very good apk ny,positive,positive,0.4927,positive,0.9403023,0.008661034,0.051036686,0.9403023
33230,,5,Very cool 😃 😃 😃,very cool 😃 😃 😃,en,0.9582587480545044,Very cool😃😃😃,positive,positive,0.3804,positive,0.9776019,0.0039353212,0.018462768,0.9776019
33233,,4,Please multiply free tests because more are paid,please multiply free test because more be pay,en,0.7649733424186707,Please multiply free tests because more are paid,neutral,positive,0.6022,neutral,0.4568416,0.036238525,0.4568416,0.5069199
33234,,4,iam so proud with this apk,iam so proud with this apk,en,0.7545133829116821,iam so proud with this apk,neutral,positive,0.5256,positive,0.97877926,0.0055945264,0.015626222,0.97877926
33236,,5,just tried 🤍,just try 🤍,en,0.9914982318878174,just tried 🤍,positive,neutral,0.0,positive,0.7367268,0.02978425,0.23348893,0.7367268
33238,,5,I hope I can speak English ... Elsa Speak its best coach. .,i hope i can speak english. elsa speak it be best coach. .,en,0.9309894442558287,I hope I can speak English ... Elsa Speak its best coach. .,positive,positive,0.7964,positive,0.8811179,0.010101902,0.10878017,0.8811179
33239,,5,"Nice to have this application, it help me very much","nice to have this application, it help me very much",en,0.9936985969543456,"Nice to have this application, it help me very much",positive,positive,0.6705,positive,0.9798451,0.0057122246,0.014442678,0.9798451
33241,,4,Minecraft,minecraft,en,0.5804014801979065,Minecraft,neutral,neutral,0.0,neutral,0.6192781,0.0763287,0.6192781,0.3043932
33242,,5,This is Excellent English Lesson Ever,this be excellent english lesson ever,en,0.7801725268363953,This is Excellent English Lesson Ever,positive,positive,0.5719,positive,0.96649307,0.0053759455,0.028130949,0.96649307
33243,,5,This application really helpful,this application really helpful,en,0.96108877658844,This application really helpful,positive,positive,0.4754,positive,0.9675222,0.0077483677,0.024729414,0.9675222
33244,,5,exciting bgt,excite bgt,en,0.7885665893554688,exciting bgt,positive,positive,0.4767,positive,0.9295917,0.005191469,0.06521681,0.9295917
33245,,5,great ue,great ue,en,0.5663090944290161,great ue,positive,positive,0.6249,positive,0.91791964,0.010493678,0.07158663,0.91791964
33246,,5,This is nice application,this be nice application,en,0.8457907438278198,This is nice application,positive,positive,0.4215,positive,0.93154114,0.011105706,0.057353202,0.93154114
33247,,5,thanks for the apps,thanks for the apps,en,0.9127691984176636,thanks for the apps,positive,positive,0.4404,positive,0.94102156,0.005472956,0.053505428,0.94102156
33248,,5,Good bites,good bite,en,0.7954608798027039,Good bites,positive,positive,0.4404,positive,0.78510785,0.033030372,0.18186179,0.78510785
33249,,5,This app really helps me improve my pronunciation even my listening skills. Now I Feel Confident that I Could Master Those Skill in Effective Way. Thanks a lot!,this app really help me improve my pronunciation even my listen skills. now i feel confident that i could master those skill in effective way. thanks a lot!,en,0.9583792090415956,This app really helps me improve my pronunciation even my listening skills. Now I Feel Confident that I Could Master Those Skill in Effective Way. Thanks a lot!,positive,positive,0.9398,positive,0.9728344,0.003960135,0.023205439,0.9728344
33250,,5,"It helps me, to do my exercise at school. Thanks Elsa Speak 🤩 🤩","it help me, to do my exercise at school. thanks elsa speak 🤩 🤩",en,0.9858240485191344,"It helps me, to do my exercise at school. Thanks Elsa Speak🤩🤩",positive,positive,0.6808,positive,0.97753567,0.002717764,0.019746613,0.97753567
33251,,5,"good apps ,, user friendly, fast response to detect each mistake.. 👍 👍","good apps, user friendly, fast response to detect each mistake. 👍 👍",en,0.9351274371147156,"good apps ,, user friendly, fast response to detect each mistake..👍👍",positive,positive,0.5719,positive,0.87472415,0.021373,0.10390281,0.87472415
33252,,5,"Great App for Learning English, in the for Future thank you for make this app i'm glad use this :)","great app for learn english, in the for future thank you for make this app i be glad use this",en,0.8587464094161987,"Great App for Learning English, in the for Future thank you for make this app i'm glad use this :)",positive,positive,0.8625,positive,0.98592746,0.00289861,0.011173918,0.98592746
33253,,5,"Thanks, cuz this app i can speak English more good","thanks, cuz this app i can speak english more good",en,0.91727215051651,"Thanks, cuz this app i can speak English more good",positive,positive,0.7264,positive,0.9673693,0.004010611,0.028620092,0.9673693
33254,,5,Very good 😍 ♥ ️ ♥ ️,very good 😍 ♥ ♥,en,0.9961933493614196,Very good😍 ♥ ️ ♥ ️,positive,positive,0.4927,positive,0.98761356,0.0031835635,0.009202845,0.98761356
33255,,5,"This application, very helpful,","this application, very helpful,",en,0.9750062227249146,"This application, very helpful,",positive,positive,0.4754,positive,0.9735292,0.006892508,0.019578338,0.9735292
33256,,5,I am Interesting Learn to Language English,i be interest learn to language english,en,0.8515804409980774,I am Interesting Learn to Language English,positive,positive,0.4588,neutral,0.33437818,0.025859898,0.33437818,0.6397619
33257,,5,Excellent apps tx you,excellent apps tx you,en,0.8496509790420532,Excellent apps tx u,positive,positive,0.7351,positive,0.9572817,0.0068182023,0.03590004,0.9572817
33258,,5,GOKS,goks,en,0.5746359825134277,GOKS,positive,neutral,0.0,neutral,0.5751556,0.16004339,0.5751556,0.264801
33259,,5,increase,increase,en,0.7988038659095764,increase,positive,positive,0.3182,neutral,0.5634782,0.04910473,0.5634782,0.38741708
33261,,5,Thanks is helpful,thanks be helpful,en,0.8164166212081909,Thanks is helpful,positive,positive,0.6908,positive,0.8704267,0.027370881,0.10220234,0.8704267
33263,,5,"A very good application, really helpful, especially for beginners, I hope in the future this application will be even better.","a very good application, really helpful, especially for beginners, i hope in the future this application will be even better.",en,0.959713876247406,"A very good application, really helpful, especially for beginners, I hope in the future this application will be even better.",positive,positive,0.9072,positive,0.9862104,0.0036112627,0.01017829,0.9862104
33264,,5,It's really helpful app to improve my English skill,it be really helpful app to improve my english skill,en,0.9209374189376832,It's really helpful app to improve my English skill,positive,positive,0.7178,positive,0.9485767,0.0055201068,0.045903157,0.9485767
33265,,5,Nice apps to improve my English sofar. Thx,nice apps to improve my english sofar. thx,en,0.6822212934494019,Nice apps to improve my English sofar. Thx,positive,positive,0.802,positive,0.96117646,0.005697134,0.033126436,0.96117646
33266,,5,"Perfect Application, The AI ​​System Is So Amazing","perfect application, the ai system be so amazing",en,0.7055099010467529,"Perfect Application, The AI ​​System Is So Amazing",positive,positive,0.8613,positive,0.9841382,0.004885099,0.01097676,0.9841382
33267,,5,recone,recone,en,0.6846479177474976,recone,positive,neutral,0.0,neutral,0.6452261,0.06497318,0.6452261,0.28980064
33268,,5,Good ♥ ️ 🙏,good ♥ 🙏,en,0.7421753406524658,Good ♥ ️🙏,positive,positive,0.4404,positive,0.9582841,0.010009466,0.03170645,0.9582841
33269,,5,Great and Awesome!,great and awesome!,en,0.9174798727035522,Great and Awesome!,positive,positive,0.8588,positive,0.982313,0.0034777476,0.014209318,0.982313
33270,,5,great worth it,great worth it,en,0.9107232689857484,great worth it,positive,positive,0.7184,positive,0.9603014,0.008577004,0.031121604,0.9603014
33272,,5,"I like this application, thank So much elsa !! I'm Jaka Dongke from Berau/East Borneo Indonesia","i like this application, thank so much elsa! i be jaka dongke from berau/east borneo indonesia",en,0.7528890371322632,"I like this application, thank So much elsa !! I'm Jaka Dongke from Berau/East Borneo Indonesia",positive,positive,0.6476,positive,0.96161795,0.004410832,0.03397125,0.96161795
33273,,5,"nice to meet you elsa ,, 🌺","nice to meet you elsa, 🌺",en,0.9346750378608704,"nice to meet you elsa ,, 🌺",positive,positive,0.4215,positive,0.963262,0.005394209,0.031343713,0.963262
33274,,5,Excellent .... God Job,excellent. god job,en,0.6372048854827881,Excellent .... God Job,positive,positive,0.7003,positive,0.97771716,0.008058478,0.0142242955,0.97771716
33275,,5,Very2 Good I Like This App,very2 good i like this app,en,0.9104634523391724,Very2 Good I Like This App,positive,positive,0.6597,positive,0.98364496,0.004323815,0.012031154,0.98364496
33276,,5,Good thanks Elsa,good thanks elsa,en,0.8152351379394531,Good thanks Elsa,positive,positive,0.7003,positive,0.95468557,0.0067057605,0.03860868,0.95468557
33277,,5,pretty good 👍 👍 👍 👍band,pretty good 👍 👍 👍 👍band,en,0.7035128474235535,pretty good 👍👍👍👍band,positive,positive,0.7269,positive,0.98139924,0.0032502143,0.015350508,0.98139924
33278,,4,Nice APS. So good,nice aps. so good,en,0.8724660277366638,Nice APS. So good,neutral,positive,0.7178,positive,0.9843167,0.004612546,0.0110707,0.9843167
33279,,5,"This app is really helppull to improve English skills, great !!!","this app be really helppull to improve english skills, great!",en,0.8846006393432617,"This app is really helppull to improve English skills, great !!!",positive,positive,0.8203,positive,0.9839271,0.0034616431,0.012611325,0.9839271
33280,,5,"It's good application to learning practice in speaking, it's very recommended","it be good application to learn practice in speaking, it be very recommended",en,0.962973952293396,"It's good application to learning practice in speaking, it's very recommended",positive,positive,0.6115,positive,0.92848533,0.0054664565,0.06604821,0.92848533
33281,,5,"This great, I learned a lot from else 😍 😍","this great, i learn a lot from else 😍 😍",en,0.9545828700065612,"This great, I learned a lot from else 😍😍",positive,positive,0.6249,positive,0.9874915,0.0037606584,0.008747864,0.9874915
33282,,5,This application is very good to me for speak English more good,this application be very good to me for speak english more good,en,0.970006227493286,This application is very good to me for speak English more good,positive,positive,0.7496,positive,0.9730462,0.0042150444,0.02273872,0.9730462
33283,,5,Best Application Ever 👏,best application ever 👏,en,0.8186278343200684,Best Application Ever👏,positive,positive,0.6369,positive,0.9777133,0.005258554,0.01702814,0.9777133
33285,,5,Nice App ⭐ ✅,nice app ⭐ ✅,en,0.6968861818313599,Nice App ⭐✅,positive,positive,0.4215,positive,0.96635234,0.004671613,0.028976101,0.96635234
33286,,4,"Masallah, very fun","masallah, very fun",en,0.9006728529930115,"Masallah, very fun",neutral,positive,0.5563,positive,0.97222173,0.0053317975,0.022446463,0.97222173
33287,,5,"Not bad for linging lurr's brain, rather than an unemployed brain","not bad for linging lurrs brain, rather than an unemployed brain",en,0.8589316010475159,"Not bad for linging lurr's brain, rather than an unemployed brain",positive,positive,0.431,neutral,0.5834882,0.317709,0.5834882,0.09880279
33289,,5,We,we,en,0.7801501750946045,We,positive,neutral,0.0,neutral,0.57645416,0.09164152,0.57645416,0.3319043
33290,,5,Thank you so much Elsa! Now l can speak now :),thank you so much elsa! now l can speak now,en,0.9482269287109376,Thank you so much Elsa! Now l can speak now :),positive,positive,0.4199,positive,0.9711664,0.004353493,0.024480173,0.9711664
33291,,3,"Thank you, but what I want is British Accent","thank you, but what i want be british accent",en,0.9110315442085266,"Thank you, but what I want is British Accent",neutral,neutral,0.296,neutral,0.37458602,0.028519051,0.37458602,0.5968949
33292,,5,Great apps to practice your pronunciation.,great apps to practice your pronunciation.,en,0.9063400626182556,Great apps to practice your pronunciation.,positive,positive,0.6249,positive,0.9442913,0.004326042,0.05138268,0.9442913
33293,,4,Wish this app has more time for free lessons,wish this app have more time for free lesson,en,0.8868888020515442,Wish this app has more time for free lessons,neutral,positive,0.7402,neutral,0.59126884,0.120168775,0.59126884,0.2885624
33294,,5,"Very helpful, thank you 😊 😊","very helpful, thank you 😊 😊",en,0.9703997373580932,"Very helpful, thank you😊😊",positive,positive,0.707,positive,0.9794138,0.0055823517,0.015003855,0.9794138
33295,,5,This is a very good app. Thank you all!,this be a very good app. thank you all!,en,0.9233648180961608,This is a very good app. Thank you all!,positive,positive,0.739,positive,0.9882975,0.0033120855,0.008390395,0.9882975
33296,,5,I like this app. Thx,i like this app. thx,en,0.8108218312263489,I like this app. Thx,positive,positive,0.6124,positive,0.9754234,0.0040066508,0.020570006,0.9754234
33297,,5,the best for my skil,the best for my skil,en,0.7485111951828003,the best for my skil,positive,positive,0.6369,positive,0.93677765,0.0064858957,0.056736417,0.93677765
33298,,5,"A good application to learning English speaking, especially pronunciation of words. Thank you.","a good application to learn english speaking, especially pronunciation of words. thank you.",en,0.9676896929740906,"A good application to learning English speaking, especially pronunciation of words. Thank you.",positive,positive,0.6597,positive,0.92468864,0.0067660757,0.06854523,0.92468864
33299,,5,Best Application for Learn About English,best application for learn about english,en,0.8991551995277405,Best Application for Learn About English,positive,positive,0.6369,neutral,0.42592975,0.019090436,0.42592975,0.5549798
33300,,5,really help for my skill,really help for my skill,en,0.982520878314972,really help for my skill,positive,positive,0.4576,positive,0.88123703,0.012811227,0.10595177,0.88123703
33303,,5,This app really helps me to learn English especially my pronunciation. Don't hesitate to download this app ~ ♡,this app really help me to learn english especially my pronunciation. do not hesitate to download this app ♡,en,0.910423994064331,This app really helps me to learn English especially my pronunciation. Don't hesitate to download this app ~ ♡,positive,positive,0.5868,positive,0.97872293,0.0021529172,0.01912413,0.97872293
33304,,5,"I like this app, very good","i like this app, very good",en,0.9857309460639954,"I like this app, very good",positive,positive,0.6901,positive,0.985523,0.0033840768,0.011092975,0.985523
33305,,3,Only 2,only 2,en,0.7325272560119629,Only 2,neutral,neutral,0.0,neutral,0.6993095,0.053400245,0.6993095,0.24729022
33306,,5,Very detailed,very detailed,en,0.9907048940658568,Very detailed,positive,neutral,0.0,positive,0.87963295,0.016711112,0.10365593,0.87963295
33307,,1,"The material is not as good as the first focus on pronunciation, instead the old material was even eliminated. Even though it was Elsa's old advantage. It's a shame ...","the material be not as good as the first focus on pronunciation, instead the old material be even eliminated. even though it be elsas old advantage. it be a shame.",en,0.9413732886314392,"The material is not as good as the first focus on pronunciation, instead the old material was even eliminated. Even though it was Elsa's old advantage. It's a shame ...",negative,negative,-0.5432,negative,0.8971462,0.8971462,0.09679484,0.0060589137
33308,,5,New journey to learning how to speak in English. Let's Start Our Journey with Elsa Application 💗,new journey to learn how to speak in english. let u start our journey with elsa application 💗,en,0.9019470810890198,New journey to learning how to speak in English. Let's Start Our Journey with Elsa Application 💗,positive,neutral,0.0,neutral,0.36241806,0.0046547707,0.36241806,0.6329272
33310,,5,Enjoy Able,enjoy able,en,0.9941056966781616,Enjoy Able,positive,positive,0.4939,positive,0.7506176,0.01429445,0.23508793,0.7506176
33311,,5,Elsa Quite Help Me In Practising Pronunciation. So that my English fluency is little bit improve. Thank you so much Elsa.,elsa quite help me in practise pronunciation. so that my english fluency be little bit improve. thank you so much elsa.,en,0.8605459332466125,Elsa Quite Help Me In Practising Pronunciation. So that my English fluency is little bit improve. Thank you so much Elsa.,positive,positive,0.7815,positive,0.9683515,0.0038705734,0.02777798,0.9683515
33312,,3,try first 🥰,try first 🥰,en,0.956961452960968,try first🥰,neutral,neutral,0.0,positive,0.9035039,0.005864895,0.09063118,0.9035039
33313,,5,I have learned more about my speaking thank you >>,i have learn more about my speaking thank you >,en,0.9720146059989928,I have learned more about my speaking thank you >>,positive,positive,0.3612,positive,0.8295198,0.014001652,0.1564785,0.8295198
33314,,5,that is interesting,that be interest,en,0.9610539078712464,that is interesting,positive,positive,0.4588,neutral,0.45633268,0.06943746,0.45633268,0.47422984
33316,,5,"If it would have been 100 stars in the play store I'm love to give you that, this app is the best app for those who learning English ...","if it would have be 100 star in the play store i be love to give you that, this app be the best app for those who learn english.",en,0.9570188522338868,"If it would have been 100 stars in the play store I'm love to give you that, this app is the best app for those who learning English ...",positive,positive,0.8957,positive,0.96339923,0.0057845004,0.03081622,0.96339923
33317,,5,So fun ... I like it. Thanks ..,so fun. i like it. thanks.,en,0.946051836013794,So fun ... I like it. Thanks ..,positive,positive,0.8508,positive,0.9867621,0.0030002298,0.010237649,0.9867621
33318,,5,Like it so much,like it so much,en,0.9938402771949768,Like it so much,positive,positive,0.3612,positive,0.9470366,0.009774087,0.043189287,0.9470366
33320,,5,"This application so good, it helps me a lot to improve my speaking","this application so good, it help me a lot to improve my speaking",en,0.9180804491043092,"This application so good, it helps me a lot to improve my speaking",positive,positive,0.8626,positive,0.9794074,0.0067583006,0.013834295,0.9794074
33321,,5,Thank you very much I am very satisfied 🤗 😘,thank you very much i be very satisfied 🤗 😘,en,0.9901858568191528,Thank you very much I am very satisfied🤗😘,positive,positive,0.6801,positive,0.98669726,0.0036096133,0.009693094,0.98669726
33322,,5,This App Best Ever,this app best ever,en,0.8564643263816833,This App Best Ever,positive,positive,0.6369,positive,0.9780753,0.006172012,0.015752595,0.9780753
33324,,5,the best app to learning English so far,the best app to learn english so far,en,0.780492901802063,the best app to learning English so far,positive,positive,0.6369,positive,0.97360444,0.0033063705,0.023089157,0.97360444
33325,,5,The best app for learning English ⭐ ⭐ ⭐ ⭐ 🌟,the best app for learn english ⭐ ⭐ ⭐ ⭐ 🌟,en,0.5817864537239075,The best app for learning English ⭐⭐⭐⭐🌟,positive,positive,0.6369,positive,0.9646564,0.0018231237,0.033520427,0.9646564
33326,,5,what a nice app to improve my english,what a nice app to improve my english,en,0.8973168730735779,what a nice app to improve my english,positive,positive,0.6908,positive,0.9677459,0.004677819,0.027576283,0.9677459
33328,,1,"I've bought this lifetime subs with my sec acc haykal ahmad 666 and now my account is gone and when I try to recover it my account becomes free subsain, suck-","i have buy this lifetime sub with my sec acc haykal ahmad 666 and now my account be go and when i try to recover it my account becomes free subsain, suck-",en,0.9524474143981934,"I've bought this lifetime subs with my sec acc haykal ahmad 666 and now my account is gone and when I try to recover it my account becomes free subsain, suck-",negative,neutral,0.1027,negative,0.8447126,0.8447126,0.14676502,0.008522353
33329,,3,This good application to learning English,this good application to learn english,en,0.9208720326423644,This good application to learning English,neutral,positive,0.4404,positive,0.88131267,0.006996878,0.11169043,0.88131267
33330,,5,"Nice app to improve my speaking, it's also nice developed!","nice app to improve my speaking, it be also nice developed!",en,0.9677469730377196,"Nice app to improve my speaking, it's also nice developed!",positive,positive,0.8313,positive,0.96723837,0.004253704,0.028507877,0.96723837
33331,,5,a good app for study pronoun and speaking English more clearly,a good app for study pronoun and speak english more clearly,en,0.9622232913970948,a good app for study pronoun and speaking English more clearly,positive,positive,0.7089,neutral,0.4193805,0.016567081,0.4193805,0.5640524
33332,,5,I like this app. Can Make Me Speak With Well.,i like this app. can make me speak with well.,en,0.9872055053710938,I like this app. Can Make Me Speak With Well.,positive,positive,0.5574,positive,0.9682576,0.0036142897,0.028128186,0.9682576
33334,,5,recommended baget,recommend baget,en,0.6716134548187256,recommended baget,positive,positive,0.3612,neutral,0.71618295,0.05596301,0.71618295,0.22785407
33335,,5,The application is really helpful for people who need improving their speaking,the application be really helpful for people who need improve their speaking,en,0.9846658110618592,The application is really helpful for people who need improving their speaking,positive,positive,0.7178,positive,0.8873054,0.007847151,0.10484752,0.8873054
33336,,5,good bat,good bat,en,0.7535772919654846,good bat,positive,positive,0.4404,positive,0.69730765,0.043060347,0.25963205,0.69730765
33339,,5,"I recommended this is app, easy to learning English","i recommend this be app, easy to learn english",en,0.8306813836097717,"I recommended this is app, easy to learning English",positive,positive,0.6597,positive,0.9591722,0.0035157758,0.037312053,0.9591722
33340,,5,SOE EXCELLENT !!!!! Recommended !!!!,soe excellent! recommended!,en,0.6562802195549011,SOOOOOOOOOOOOE EXCELLENT !!!!! Recommended !!!!,positive,positive,0.7256,positive,0.98258775,0.0042336606,0.013178655,0.98258775
33341,,5,Very good 👍 👍 👍 👍,very good 👍 👍 👍 👍,en,0.970164954662323,Very good 👍👍👍👍,positive,positive,0.4927,positive,0.9830058,0.0040070545,0.012987171,0.9830058
33342,,1,"The Elsa Application was really Halpful me to approved my English, I suggested to use this application","the elsa application be really halpful me to approve my english, i suggest to use this application",en,0.9029889702796936,"The Elsa Application was really Halpful me to approved my English, I suggested to use this application",negative,neutral,0.0,neutral,0.47615308,0.101228505,0.47615308,0.4226184
33343,,5,"y'all have to try this app, its good for practice your English","you all have to try this app, it be good for practice your english",en,0.9653398990631104,"y'all have to try this app, its good for practice your English",positive,positive,0.4404,positive,0.94364023,0.004657248,0.051702544,0.94364023
33344,,5,This cool,this cool,en,0.6859277486801147,This cool,positive,positive,0.3182,positive,0.8673902,0.012697983,0.119911805,0.8673902
33345,,5,Helps pursuit,help pursuit,en,0.8436411023139954,Helps pursuit,positive,positive,0.4019,neutral,0.6448832,0.13354824,0.6448832,0.2215685
33346,,5,"I just download this a few minutes ago, but this so nice. I hope I can study English well in this application.","i just download this a few minute ago, but this so nice. i hope i can study english well in this application.",en,0.9430155158042908,"I just download this a few minutes ago, but this so nice. I hope I can study English well in this application.",positive,positive,0.916,positive,0.98002577,0.0037088727,0.016265314,0.98002577
33347,,5,I really love with this app because it is really help me to evaluate myself more in English ❤,i really love with this app because it be really help me to evaluate myself more in english ❤,en,0.963770627975464,I really love with this app because it is really help me to evaluate myself more in English❤,positive,positive,0.8169,positive,0.98335105,0.003035086,0.013613842,0.98335105
33348,,5,It's good for me ... I can practice my pronounce.,it be good for me. i can practice my pronounce.,en,0.9706218242645264,It's good for me ... I can practice my pronounce.,positive,positive,0.4404,positive,0.9194305,0.005098563,0.075470954,0.9194305
33349,,5,I like this application. Because Help Me for Upgrade My English Skill .. ☺ 🙏,i like this application. because help me for upgrade my english skill. ☺ 🙏,en,0.9239265322685242,I like this application. Because Help Me for Upgrade My English Skill .. ☺ 🙏,positive,positive,0.6369,positive,0.9794907,0.0030398,0.017469486,0.9794907
33350,,5,"Wow, this is the app I've been looking for! Thanks .. ❤️","wow, this be the app i have be look for! thanks. ❤",en,0.8297547698020935,"Wow, this is the app I've been looking for! Thanks .. ❤️",positive,positive,0.7901,positive,0.9779589,0.003897826,0.018143285,0.9779589
33351,,5,"Initially I guess, the learning offered is the same as other APK APKs. but this apk so good..you must try it","initially i guess, the learning offer be the same as other apk apks. but this apk so good. you must try it",en,0.967735767364502,"Initially I guess, the learning offered is the same as other APK APKs. but this apk so good..you must try it",positive,positive,0.7279,positive,0.9654397,0.0047923005,0.02976796,0.9654397
33352,,5,"I use elsa for trial 3 months, and i exactly get my goal","i use elsa for trial 3 months, and i exactly get my goal",en,0.9165418148040771,"I use elsa for trial 3 months, and i exactly get my goal",positive,neutral,0.0,neutral,0.36062297,0.0107927425,0.36062297,0.62858427
33353,,5,thank you to create this app ... so happy to have this app in my android,thank you to create this app. so happy to have this app in my android,en,0.9156932830810548,thank you to create this app ... so happy to have this app in my android,positive,positive,0.8534,positive,0.98954505,0.0022169468,0.008237994,0.98954505
33354,,5,the best apps can help me to improve my english,the best apps can help me to improve my english,en,0.8143103122711182,the best apps can help me to improve my english,positive,positive,0.8689,positive,0.8950457,0.00414164,0.10081269,0.8950457
33355,,5,Very Good N Excellent.,very good n excellent.,en,0.9596828818321228,Very Good N Excellent.,positive,positive,0.8004,positive,0.9771567,0.0050772405,0.017766036,0.9771567
33356,,5,nice let's try it,nice let u try it,en,0.9291422963142396,nice let's try it,positive,positive,0.4215,positive,0.88189054,0.011373764,0.10673568,0.88189054
33357,,5,Good Application Got Study English,good application get study english,en,0.8562889695167542,Good Application Got Study English,positive,positive,0.4404,positive,0.76112676,0.0146892145,0.22418398,0.76112676
33358,,5,very helpful in speaking and reading,very helpful in speaking and reading,en,0.9913986325263976,very helpful in speaking and reading,positive,positive,0.4754,positive,0.9303526,0.005164173,0.064483225,0.9303526
33360,,5,the best apk to learning English,the best apk to learn english,en,0.8614631295204163,the best apk to learning English,positive,positive,0.6369,positive,0.96225774,0.004869451,0.03287277,0.96225774
33361,,5,Okay nice good,okay nice good,en,0.8673933148384094,Okay nice good,positive,positive,0.765,positive,0.8936083,0.016488107,0.08990366,0.8936083
33369,,5,have fun,have fun,en,0.992103099822998,have fun,positive,positive,0.5106,positive,0.84986556,0.014283824,0.13585061,0.84986556
33371,,5,"This application is so good, I really like studying on it. It also helped me learning more about: Talk, Write, Listen with the Correct Grammar. I love this app. ❤️ 👍","this application be so good, i really like study on it. it also help me learn more about talk, write, listen with the correct grammar. i love this app. ❤ 👍",en,0.947235643863678,"This application is so good, I really like studying on it. It also helped me learning more about: Talk, Write, Listen with the Correct Grammar. I love this app.❤️👍",positive,positive,0.9287,positive,0.98506606,0.0038207085,0.011113187,0.98506606
33372,,5,Thank you so much for creator this app,thank you so much for creator this app,en,0.9586511850357056,Thank you so much for creator this app,positive,positive,0.3612,positive,0.95928437,0.010120318,0.030595353,0.95928437
33373,,5,"I don't download it, it's not the same level","i do not download it, it be not the same level",en,0.6998674273490906,"I don't download it, it's not the same level",positive,neutral,0.0,negative,0.54626864,0.54626864,0.42125624,0.032475077
33374,,5,the best really apk,the best really apk,en,0.9626797437667848,the best really apk,positive,positive,0.6369,positive,0.96662384,0.008293297,0.025082873,0.96662384
33375,,5,Moor Good for Me,moor good for me,en,0.86619633436203,Moor Good for Me,positive,positive,0.4404,positive,0.90171814,0.007769439,0.09051238,0.90171814
33376,,5,Trengendously use,trengendously use,en,0.585986316204071,Trengendously use,positive,neutral,0.0,neutral,0.5775578,0.16814837,0.5775578,0.25429377
33377,,5,"That app really good. It helps me a lots of things such as speaking, listening, pronunciation, and there are many","that app really good. it help me a lot of thing such as speaking, listening, pronunciation, and there be many",en,0.9853063225746156,"That app really good. It helps me a lots of things such as speaking, listening, pronunciation, and there are many",positive,positive,0.7316,positive,0.971641,0.006195037,0.022163963,0.971641
33378,,5,Absolutely,absolutely,en,0.9896626472473145,Absolutely,positive,neutral,0.0,neutral,0.36730978,0.107453905,0.36730978,0.5252363
33379,,5,good education,good education,en,0.9416154623031616,good education,positive,positive,0.4404,positive,0.673784,0.0336329,0.29258314,0.673784
33380,,5,Nice a application,nice a application,en,0.8833169341087341,Nice a application,positive,positive,0.4215,positive,0.9006874,0.021532211,0.07778034,0.9006874
33381,,5,I really like this app because I can improve my pronunciation,i really like this app because i can improve my pronunciation,en,0.9138138890266418,I really like this app because I can improve my pronunciation,positive,positive,0.6901,positive,0.9795236,0.0037363635,0.016739966,0.9795236
33382,,5,Thank you so much ... I am very happy with Elsa Speak ..,thank you so much. i be very happy with elsa speak.,en,0.9563117623329164,Thank you so much ... I am very happy with Elsa Speak ..,positive,positive,0.7574,positive,0.9825371,0.0035888387,0.0138741145,0.9825371
33383,,4,Thank you for making this application good luck always 🙏 🙏,thank you for make this application good luck always 🙏 🙏,en,0.8939048647880554,Thank you for making this application good luck always 🙏🙏,neutral,positive,0.8126,positive,0.9728423,0.0071339584,0.020023735,0.9728423
33384,,5,I really like this app 💕 ✨,i really like this app 💕 ✨,en,0.9845851063728333,I really like this app💕✨,positive,positive,0.4201,positive,0.9858969,0.0038423843,0.010260697,0.9858969
33386,,5,Really good APS,really good aps,en,0.9891594052314758,Really good APS,positive,positive,0.4927,positive,0.965327,0.006186296,0.02848663,0.965327
33387,,5,Thanks Elsa. recommended for reading English,thanks elsa. recommend for read english,en,0.7654388546943665,Thanks Elsa. recommended for reading English,positive,positive,0.6597,positive,0.9451916,0.004621748,0.050186615,0.9451916
33388,,5,Really helpful elaa,really helpful elaa,en,0.9627470970153807,Really helpful elaa,positive,positive,0.4754,positive,0.9373777,0.013232487,0.04938982,0.9373777
33389,,5,"good, i like this app","good, i like this app",en,0.904473602771759,"good, i like this app",positive,positive,0.6597,positive,0.9813628,0.003900703,0.014736489,0.9813628
33390,,5,Thank you for providing this application,thank you for provide this application,en,0.8904348015785217,Thank you for providing this application,positive,positive,0.3612,positive,0.8817595,0.010266262,0.107974194,0.8817595
33391,,5,Thank you very much for making this app,thank you very much for make this app,en,0.991666316986084,Thank you very much for making this app,positive,positive,0.3612,positive,0.9683415,0.0064985454,0.025159964,0.9683415
33392,,5,Very good 😁,very good 😁,en,0.9974581003189088,Very good😁,positive,positive,0.4927,positive,0.98098755,0.004760221,0.01425227,0.98098755
33393,,5,OMG THAT'S COOL,omg that be cool,en,0.5808464884757996,OMG THAT'S COOL,positive,positive,0.3182,positive,0.94187415,0.016054304,0.042071544,0.94187415
33394,,5,thanks i love you,thanks i love you,en,0.7639191150665283,thanks i love you,positive,positive,0.7964,positive,0.9670854,0.008515417,0.024399241,0.9670854
33396,,4,Please for Developer. upgrade free feature for free 👌 🤭,please for developer. upgrade free feature for free 👌 🤭,en,0.8715196251869202,Please for Developer. upgrade free feature for free 👌🤭,neutral,positive,0.836,positive,0.8615522,0.004879673,0.13356818,0.8615522
33397,,5,"wow ... wonderful this apk, thank you","wow. wonderful this apk, thank you",en,0.8002748489379883,"wooow ... wonderful this apk, thank you",positive,positive,0.875,positive,0.9775779,0.008968116,0.013453996,0.9775779
33398,,5,nice apps ... thank you,nice apps. thank you,en,0.960988223552704,nice apps ... thank you,positive,positive,0.6486,positive,0.9718499,0.0068842187,0.021265924,0.9718499
33400,,5,very good for practice,very good for practice,en,0.9893940687179564,very good for practice,positive,positive,0.4927,positive,0.956973,0.0052787205,0.037748262,0.956973
33401,,5,Sip great,sip great,en,0.6149565577507019,Sip great,positive,positive,0.6249,positive,0.8696799,0.017061304,0.1132588,0.8696799
33402,,5,"I really like this application i hope this application continues to grow and can help many people. ""Thank you 🙏🏻 🤗""","i really like this application i hope this application continue to grow and can help many people. ""thank you 🙏 🤗""",en,0.9796900153160096,"I really like this application i hope this application continues to grow and can help many people. ""Thank you 🙏🏻🤗""",positive,positive,0.8718,positive,0.9875354,0.0028710866,0.009593509,0.9875354
33404,,5,The best 😍 😍,the best 😍 😍,en,0.7288386225700378,The best😍😍,positive,positive,0.6369,positive,0.9845458,0.0047139833,0.010740207,0.9845458
33405,,5,"I think it's soleful for you want to learn English, come on guys, do you want to English conversation? Now time","i think it be soleful for you want to learn english, come on guys, do you want to english conversation? now time",en,0.9614713788032532,"I think it's soleful for you want to learn English, come on guys, do you want to English conversation? Now time",positive,neutral,0.1531,neutral,0.60404253,0.033976194,0.60404253,0.36198124
33406,,4,good aps for you who want to learn English,good aps for you who want to learn english,en,0.97414231300354,good aps for you who want to learn English,neutral,positive,0.4939,positive,0.8477013,0.006378721,0.14591996,0.8477013
33407,,5,"Cool, good","cool, good",en,0.9834394454956056,"Cool, good",positive,positive,0.6369,positive,0.89008915,0.015524111,0.09438668,0.89008915
33408,,5,Very Helpful for Others,very helpful for others,en,0.98465895652771,Very Helpful for Others,positive,positive,0.4754,positive,0.92003435,0.009503154,0.07046251,0.92003435
33409,,5,This application is very satisfying,this application be very satisfying,en,0.9547776579856871,This application is very satisfying,positive,positive,0.5095,positive,0.9662623,0.005778819,0.027958903,0.9662623
33410,,5,Krenn really,krenn really,en,0.957844078540802,Krenn really,positive,neutral,0.0,neutral,0.7884604,0.102940515,0.7884604,0.10859913
33411,,5,Big thanks,big thanks,en,0.8624137043952942,Big thanks,positive,positive,0.4404,positive,0.9247766,0.011535479,0.06368793,0.9247766
33414,,1,Very long to connect must have very good connection ... and the price too expensive .... maximum 25 k rupiah per month or around 75 k rupiah.if takes per year better and will help.many user,very long to connect must have very good connection. and the price too expensive. maximum 25 k rupiah per month or around 75 k rupiah. if take per year well and will help. many user,en,0.9530087113380432,Very long to connect must have very good connection ... and the price too expensive .... maximum 25 k rupiah per month or around 75 k rupiah.if takes per year better and will help.many user,negative,positive,0.7902,neutral,0.53729576,0.12892343,0.53729576,0.3337808
33415,,5,great euy.download aj Jan hesitation,great euy. download aj jan hesitation,en,0.7665238380432129,great euy.download aj Jan hesitation,positive,positive,0.4588,positive,0.9586424,0.0048608277,0.03649674,0.9586424
33416,,5,I like this app it help to learn English better,i like this app it help to learn english good,en,0.9315227270126344,I like this app it help to learn English better,positive,positive,0.7964,positive,0.969712,0.0035981697,0.026689883,0.969712
33417,,5,if free good for learning speak english ..,if free good for learn speak english.,en,0.8593384027481079,if free good for learning speak english ..,positive,positive,0.7351,neutral,0.5113917,0.023003386,0.5113917,0.4656049
33420,,5,like so,like so,en,0.859998345375061,like so,positive,positive,0.3612,neutral,0.7709019,0.1295873,0.7709019,0.09951072
33421,,3,"Way Different Than The IOS Version, DOESN'T MAKE ANY SENSE. No Newsfeed on Community Menu.","way different than the ios version, do not make any sense. no newsfeed on community menu.",en,0.6892017722129822,"Way Different Than The IOS Version, DOESN'T MAKE ANY SENSE. No Newsfeed on Community Menu.",neutral,negative,-0.296,negative,0.8808367,0.8808367,0.1114701,0.0076932344
33422,,5,Very good apk to improve your English,very good apk to improve your english,en,0.959748148918152,Very good apk to improve your English,positive,positive,0.7264,positive,0.93217444,0.007356967,0.060468566,0.93217444
33423,,5,a good application for students especially students who want to learn English,a good application for student especially student who want to learn english,en,0.9648589491844176,a good application for students especially students who want to learn English,positive,positive,0.5367,positive,0.8683157,0.0050874236,0.12659682,0.8683157
33424,,5,Executive,executive,en,0.9911892414093018,Executive,positive,neutral,0.0,neutral,0.65062696,0.06262927,0.65062696,0.28674385
33426,,4,Thank you so much for the developer.,thank you so much for the developer.,en,0.9422430992126464,Thank you so much for the developer.,neutral,positive,0.3612,positive,0.9749963,0.0056271264,0.019376589,0.9749963
33427,,5,great bro ... good good good 😁,great bro. good good good 😁,en,0.6222882866859436,great bro ... good good good 😁,positive,positive,0.9153,positive,0.98512983,0.004000821,0.01086931,0.98512983
33428,,5,really goods 💖 😗,really good 💖 😗,en,0.987399697303772,really goodsssss 💖😗,positive,positive,0.4927,positive,0.9846459,0.004017232,0.011336819,0.9846459
33429,,5,I Feel Help This App Thanks,i feel help this app thanks,en,0.9093626141548156,I Feel Help This App Thanks,positive,positive,0.6808,positive,0.87395096,0.023137558,0.10291147,0.87395096
33430,,5,"Good, very good","good, very good",en,0.9910805225372314,"Good, very good",positive,positive,0.7003,positive,0.94892824,0.008498276,0.042573467,0.94892824
33434,,4,I like how this app teach me. I Hoping for an Improvement,i like how this app teach me. i hop for an improvement,en,0.9411664605140686,I like how this app teach me. I Hoping for an Improvement,neutral,positive,0.6705,positive,0.9647343,0.0042867144,0.03097899,0.9647343
33435,,3,hm pay,hm pay,en,0.8522864580154419,hmmm pay,neutral,neutral,-0.1027,neutral,0.72205144,0.09666356,0.72205144,0.18128504
33436,,5,good really 😘,good really 😘,en,0.99517160654068,good really 😘,positive,positive,0.4404,positive,0.95727724,0.008085482,0.03463732,0.95727724
33437,,5,is Great for Everyone Who Want Learn English,be great for everyone who want learn english,en,0.9569865465164183,is Great for Everyone Who Want Learn English,positive,positive,0.6597,positive,0.95104223,0.004445037,0.04451277,0.95104223
33439,,5,"This is really good? The first app that I am excited is really for review and comment, usually just love stars and don't comment. Thank you Elsa Speak, but I have to save because of expensiveness for me who still students h please please this is so good. The first app that im so excited to review and put in the comment, usually I just give star without anycomment. Thank you Elsa Speak, but I Shoul keep my money first to be thw members caused it's too expertive for me that still a student h","this be really good? the first app that i be excite be really for review and comment, usually just love star and do not comment. thank you elsa speak, but i have to save because of expensiveness for me who still student h please please this be so good. the first app that i be so excited to review and put in the comment, usually i just give star without anycomment. thank you elsa speak, but i shoul keep my money first to be thw member cause it be too expertive for me that still a student h",en,0.9615750312805176,"This is really good? The first app that I am excited is really for review and comment, usually just love stars and don't comment. Thank you Elsa Speak, but I have to save because of expensiveness for me who still students hhhh please please this is so good. The first app that im so excited to review and put in the comment, usually I just give star without anycomment. Thank you Elsa Speak, but I Shoul keep my money first to be thw members caused it's too expertive for me that still a student hhhhh",positive,positive,0.969,positive,0.9623829,0.0077029485,0.02991415,0.9623829
33441,,5,apk very nice,apk very nice,en,0.9845816493034364,apk very nice,positive,positive,0.4754,positive,0.9459356,0.010871273,0.04319313,0.9459356
33443,,4,Nice !! This app is very helpful,nice! this app be very helpful,en,0.9570497870445251,Nice !! This app is very helpful,neutral,positive,0.7339,positive,0.97815585,0.006484769,0.015359395,0.97815585
33444,,5,"wow perfect, easy to use","wow perfect, easy to use",en,0.8359580636024475,"wow perfect, easy to use",positive,positive,0.886,positive,0.9804811,0.0073344414,0.012184468,0.9804811
33445,,5,"help a lot, recommended","help a lot, recommend",en,0.8869202136993408,"help a lot, recommended",positive,positive,0.6369,positive,0.95143443,0.016268231,0.032297365,0.95143443
33446,,5,It is a hood for practice pronunciation,it be a hood for practice pronunciation,en,0.772956907749176,It is a hood for practice pronunciation,positive,neutral,0.0,neutral,0.7685119,0.15047471,0.7685119,0.08101338
33447,,5,I like this application. It help me to improve speaking good. Thank you!,i like this application. it help me to improve speak good. thank you!,en,0.9399043917655944,I like this application. It help me to improve speaking good. Thank you!,positive,positive,0.9151,positive,0.9776079,0.005364474,0.017027577,0.9776079
33448,,5,you must try it 🤍,you must try it 🤍,en,0.9928275942802428,you must try it🤍,positive,neutral,0.0,positive,0.9121255,0.0063826735,0.08149177,0.9121255
33449,,5,This is a very good application.,this be a very good application.,en,0.958293616771698,This is a very good application.,positive,positive,0.4927,positive,0.97733194,0.003840215,0.018827813,0.97733194
33450,,5,I know this app from sacha stevenson,i know this app from sacha stevenson,en,0.8718027472496033,I know this app from sacha stevenson,positive,neutral,0.0,neutral,0.8165955,0.04630561,0.8165955,0.1370989
33451,,5,Nice for Learn Speak English,nice for learn speak english,en,0.9658318161964417,Nice for Learn Speak English,positive,positive,0.4215,positive,0.9176406,0.006857545,0.0755018,0.9176406
33452,,4,good bad,good bad,en,0.7347700595855713,good bad,neutral,negative,-0.1531,negative,0.5318845,0.5318845,0.36876166,0.09935385
33453,,5,I am very good,i be very good,en,0.9791509509086608,I am very good,positive,positive,0.4927,positive,0.88986707,0.011166602,0.09896626,0.88986707
33456,,5,sophisticated,sophisticated,en,0.8511885404586792,sophisticated,positive,positive,0.5574,negative,0.6235964,0.6235964,0.3312389,0.04516478
33457,,5,Great APS,great aps,en,0.782225489616394,Great APS,positive,positive,0.6249,positive,0.94917035,0.009678892,0.04115072,0.94917035
33458,,5,This ap is very good ... very helping us in increase our pronouncation every word and sentence ..,this ap be very good. very help u in increase our pronouncation every word and sentence.,en,0.9770113825798036,This ap is very good ... very helping us in increase our pronouncation every word and sentence ..,positive,positive,0.8524,positive,0.9559079,0.0039477516,0.040144313,0.9559079
33459,,5,I can speak molly confident with this app,i can speak molly confident with this app,en,0.9506853222846984,I can speak molly confident with this app,positive,positive,0.4939,neutral,0.42580888,0.03257989,0.42580888,0.54161125
33460,,5,"I enjoy it, it's very fun and helpfully to listening and speaking english with elsa 🥰 ❤️","i enjoy it, it be very fun and helpfully to listen and speak english with elsa 🥰 ❤",en,0.9806287288665771,"I enjoy it, it's very fun and helpfully to listening and speaking english with elsa🥰❤️",positive,positive,0.8849,positive,0.98649687,0.0026240842,0.010879022,0.98649687
33461,,5,Ola Guys Lalais Intal Application New Interesting TBes,ola guy lalais intal application new interesting tbes,en,0.7010664343833923,Ola Guys Lalais Intal Application New Interesting TBes,positive,positive,0.4019,neutral,0.6862441,0.029281028,0.6862441,0.28447485
33462,,5,I think this application really help someone,i think this application really help someone,en,0.9887529015541076,I think this application really help someone,positive,positive,0.4576,positive,0.798478,0.015533733,0.18598828,0.798478
33463,,4,"good, great","good, great",en,0.8504830002784729,"good, great",neutral,positive,0.7906,positive,0.9552317,0.008151088,0.03661719,0.9552317
33464,,5,absorbed,absorbed,en,0.8550955057144165,absorbed,positive,neutral,0.0,neutral,0.5073981,0.44564807,0.5073981,0.046953756
33465,,5,I'm Happy Got This App. 😘,i be happy get this app. 😘,en,0.6861617565155029,I'm Happy Got This App.😘,positive,positive,0.5719,positive,0.9597662,0.005295916,0.034937896,0.9597662
33466,,5,Great App for Beginner !!! 😍,great app for beginner! 😍,en,0.860404372215271,Great App for Beginner !!! 😍,positive,positive,0.6588,positive,0.9863028,0.0035947273,0.010102417,0.9863028
33467,,5,This is a good learning application,this be a good learning application,en,0.8812381625175476,This is a good learning application,positive,positive,0.4404,positive,0.9266562,0.007288475,0.06605538,0.9266562
33470,,5,This apps is superb ...... really helpful to improve my speaking thanks :),this apps be superb. really helpful to improve my speaking thanks,en,0.9258889555931092,This apps is superb ...... really helpful to improve my speaking thanks :),positive,positive,0.9225,positive,0.98424464,0.0040956526,0.011659681,0.98424464
33471,,5,it is very good masya Allah,it be very good masya allah,en,0.8741345405578613,it is very good masya Allah,positive,positive,0.4927,positive,0.9687543,0.0059111635,0.025334608,0.9687543
33472,,5,Top thanks,top thanks,en,0.7181894779205322,Top thanks,positive,positive,0.5719,positive,0.8712334,0.009396556,0.119370006,0.8712334
33473,,4,"Hi admin. I want to buy subscription in a year, but my payment keeps failing. I use gpay by my provider. Any solution for this problem","hi admin. i want to buy subscription in a year, but my payment keep failing. i use gpay by my provider. any solution for this problem",en,0.9584034085273744,"Hi admin. I want to buy subscription in a year, but my payment keeps failing. I use gpay by my provider. Any solution for this problem",neutral,negative,-0.7096,negative,0.8571795,0.8571795,0.13380146,0.009019019
33474,,5,good speech i think so,good speech i think so,en,0.978896975517273,good speech i think so,positive,positive,0.4404,positive,0.960114,0.004378355,0.03550771,0.960114
33476,,4,"This app awesome, very help me learning English","this app awesome, very help me learn english",en,0.9356196522712708,"This app awesome, very help me learning English",neutral,positive,0.796,positive,0.9868478,0.002786031,0.010366214,0.9868478
33477,,5,So exciting!,so exciting!,en,0.7955924868583679,So exciting!,positive,positive,0.5838,positive,0.9811804,0.0047592027,0.014060383,0.9811804
33478,,4,"It's such a good apps, I enjoy learning from this.","it be such a good apps, i enjoy learn from this.",en,0.9757890701293944,"It's such a good apps, I enjoy learning from this.",neutral,positive,0.7269,positive,0.9787811,0.0056687137,0.015550246,0.9787811
33479,,1,This app is very help us is verry good for kids to learning,this app be very help u be verry good for kid to learn,en,0.9394572377204896,This app is very help us is verry good for kids to learning,negative,positive,0.7089,positive,0.9581037,0.0072517293,0.034644622,0.9581037
33480,,5,Sounds Perfect,sound perfect,en,0.6120376586914062,Sounds Perfect,positive,positive,0.5719,positive,0.91096765,0.023789642,0.06524271,0.91096765
33481,,5,I really like Elsa too much much,i really like elsa too much much,en,0.9978806972503662,I really like Elsa too much much,positive,positive,0.4201,positive,0.9078826,0.013595198,0.07852218,0.9078826
33482,,5,This great for maintaining your pronunciation every day,this great for maintain your pronunciation every day,en,0.8017122149467468,This great for maintaining your pronunciation every day,positive,positive,0.6249,positive,0.9665231,0.003791151,0.029685685,0.9665231
33483,,5,very very very good for beginner like me,very very very good for beginner like me,en,0.9961344003677368,very very very good for beginner like me,positive,positive,0.7379,positive,0.98061717,0.0035117934,0.015871074,0.98061717
33485,,5,like the anyway,like the anyway,en,0.964847445487976,like the anyway,positive,positive,0.3612,neutral,0.6905214,0.183966,0.6905214,0.12551257
33486,,5,"Thanks for this opportunity has given to me, firstly I am verry incredible to join this application I think this amagine application that has I have now, and how to impove my English language and this application very help me to impove my English language. Thanks to the kind people create this application can help other to improve Own English Language. And than I just have this application but this application very help me now. That is all my short writers and again I want to say my thanks you for your kind","thanks for this opportunity have give to me, firstly i be verry incredible to join this application i think this amagine application that have i have now, and how to impove my english language and this application very help me to impove my english language. thanks to the kind people create this application can help other to improve own english language. and than i just have this application but this application very help me now. that be all my short writer and again i want to say my thanks you for your kind",en,0.9654545783996582,"Thanks for this opportunity has given to me, firstly I am verry incredible to join this application I think this amagine application that has I have now, and how to impove my English language and this application very help me to impove my English language. Thanks to the kind people create this application can help other to improve Own English Language. And than I just have this application but this application very help me now. That is all my short writers and again I want to say my thanks you for your kind",positive,positive,0.9776,positive,0.9726713,0.0039827013,0.023346046,0.9726713
33487,,5,Great Cok,great cok,en,0.5380353927612305,Great Cok,positive,positive,0.6249,positive,0.83640635,0.020116996,0.14347665,0.83640635
33488,,4,good application but we must pay for the rest and it's too little access for the free one but it 's good anyway thanks,good application but we must pay for the rest and it be too little access for the free one but it s good anyway thanks,en,0.9493204951286316,good application but we must pay for the rest and it's too little access for the free one but it 's good anyway thanks,neutral,positive,0.926,positive,0.8031531,0.04131296,0.15553392,0.8031531
33489,,5,it is good to study English,it be good to study english,en,0.8902866840362549,it is good to study English,positive,positive,0.4404,positive,0.81555945,0.021369021,0.16307147,0.81555945
33491,,5,What the excellent application but should be paid? It's Okay Man,what the excellent application but should be paid? it be okay man,en,0.9132484793663024,What the excellent application but should be paid? It's Okay Man,positive,positive,0.5719,neutral,0.42060012,0.19645748,0.42060012,0.3829424
33492,,5,it so easy to learning,it so easy to learn,en,0.861021101474762,it so easy to learning,positive,positive,0.4927,positive,0.88717306,0.01219192,0.10063508,0.88717306
33493,,5,"This is the best apps for your speaking practice, but wish there is another way I could get the pro version free such as watching ads","this be the best apps for your speaking practice, but wish there be another way i could get the pro version free such as watch ad",en,0.934143364429474,"This is the best apps for your speaking practice, but wish there is another way I could get the pro version free such as watching ads",positive,positive,0.891,positive,0.8795823,0.015430187,0.1049875,0.8795823
33494,,5,I Recommended this App to You U Want to Learn English,i recommend this app to you u want to learn english,en,0.9543969631195068,I Recommended this App to You U Want to Learn English,positive,positive,0.4215,positive,0.9219277,0.0027065978,0.07536568,0.9219277
33495,,5,"This is good, Hello I'm Beginner","this be good, hello i be beginner",en,0.5153934955596924,"This is good, Hello I'm Beginner",positive,positive,0.4404,positive,0.9606199,0.008214706,0.031165328,0.9606199
33496,,1,Slowly but Surely,slowly but surely,en,0.9872097373008728,Slowly but Surely,negative,positive,0.5927,neutral,0.4932772,0.08703812,0.4932772,0.41968468
33497,,5,Good cok,good cok,en,0.554584801197052,Good cok,positive,positive,0.4404,neutral,0.36475444,0.046397842,0.36475444,0.5888477
33498,,3,Try dlu,try dlu,en,0.6608449816703796,Try dlu,neutral,neutral,0.0,neutral,0.7111867,0.084235616,0.7111867,0.20457773
33499,,5,Good caur :),good caur,en,0.533670961856842,Good caur :),positive,positive,0.4404,positive,0.73507637,0.036301445,0.22862215,0.73507637
33500,,5,"Hi I'm from Indonesia, I think this application is very useful for students like me.","hi i be from indonesia, i think this application be very useful for student like me.",en,0.9611420631408693,"Hi I'm from Indonesia, I think this application is very useful for students like me.",positive,positive,0.6901,positive,0.914402,0.0032022975,0.082395636,0.914402
33501,,5,Good application to learning English.,good application to learn english.,en,0.9050855040550232,Good application to learning English.,positive,positive,0.4404,positive,0.84669024,0.00886675,0.14444302,0.84669024
33502,,5,Best APK Ever,best apk ever,en,0.8008983135223389,Best APK Ever,positive,positive,0.6369,positive,0.911981,0.013392409,0.0746266,0.911981
33503,,4,It's good to enrich our knowledge about English,it be good to enrich our knowledge about english,en,0.8521133065223694,It's good to enrich our knowledge about English,neutral,positive,0.4404,positive,0.87592584,0.007895257,0.11617891,0.87592584
33504,,5,This is very good. It's helping so much,this be very good. it be help so much,en,0.9831393361091614,This is very good. It's helping so much,positive,positive,0.7089,positive,0.9798005,0.006894184,0.013305323,0.9798005
33505,,5,I Verry Like The Apk Inj 🤣 🤣 🤣,i verry like the apk inj 🤣 🤣 🤣,en,0.7605047225952148,I Verry Like The Apk Inj🤣🤣🤣,positive,positive,0.3612,positive,0.6863829,0.036367018,0.27725005,0.6863829
33506,,5,Teach us to speak better english,teach u to speak good english,en,0.9770976901054382,Teach us to speak better english,positive,positive,0.4404,neutral,0.717897,0.086247556,0.717897,0.19585547
33507,,5,"Good, Five Star","good, five star",en,0.8607418537139893,"Good, Five Star",positive,positive,0.4404,positive,0.9177882,0.017709266,0.06450248,0.9177882
33508,,5,Great Application But Expensive,great application but expensive,en,0.968509078025818,Great Application But Expensive,positive,positive,0.3716,neutral,0.24614939,0.4337954,0.24614939,0.32005522
33509,,5,"So cool, thank you you make a good app","so cool, thank you you make a good app",en,0.9183006286621094,"So cool, thank you u make a good app",positive,positive,0.8059,positive,0.98698026,0.004121552,0.008898207,0.98698026
33510,,5,Cool .. This Technology Can Improve My Pronunciation,cool. this technology can improve my pronunciation,en,0.8470800518989563,Cool .. This Technology Can Improve My Pronunciation,positive,positive,0.6369,positive,0.9632032,0.0038196647,0.032977123,0.9632032
33511,,5,Recommended Apps,recommend apps,en,0.7743584513664246,Recommended Apps,positive,positive,0.3612,neutral,0.55947924,0.052305747,0.55947924,0.38821507
33512,,5,It has trained me much.,it have train me much.,en,0.9908565282821656,It has trained me much.,positive,neutral,0.0,neutral,0.5986703,0.27802104,0.5986703,0.12330873
33513,,5,Over all is good. Thanks,over all be good. thanks,en,0.9117300510406494,Over all is good. Thanks,positive,positive,0.7003,positive,0.9001395,0.015788676,0.08407187,0.9001395
33514,,5,Good application for improving your listening,good application for improve your listening,en,0.859549343585968,Good application for improving your listening,positive,positive,0.7003,positive,0.90149564,0.012044319,0.08646003,0.90149564
33515,,5,"Sir, can you improve the app with another language ?? Example: Russian, Spanish, France, Germany because I Want Learning Another Language .. 🙏","sir, can you improve the app with another language? example russian, spanish, france, germany because i want learn another language. 🙏",en,0.9054722785949708,"Sir, can you improve the app with another language ?? Example: Russian, Spanish, France, Germany because I Want Learning Another Language .. 🙏",positive,positive,0.4939,neutral,0.40266183,0.02110999,0.40266183,0.57622814
33516,,5,Very Help to Improve My Asian-English Tongue Become English Native Speaker. Thanks,very help to improve my asian-english tongue become english native speaker. thanks,en,0.952552080154419,Very Help to Improve My Asian-English Tongue Become English Native Speaker. Thanks,positive,positive,0.8425,positive,0.87290454,0.0051218597,0.121973604,0.87290454
33517,,5,Great Virtual Teacher for English ... Come to Joint and Try It Guys ...,great virtual teacher for english. come to joint and try it guys.,en,0.9698923826217652,Great Virtual Teacher for English ... Come to Joint and Try It Guys ...,positive,positive,0.6249,positive,0.9812211,0.003099592,0.015679374,0.9812211
33518,,5,Elsa Speak Very Well to Improve My Speaking and Listening Skills,elsa speak very well to improve my speaking and listening skill,en,0.9788015484809875,Elsa Speak Very Well to Improve My Speaking and Listening Skills,positive,positive,0.6764,positive,0.89274275,0.0077383253,0.09951894,0.89274275
33519,,5,Very good app for me who learns to speak english well ...,very good app for me who learn to speak english well.,en,0.9920021295547484,Very good app for me who learns to speak english well ...,positive,positive,0.6478,positive,0.96966255,0.0025863273,0.027751168,0.96966255
33520,,5,It is a good application to improve your pronunciation skills.,it be a good application to improve your pronunciation skills.,en,0.9054002165794371,It is a good application to improve your pronunciation skills.,positive,positive,0.7003,positive,0.74076563,0.01711947,0.24211489,0.74076563
33521,,5,"Great, Good App to Learn English","great, good app to learn english",en,0.9396508932113647,"Great, Good App to Learn English",positive,positive,0.7906,positive,0.98024803,0.002722655,0.017029235,0.98024803
33522,,5,TER BEST APPLICATION,ter best application,en,0.7267269492149353,TER BEST APPLICATION,positive,positive,0.6369,positive,0.8065821,0.031731304,0.16168658,0.8065821
33523,,5,Very good app for learning to pronounce english better,very good app for learn to pronounce english good,en,0.9742776155471802,Very good app for learning to pronounce english better,positive,positive,0.7496,positive,0.94958204,0.0043541132,0.04606382,0.94958204
33524,,5,Is very good for first to learn english pernaountition 😊,be very good for first to learn english pernaountition 😊,en,0.9393739700317384,Is very good for first to learn english pernaountition😊,positive,positive,0.4927,positive,0.9549298,0.0033051884,0.04176502,0.9549298
33525,,5,I hope this can be better by the time.,i hope this can be better by the time.,en,0.9871910214424132,I hope this can be better by the time.,positive,positive,0.7003,positive,0.82977444,0.02198449,0.14824104,0.82977444
33526,,5,Nice app but not free,nice app but not free,en,0.867043137550354,Nice app but not free,positive,negative,-0.3925,neutral,0.35645294,0.3943853,0.35645294,0.2491617
33527,,5,Amazing App to Improve Your Pronunciation,amaze app to improve your pronunciation,en,0.8017778396606445,Amazing App to Improve Your Pronunciation,positive,positive,0.7506,neutral,0.4335047,0.010706538,0.4335047,0.55578876
33528,,5,So Great! Thanksyou,so great! thanksyou,en,0.555940568447113,So Great! Thanksyou,positive,positive,0.6893,positive,0.9843986,0.005827103,0.009774274,0.9843986
33529,,5,Very helpful 🙏 🙏,very helpful 🙏 🙏,en,0.979844868183136,Very helpful 🙏🙏,positive,positive,0.4754,positive,0.95878464,0.009348236,0.031867146,0.95878464
33530,,5,This is good application,this be good application,en,0.8517822623252869,This is good application,positive,positive,0.4404,positive,0.8905689,0.016256055,0.09317503,0.8905689
33531,,5,You made my day! Thank you for helping me to study English more fun.,you make my day! thank you for help me to study english more fun.,en,0.9330660104751588,You made my day! Thank you for helping me to study English more fun.,positive,positive,0.8436,positive,0.989151,0.0028351918,0.008013758,0.989151
33532,,5,Easy and Fun Hopely It Could My English Better ..,easy and fun hopely it could my english better.,en,0.9408549070358276,Easy and Fun Hopely It Could My English Better ..,positive,positive,0.8442,positive,0.96992815,0.0039644875,0.026107349,0.96992815
33533,,5,Hope can help me to improve my English speaking,hope can help me to improve my english speaking,en,0.9226226806640624,Hope can help me to improve my English speaking,positive,positive,0.8176,positive,0.83470297,0.010822399,0.15447465,0.83470297
33534,,5,Great to Improve My Pronounciation Through this App,great to improve my pronounciation through this app,en,0.9586557745933532,Great to Improve My Pronounciation Through this App,positive,positive,0.7906,positive,0.97763914,0.0034989186,0.018861918,0.97763914
33535,,5,Very good 👍 👍 👍..Love this app 💙 💙,very good 👍 👍 👍. love this app 💙 💙,en,0.845370352268219,Very good👍👍👍..Love this app💙💙,positive,positive,0.8251,positive,0.99012774,0.0031658818,0.0067063794,0.99012774
33536,,5,Super Cool App.,super cool app.,en,0.5353770852088928,Super Cool App.,positive,positive,0.7351,positive,0.9797871,0.005499704,0.014713228,0.9797871
33537,,5,Very Recommended 👍 👍,very recommended 👍 👍,en,0.9754474759101868,Very Recommended 👍👍,positive,neutral,0.2716,positive,0.97464246,0.00516933,0.020188268,0.97464246
33538,,5,Good Boais,good boais,en,0.5279316306114197,Good Boais,positive,positive,0.4404,positive,0.80277854,0.03189223,0.16532922,0.80277854
33540,,5,Mantul application,mantul application,en,0.6936898827552795,Mantul application,positive,neutral,0.0,neutral,0.7187758,0.09494342,0.7187758,0.18628079
33541,,5,This application is great and can help me to improve my English ... thank you so much,this application be great and can help me to improve my english. thank you so much,en,0.9225520491600036,This application is great and can help me to improve my English ... thank you so much,positive,positive,0.9042,positive,0.98400056,0.0038059084,0.012193486,0.98400056
33542,,5,This app will be so great if it's just free for little people like me = =,this app will be so great if it be just free for little people like me = =,en,0.8952056765556335,This app will be so great if it's just free for little people like me = _ =,positive,positive,0.8948,positive,0.9546513,0.009070151,0.036278497,0.9546513
33544,,5,It's Good and Improve My Pronunciation,it be good and improve my pronunciation,en,0.7770471572875977,It's Good and Improve My Pronunciation,positive,positive,0.7003,positive,0.90815854,0.010446133,0.08139535,0.90815854
33545,,5,It is very good for who Wanna Study English Pronunciation,it be very good for who want to study english pronunciation,en,0.9678485989570618,It is very good for who Wanna Study English Pronunciation,positive,positive,0.5413,positive,0.92543536,0.004336448,0.070228174,0.92543536
33546,,5,Really help me improving pronunciation,really help me improve pronunciation,en,0.8542124032974243,Really help me improving pronunciation,positive,positive,0.7316,positive,0.91410446,0.013234953,0.07266059,0.91410446
33547,,1,Not enough,not enough,en,0.965384602546692,Not enough,negative,neutral,0.0,neutral,0.46936995,0.4330455,0.46936995,0.09758455
33548,,5,It is so helpful apps for me. It does help me in improving my speaking skills,it be so helpful apps for me. it do help me in improve my speaking skill,en,0.8865559697151184,It is so helpful apps for me. It does help me in improving my speaking skills,positive,positive,0.8487,positive,0.97421515,0.0038072336,0.021977592,0.97421515
33549,,5,"Its easy for me to learn an English, thank you very much","it be easy for me to learn an english, thank you very much",en,0.9593966007232666,"Its easy for me to learn an English, thank you very much",positive,positive,0.6597,positive,0.93594277,0.0077506737,0.056306504,0.93594277
33550,,5,"I really love this app, it is recommended to improve my skill English especially speaking","i really love this app, it be recommend to improve my skill english especially speak",en,0.9287816286087036,"I really love this app, it is recommended to improve my skill English especially speaking",positive,positive,0.8718,positive,0.98715043,0.0041601444,0.008689443,0.98715043
33551,,5,"It has a very sensitive ai, so it will be more accurate to say smt, obviously 5 ★","it have a very sensitive ai, so it will be more accurate to say smt, obviously 5 ★",en,0.98060542345047,"It has a very sensitive ai, so it will be more accurate to say smt, obviously 5 ★",positive,neutral,0.0,neutral,0.7115998,0.16289032,0.7115998,0.12550975
33552,,5,Good ih,good ih,en,0.6874209642410278,Good iiiih,positive,positive,0.4404,positive,0.7349452,0.026719978,0.23833479,0.7349452
33554,,5,My Pronunciation Can Improve,my pronunciation can improve,en,0.6779993176460266,My Pronunciation Can Improve,positive,positive,0.4404,positive,0.70155877,0.025231367,0.2732099,0.70155877
33555,,5,Good App to English,good app to english,en,0.936297595500946,Good App to English,positive,positive,0.4404,positive,0.9020565,0.007490574,0.09045284,0.9020565
33556,,5,Best Coach,best coach,en,0.90401691198349,Best Coach,positive,positive,0.6369,positive,0.8461596,0.027636642,0.12620378,0.8461596
33557,,5,UNEXPECTEDLY ENJOYING,unexpectedly enjoy,en,0.8700515627861023,UNEXPECTEDLY ENJOYING,positive,positive,0.4939,positive,0.8498774,0.011657914,0.13846463,0.8498774
33558,,5,For learning English really good,for learn english really good,en,0.9738550782203674,For learning English really good,positive,positive,0.4927,positive,0.944052,0.006861623,0.049086444,0.944052
33559,,5,Really Awesome!,really awesome!,en,0.982042908668518,Really Awesome!,positive,positive,0.6893,positive,0.97467786,0.006672024,0.018650109,0.97467786
33561,,5,I love this app .. I can improve my skill in speaking,i love this app. i can improve my skill in speaking,en,0.8484398126602173,I love this app .. I can improve my skill in speaking,positive,positive,0.7964,positive,0.98322695,0.00435367,0.012419418,0.98322695
33562,,5,It just made me smart.,it just make me smart.,en,0.8609490990638733,It just made me smart.,positive,positive,0.4019,positive,0.76957774,0.01602845,0.21439388,0.76957774
33563,,5,Amazing Apps. I am very happy to use thia apps,amaze apps. i be very happy to use thia apps,en,0.9468126893043518,Amazing Apps. I am very happy to use thia apps,positive,positive,0.8173,positive,0.9770632,0.0027534736,0.020183379,0.9770632
33564,,5,Nice .. GOOD ... BEST ...,nice. good. best.,en,0.9640324711799622,Niceeee .. GOODDDD ... BESTTTT ...,positive,positive,0.872,positive,0.9728495,0.0066728108,0.020477727,0.9728495
33565,,5,Very good.. 👍,very good. 👍,en,0.9981550574302672,Very good..👍,positive,positive,0.4927,positive,0.9746693,0.005749485,0.019581286,0.9746693
33566,,5,It hels me a lot,it hels me a lot,en,0.8214709162712097,It hels me a lot,positive,neutral,0.0,negative,0.5877072,0.5877072,0.36189088,0.050401885
33567,,5,Application is very good,application be very good,en,0.9716647267341614,Application is very good,positive,positive,0.4927,positive,0.9290642,0.009597267,0.06133851,0.9290642
33568,,5,Recom,recom,en,0.5388774871826172,Recom,positive,neutral,0.0,neutral,0.71225506,0.08024475,0.71225506,0.2075002
33569,,5,"can be as a facilitator for those who want to launch an English conversation, very easy to use very recommendations at all to add english pronunciation ... good","can be as a facilitator for those who want to launch an english conversation, very easy to use very recommendation at all to add english pronunciation. good",en,0.9622028470039368,"can be as a facilitator for those who want to launch an English conversation, very easy to use very recommendations at all to add english pronunciation ... good",positive,positive,0.7501,positive,0.8838353,0.0081539815,0.108010694,0.8838353
33570,,3,Good App for Learning. Thanks,good app for learning. thanks,en,0.9745551347732544,Good App for Learning. Thanks,neutral,positive,0.7003,positive,0.9587593,0.0046405476,0.036600094,0.9587593
33571,,5,"Good app, thank's 🙏","good app, thanks 🙏",en,0.9242683053016664,"Good app, thank's 🙏",positive,positive,0.7003,positive,0.9755967,0.0057084365,0.01869487,0.9755967
33572,,3,Easily to.learn English,easily to. learn english,en,0.7166455388069153,Easily to.learn English,neutral,positive,0.34,positive,0.658993,0.016643927,0.32436302,0.658993
33573,,5,Really good for learning ...,really good for learning.,en,0.9938230514526368,Really good for learning ...,positive,positive,0.4927,positive,0.9507947,0.004561963,0.04464331,0.9507947
33574,,5,"Such a great application to improve my English speaking, but I hope it's free lol","such a great application to improve my english speaking, but i hope it be free lol",en,0.9056704640388488,"Such a great application to improve my English speaking, but I hope it's free lol",positive,positive,0.9477,positive,0.97069013,0.005762672,0.023547245,0.97069013
33575,,5,I think is a good apps for beginner,i think be a good apps for beginner,en,0.9358306527137756,I think is a good apps for beginner,positive,positive,0.4404,positive,0.6907113,0.014460427,0.29482824,0.6907113
33576,,5,Wow that magic,wow that magic,en,0.8366729617118835,Wow that magic,positive,positive,0.5859,positive,0.86673176,0.027922733,0.1053455,0.86673176
33577,,5,Such a good apk,such a good apk,en,0.8692240118980408,Such a good apk,positive,positive,0.4404,positive,0.9567971,0.010348961,0.032853898,0.9567971
33578,,5,This is so excited !!!!!,this be so excited!,en,0.5715199112892151,This is so excited !!!!!,positive,positive,0.528,positive,0.98644847,0.002337957,0.011213614,0.98644847
33579,,5,Cool Bing Bing,cool bing bing,en,0.7002732753753662,Cool Bing Bing,positive,positive,0.3182,neutral,0.440311,0.025102397,0.440311,0.53458655
33580,,5,"Awsome ,,,","awsome,",en,0.5960806012153625,"Awsome ,,,",positive,neutral,0.0,neutral,0.36371517,0.051558282,0.36371517,0.5847265
33581,,5,Happy me,happy me,en,0.5681832432746887,Happy me,positive,positive,0.5719,positive,0.9253345,0.014609903,0.0600556,0.9253345
33582,,5,for student is good,for student be good,en,0.9266672730445862,for student is good,positive,positive,0.4404,neutral,0.4424975,0.05422158,0.4424975,0.50328094
33583,,5,This app is really useful for me to improve my English.,this app be really useful for me to improve my english.,en,0.8974356651306152,This app is really useful for me to improve my English.,positive,positive,0.7264,positive,0.947761,0.0029613941,0.049277637,0.947761
33584,,5,I love this application very much !!!,i love this application very much!,en,0.8660875558853149,I love this application very muchhh !!!,positive,positive,0.6696,positive,0.98379725,0.0061896397,0.010013089,0.98379725
33585,,5,Good App & Recommended. Thx so much,good app & recommended. thx so much,en,0.9530971050262452,Good App & Recommended. Thx so much,positive,positive,0.7351,positive,0.9612618,0.012300425,0.026437728,0.9612618
33587,,5,Ouh My it is good a good a application is the first time I feel great when I learns the trogh app ouh and i think it would be great if one day you could make the same app but about different language 👍 👍,ouh my it be good a good a application be the first time i feel great when i learn the trogh app ouh and i think it would be great if one day you could make the same app but about different language 👍 👍,en,0.9213867783546448,Ouh My it is good a good a application is the first time I feel great when I learns the trogh app ouh and i think it would be great if one day you could make the same app but about different language 👍👍,positive,positive,0.7906,positive,0.9829883,0.0034400562,0.013571603,0.9829883
33588,,5,I guess this is the best application to improve your English skill.,i guess this be the best application to improve your english skill.,en,0.8553317785263062,I guess this is the best application to improve your English skill.,positive,positive,0.7964,positive,0.8614214,0.008040249,0.13053834,0.8614214
33590,,5,Very Good Dd ♥ ️ Thanks,very good dd ♥ thanks,en,0.9678289890289308,Very Good Ddddd ♥ ️ Thanks,positive,positive,0.7474,positive,0.9796387,0.0050029657,0.01535828,0.9796387
33591,,5,This is really good apps,this be really good apps,en,0.9605627655982972,This is really good apps,positive,positive,0.4927,positive,0.96127737,0.006384749,0.032337923,0.96127737
33594,,5,"I am getting used to learning English Pronunciation with Elsa Speak App. I am so excited, so, I can study in everytime.","i be get use to learn english pronunciation with elsa speak app. i be so excited, so, i can study in everytime.",en,0.8580859899520874,"I am getting used to learning English Pronunciation with Elsa Speak App. I am so excited, so, I can study in everytime.",positive,positive,0.4795,positive,0.9799733,0.0023996986,0.01762699,0.9799733
33595,,5,Likes to be the same as the application makes me add knowledge about how to native speakes :) THK YOU,like to be the same as the application make me add knowledge about how to native speakes thk you,en,0.9518171548843384,Likes to be the same as the application makes me add knowledge about how to native speakes :) THK YOU,positive,positive,0.3612,neutral,0.7477585,0.029147523,0.7477585,0.22309397
33596,,5,Good application for learning English with speaking and listening,good application for learn english with speaking and listening,en,0.9521167874336244,Good application for learning English with speaking and listening,positive,positive,0.4404,positive,0.7401136,0.009929211,0.24995723,0.7401136
33597,,5,What a Great Application,what a great application,en,0.8966853618621826,What a Great Application,positive,positive,0.6249,positive,0.96705276,0.010308143,0.022639101,0.96705276
33598,,5,Let Try,let try,en,0.9470903277397156,Let Try,positive,neutral,0.0,neutral,0.50578535,0.08322647,0.50578535,0.4109882
33599,,4,It's good for speaking and listening practice but there is a little problem with connection while opening that so 4 stars,it be good for speaking and listening practice but there be a little problem with connection while open that so 4 star,en,0.9308449625968932,It's good for speaking and listening practice but there is a little problem with connection while opening that so 4 stars,neutral,negative,-0.287,neutral,0.5490528,0.2946972,0.5490528,0.15625007
33600,,5,"Thanks for making this app, I can speak better than before and may be in the next year i will be speaking like natives.","thanks for make this app, i can speak good than before and may be in the next year i will be speak like natives.",en,0.9719716906547546,"Thanks for making this app, I can speak better than before and may be in the next year i will be speaking like natives.",positive,positive,0.8074,positive,0.9524671,0.005865774,0.041667137,0.9524671
33601,,5,I'm like this apk so much.,i be like this apk so much.,en,0.9337636828422546,I'm like this apk so much.,positive,positive,0.3612,negative,0.48427397,0.48427397,0.4393432,0.07638288
33602,,5,Thanks for this application very help to learn English,thanks for this application very help to learn english,en,0.969951629638672,Thanks for this application very help to learn English,positive,positive,0.7089,positive,0.9651845,0.0054084547,0.029407015,0.9651845
33603,,5,Good App to Improve Your English Skill,good app to improve your english skill,en,0.8835580945014954,Good App to Improve Your English Skill,positive,positive,0.7003,positive,0.87958467,0.0071987775,0.11321658,0.87958467
33604,,5,"good job, I will give five star for this app","good job, i will give five star for this app",en,0.9393035769462584,"good job, I will give five star for this app",positive,positive,0.4404,positive,0.9774933,0.007606397,0.01490026,0.9774933
33605,,5,Thus application so useful for me,thus application so useful for me,en,0.7137102484703064,Thus application so useful for me,positive,positive,0.5777,positive,0.9232617,0.0075739934,0.06916428,0.9232617
33606,,4,Greatt App 💜,greatt app 💜,en,0.6578910946846008,Greatt App💜,neutral,neutral,0.0,positive,0.9751394,0.008009483,0.016851211,0.9751394
33607,,5,"Thanks for applications, this is a really easy making to the lessons","thanks for applications, this be a really easy make to the lesson",en,0.935465693473816,"Thanks for applications, this is a really easy making to the lessons",positive,positive,0.7264,positive,0.95951843,0.007860303,0.03262125,0.95951843
33608,,5,Recommended for newbies want learning English,recommend for newbie want learn english,en,0.8722359538078308,Recommended for newbies want learning English,positive,positive,0.4215,neutral,0.4955489,0.017064465,0.4955489,0.48738664
33611,,5,I Very Enjoy,i very enjoy,en,0.9980412125587464,I Very Enjoy,positive,positive,0.5413,positive,0.96231097,0.0072280876,0.030460995,0.96231097
33612,,5,Greatly helped,greatly help,en,0.9426349997520448,Greatly helped,positive,positive,0.4576,positive,0.91196895,0.017235888,0.07079516,0.91196895
33613,,4,"So far I enjoy the lessons from this app, thanks a lot.","so far i enjoy the lesson from this app, thank a lot.",en,0.90882009267807,"So far I enjoy the lessons from this app, thanks a lot.",neutral,positive,0.7165,positive,0.98526347,0.003068624,0.011667968,0.98526347
33614,,5,This apps is really good. I recommend that everyone of you download and use it.,this apps be really good. i recommend that everyone of you download and use it.,en,0.9806342720985411,This apps is really good. I recommend that everyone of you download and use it.,positive,positive,0.7159,positive,0.98643214,0.0027159578,0.010851963,0.98643214
33615,,5,Great !!! This app is helpful me,great! this app be helpful me,en,0.7205843925476074,Great !!! This app is helpfulll me,positive,positive,0.8016,positive,0.9860023,0.0040112655,0.009986377,0.9860023
33616,,5,This application is very good and very helpful for me in learning English.,this application be very good and very helpful for me in learn english.,en,0.9726567268371582,This application is very good and very helpful for me in learning English.,positive,positive,0.742,positive,0.9775804,0.0030634287,0.019356186,0.9775804
33617,,5,Easy to use and very helpfull app. Thanks.,easy to use and very helpfull app. thanks.,en,0.9637008905410768,Easy to use and very helpfull app. Thanks.,positive,positive,0.7239,positive,0.97587425,0.004452951,0.019672804,0.97587425
33618,,5,Really like it this app.,really like it this app.,en,0.9869663715362548,Really like it this app.,positive,positive,0.4201,positive,0.9795355,0.0037387975,0.016725697,0.9795355
33619,,2,two star,two star,en,0.8950461745262146,two star,negative,neutral,0.0,neutral,0.65079045,0.0320477,0.65079045,0.3171619
33620,,5,Like it much,like it much,en,0.9988495707511902,Like it much,positive,positive,0.3612,positive,0.883967,0.012615294,0.103417665,0.883967
33621,,5,Really recommendedt 👍 👍 👍 👍,really recommendedt 👍 👍 👍 👍,en,0.9179311990737916,Really recommendedt 👍👍👍👍,positive,neutral,0.0,positive,0.97999656,0.004050968,0.015952496,0.97999656
33626,,5,You must download this application if you want to make your pronounciation be best,you must download this application if you want to make your pronounciation be best,en,0.926490604877472,You must download this application if you want to make your pronounciation be best,positive,positive,0.6705,neutral,0.4628792,0.03162123,0.4628792,0.50549954
33627,,5,This App Really Helpful Me for Speaking English,this app really helpful me for speak english,en,0.9723567962646484,This App Really Helpful Me for Speaking English,positive,positive,0.4754,positive,0.9508155,0.004217279,0.044967227,0.9508155
33628,,5,Very Good App ☺,very good app ☺,en,0.9927107691764832,Very Good App ☺,positive,positive,0.4927,positive,0.970293,0.006919732,0.022787288,0.970293
33630,,5,Perfect Apk,perfect apk,en,0.6880573630332947,Perfect Apk,positive,positive,0.5719,positive,0.7366262,0.044021495,0.21935225,0.7366262
33631,,5,It so cool and work. Thank you for making this helpfull app,it so cool and work. thank you for make this helpfull app,en,0.9340655207633972,It so cool and work. Thank you for making this helpfull app,positive,positive,0.624,positive,0.98339415,0.0057503246,0.010855449,0.98339415
33632,,5,"Thanks for Elsa Speak, from it I can learn how to pronounce words and sentences","thanks for elsa speak, from it i can learn how to pronounce word and sentence",en,0.9696152806282043,"Thanks for Elsa Speak, from it I can learn how to pronounce words and sentences",positive,positive,0.4939,positive,0.8855431,0.007828522,0.106628366,0.8855431
33633,,5,Nice 👍 I Could Improve My Pronunciation,nice 👍 i could improve my pronunciation,en,0.8872179985046387,Nice👍 I Could Improve My Pronunciation,positive,positive,0.6908,positive,0.95842403,0.00891576,0.032660257,0.95842403
33634,,5,Thank you Elsa application is good,thank you elsa application be good,en,0.7425411343574524,Thank you Elsa application is good,positive,positive,0.6597,positive,0.9565584,0.008611398,0.03483018,0.9565584
33635,,5,Like it !!,like it!,en,0.9900196194648744,Like it !!,positive,positive,0.4199,positive,0.8056762,0.012469242,0.18185453,0.8056762
33636,,3,"It is good app, but when I input long sentences, The Sentence Always Cut Off","it be good app, but when i input long sentences, the sentence always cut off",en,0.8274684548377991,"It is good app, but when I input long sentences, The Sentence Always Cut Off",neutral,neutral,0.0129,negative,0.82000124,0.82000124,0.16494389,0.015054805
33637,,4,"Thanks very much, Useful App","thanks very much, useful app",en,0.9269550442695618,"Thanks very much, Useful App",neutral,positive,0.7251,positive,0.97687846,0.007461121,0.015660409,0.97687846
33638,,5,"This is the first time you use it. But, it's a good application. I recommend this for you","this be the first time you use it. but, it be a good application. i recommend this for you",en,0.8945793509483337,"This is the first time you use it. But, it's a good application. I recommend this for you",positive,positive,0.7964,positive,0.94658756,0.005462417,0.047949947,0.94658756
33639,,5,I love this app 😍 😍 😍 Good app to learn English. Thx Elsa,i love this app 😍 😍 😍 good app to learn english. thx elsa,en,0.8131687045097351,I love this app 😍😍😍 Good app to learn English. Thx Elsaaaa,positive,positive,0.8625,positive,0.9897878,0.0027737145,0.007438446,0.9897878
33641,,5,It's really helped me to improve my English!,it be really help me to improve my english!,en,0.8972529768943787,It's really helped me to improve my English!,positive,positive,0.7339,positive,0.95759314,0.00501958,0.037387233,0.95759314
33642,,5,I love this app ❤ I hope my English can be better again,i love this app ❤ i hope my english can be well again,en,0.8255739808082581,I love this app ❤ I hope my English can be better again,positive,positive,0.8481,positive,0.98397344,0.0036396289,0.012386847,0.98397344
33643,,5,It really improves my pronunciation and professional in English. Thanks to Elsa.,it really improve my pronunciation and professional in english. thanks to elsa.,en,0.9278008341789246,It really improves my pronunciation and professional in English. Thanks to Elsa.,positive,positive,0.7264,positive,0.97775614,0.0037700888,0.018473823,0.97775614
33644,,5,"Thank you, Elsa! Great App!","thank you, elsa! great app!",en,0.5675960779190063,"Thank you, Elsa! Great App!",positive,positive,0.8011,positive,0.98624927,0.004560183,0.009190635,0.98624927
33645,,5,Thank you. I can learn English. Whenever and wherever,thank you. i can learn english. whenever and wherever,en,0.9104628562927246,Thank you. I can learn English. Whenever and wherever,positive,positive,0.3612,positive,0.91968006,0.0063234307,0.07399643,0.91968006
33646,,5,"Learn English, Listening, Speaking, Reading.","learn english, listening, speaking, reading.",en,0.8542152047157288,"Learn English, Listening, Speaking, Reading.",positive,neutral,0.0,neutral,0.77526885,0.032818418,0.77526885,0.1919127
33647,,5,Amazing App In Play Store,amaze app in play store,en,0.9446430802345276,Amazing App In Play Store,positive,positive,0.7096,neutral,0.43656707,0.0067012245,0.43656707,0.5567317
33648,,5,Its benefit for me,it be benefit for me,en,0.8185124397277832,Its benefit for me,positive,positive,0.4588,positive,0.6600513,0.021979166,0.31796956,0.6600513
33649,,5,Good for an English learning,good for an english learning,en,0.9058021306991576,Good for an English learning,positive,positive,0.4404,positive,0.84294766,0.008946224,0.14810607,0.84294766
33653,,5,OK excellence,ok excellence,en,0.7837916016578674,OK excellence,positive,positive,0.743,neutral,0.5842148,0.09998661,0.5842148,0.3157986
33655,,5,Really Useful App to Learn How to Pronounce a Words or Sentences in English Properly.,really useful app to learn how to pronounce a word or sentence in english properly.,en,0.9571896195411682,Really Useful App to Learn How to Pronounce a Words or Sentences in English Properly.,positive,positive,0.5413,positive,0.87530804,0.006997984,0.11769402,0.87530804
33656,,5,Ok can help for improving speaking,ok can help for improve speaking,en,0.9534843564033508,Ok can help for improving speaking,positive,positive,0.7783,neutral,0.4673887,0.024784923,0.4673887,0.5078264
33657,,5,Good App Let's to Be Influent,good app let u to be influent,en,0.8036095499992371,Good App Let's to Be Influent,positive,positive,0.4404,positive,0.878911,0.0077076145,0.11338135,0.878911
33658,,5,I hope I can speak much better in English.,i hope i can speak much well in english.,en,0.9917936325073242,I hope I can speak much better in English.,positive,positive,0.6124,positive,0.81346697,0.010009503,0.17652357,0.81346697
33659,,5,Very good 🤗 👏,very good 🤗 👏,en,0.9932855367660522,Very good🤗👏,positive,positive,0.4927,positive,0.9828966,0.004981636,0.012121687,0.9828966
33660,,5,Very Useful.. 🤩,very useful. 🤩,en,0.9929872751235962,Very Useful..🤩,positive,positive,0.4927,positive,0.9806107,0.00437114,0.01501808,0.9806107
33661,,5,So good to learning English,so good to learn english,en,0.8859248757362366,So good to learning English,positive,positive,0.4927,positive,0.97660565,0.0050679306,0.018326368,0.97660565
33662,,5,Thank U For Help Me,thank u for help me,en,0.7260088920593262,Thank U For Help Me,positive,positive,0.6369,positive,0.9368865,0.0060313675,0.057082202,0.9368865
33663,,5,Fantastic apps i like it,fantastic apps i like it,en,0.7391149997711182,Fantastic apps i like it,positive,positive,0.7269,positive,0.98418474,0.004400056,0.011415163,0.98418474
33664,,5,Best for Beginner ...,best for beginner.,en,0.7390474677085876,Best for Beginner ...,positive,positive,0.6369,neutral,0.36222368,0.022737637,0.36222368,0.6150387
33665,,5,Very nice 👍 👍 👍,very nice 👍 👍 👍,en,0.9838250875473022,Very nice👍👍👍,positive,positive,0.4754,positive,0.9789717,0.0049935835,0.016034676,0.9789717
33666,,5,Good application to learning an English (Love Indonesia),good application to learn an english love indonesia,en,0.7777824997901917,Good application to learning an English (Love Indonesia),positive,positive,0.7964,positive,0.92113733,0.0070068208,0.071855895,0.92113733
33667,,5,"Recommended from Channel ""Puri Viera"" 😊","recommend from channel ""puri viera"" 😊",en,0.8792225122451782,"Recommended from Channel ""Puri Viera"" 😊",positive,positive,0.3612,positive,0.8264771,0.00384525,0.16967764,0.8264771
33668,,5,Good app ... thank you so much,good app. thank you so much,en,0.9520473480224608,Good app ... thank you so much,positive,positive,0.6597,positive,0.9805612,0.006657779,0.012780954,0.9805612
33669,,5,Very Nice Practice,very nice practice,en,0.9887495636940002,Very Nice Practice,positive,positive,0.4754,positive,0.96376735,0.008001601,0.028231066,0.96376735
33670,,5,Very good tutorial,very good tutorial,en,0.9382523894309998,Very good tutorial,positive,positive,0.4927,positive,0.94595236,0.0136126615,0.040434945,0.94595236
33671,,5,This awesome,this awesome,en,0.6164321303367615,This awesome,positive,positive,0.6249,positive,0.96949244,0.006833523,0.023674002,0.96949244
33672,,5,Good 😎,good 😎,en,0.78855299949646,Good😎,positive,positive,0.4404,positive,0.9494648,0.007066924,0.043468226,0.9494648
33674,,5,It's really help me to improve my pronunciation..thanks elsa 😊 🤩 🥰,it be really help me to improve my pronunciation. thanks elsa 😊 🤩 🥰,en,0.896634042263031,It's really help me to improve my pronunciation..thanks elsa😊🤩🥰,positive,positive,0.8313,positive,0.9820224,0.003185944,0.014791661,0.9820224
33678,,4,"I like this app and that is super helping me in pronajector dificult things, I wish developer party keeps upgrading for Bestterment.","i like this app and that be super help me in pronajector dificult things, i wish developer party keep upgrade for bestterment.",en,0.8692941069602966,"I like this app and that is super helping me in pronajector dificult things, I wish developer party keeps upgrading for Bestterment.",neutral,positive,0.926,positive,0.97685087,0.004754783,0.018394321,0.97685087
33679,,5,Recommended ❤ ❤ ❤,recommend ❤ ❤ ❤,en,0.6577503085136414,Recommended ❤❤❤,positive,positive,0.3612,positive,0.94331354,0.004536015,0.052150402,0.94331354
33680,,5,"If you want to improve your pronunciation, this is the brief place that you seek, love you elsa 😘","if you want to improve your pronunciation, this be the brief place that you seek, love you elsa 😘",en,0.8753659725189209,"If you want to improve your pronunciation, this is the brief place that you seek, love you elsa 😘",positive,positive,0.8126,positive,0.8513418,0.011279472,0.13737871,0.8513418
33681,,5,Amazing App to Improve Learners' Pronunciation,amaze app to improve learner pronunciation,en,0.7948998212814331,Amazing App to Improve Learners' Pronunciation,positive,positive,0.7506,positive,0.6726629,0.008713888,0.3186232,0.6726629
33682,,5,I'm so proud at this app. I'm really bad with my pronounce. This is make me want to review this app.,i be so proud at this app. i be really bad with my pronounce. this be make me want to review this app.,en,0.9415243864059448,I'm so proud at this app. I'm really bad with my pronounce. This is make me want to review this app.,positive,neutral,-0.0258,neutral,0.2159869,0.42932096,0.2159869,0.3546921
33683,,5,Really help me to improve my English abilities,really help me to improve my english ability,en,0.9569522142410278,Really help me to improve my English abilities,positive,positive,0.8016,positive,0.91647846,0.0064198086,0.07710177,0.91647846
33684,,5,"The best and smarts app i ever use in google play, you must download this, the best app ever to learning speak english","the best and smart app i ever use in google play, you must download this, the best app ever to learn speak english",en,0.9250126481056212,"The best and smarts app i ever use in google play, you must download this, the best app ever to learning speak english",positive,positive,0.926,positive,0.9898901,0.0023943656,0.007715486,0.9898901
33685,,5,Great App. Thank you! speechless. Because you are a helpful app. :),great app. thank you! speechless. because you be a helpful app.,en,0.8779670596122742,Great App. Thank you! speechless. Because you are a helpful app. :),positive,positive,0.8655,positive,0.9843413,0.005834546,0.009824075,0.9843413
33686,,5,This is so great I love it! 1! 1! 1!,this be so great i love it! 1! 1! 1!,en,0.6061643362045288,This is so great I love it! 1! 1! 1!,positive,positive,0.9167,positive,0.9896903,0.0039390065,0.006370726,0.9896903
33688,,5,Awesome App. Very useful for practice.,awesome app. very useful for practice.,en,0.91786527633667,Awesome App. Very useful for practice.,positive,positive,0.807,positive,0.987663,0.0032007587,0.00913627,0.987663
33689,,5,It's Awesome Apps. highly recommended 👏,it be awesome apps. highly recommended 👏,en,0.9433379769325256,It's Awesome Apps. highly recommended 👏,positive,positive,0.7346,positive,0.9834025,0.0044921236,0.012105375,0.9834025
33690,,5,"Nice app, i like this","nice app, i like this",en,0.9237585663795472,"Nice app, i like this",positive,positive,0.6486,positive,0.9823873,0.004667623,0.012945122,0.9823873
33691,,5,"With this application, I can speak English more easily","with this application, i can speak english more easily",en,0.9657273292541504,"With this application, I can speak English more easily",positive,positive,0.4005,positive,0.88247484,0.005823387,0.11170174,0.88247484
33692,,1,Not very good wats are not very good,not very good wats be not very good,en,0.9715706706047058,Not very good wats are not very good,negative,negative,-0.6423,negative,0.90239626,0.90239626,0.08873472,0.008869024
33694,,5,Very like,very like,en,0.9995918869972228,Very like,positive,positive,0.4201,neutral,0.6650815,0.12582058,0.6650815,0.20909783
33695,,5,"Even though the Indonesian Mother Tongue is not there, I can still learn about pronounces","even though the indonesian mother tongue be not there, i can still learn about pronounces",en,0.9434999227523804,"Even though the Indonesian Mother Tongue is not there, I can still learn about pronounces",positive,neutral,0.0,neutral,0.6705874,0.054105967,0.6705874,0.27530664
33696,,5,I am very satisfied with this application,i be very satisfied with this application,en,0.9685556292533876,I am very satisfied with this application,positive,positive,0.4754,positive,0.9551186,0.0055504055,0.039331015,0.9551186
33697,,5,It works perfectly. I can learn to speak well,it work perfectly. i can learn to speak well,en,0.9834463000297546,It works perfectly. I can learn to speak well,positive,positive,0.743,positive,0.8945631,0.008585197,0.09685176,0.8945631
33699,,5,Wow. It's so cool application.,wow. it be so cool application.,en,0.7208527326583862,Wow. It's so cool application.,positive,positive,0.7777,positive,0.9666912,0.007392782,0.02591595,0.9666912
33700,,5,Nice 😊 Perfect,nice 😊 perfect,en,0.7689688801765442,Nice 😊 Perfect,positive,positive,0.7579,positive,0.96910423,0.009741649,0.021154115,0.96910423
33701,,5,I love it! Gimme More,i love it! give me more,en,0.7848259210586548,I love it! Gimme More,positive,positive,0.6696,positive,0.9826062,0.006191096,0.011202743,0.9826062
33702,,5,It's a really good app. It helps me to improve my speaking skills. Thanks Elsa,it be a really good app. it help me to improve my speak skills. thanks elsa,en,0.9603991508483888,It's a really good app. It helps me to improve my speaking skills. Thanks Elsa,positive,positive,0.8932,positive,0.98338723,0.0033540921,0.013258685,0.98338723
33703,,5,Thanks Elsa for Helping Me Speak American English 😘 Even though,thanks elsa for help me speak american english 😘 even though,en,0.950448989868164,Thanks Elsa for Helping Me Speak American English 😘 Even though,positive,positive,0.6808,positive,0.9387141,0.004499071,0.056786895,0.9387141
33704,,3,"Good, but the pronunciation checker is less able to catch the sound clearly.","good, but the pronunciation checker be less able to catch the sound clearly.",en,0.9114496111869812,"Good, but the pronunciation checker is less able to catch the sound clearly.",neutral,positive,0.6705,neutral,0.53403544,0.35257497,0.53403544,0.1133896
33705,,5,This is so good !!! I love it!,this be so good! i love it!,en,0.5817855000495911,This is so good !!! I love it!,positive,positive,0.8691,positive,0.98975766,0.0036277322,0.0066146264,0.98975766
33706,,5,This can help me to learn English better.,this can help me to learn english better.,en,0.9372400045394896,This can help me to learn English better.,positive,positive,0.6808,positive,0.8729712,0.005574385,0.12145443,0.8729712
33707,,5,"Very Reccector for Those Who Struggle With English Pronounciation !! Unlices Other English App which only provide native audios, this app provide voice recognition and pronounciation mistake detector, yes, it can detect your mistake and explains the reason !! I would want to share it with my friends","very reccector for those who struggle with english pronounciation! unlices other english app which only provide native audios, this app provide voice recognition and pronounciation mistake detector, yes, it can detect your mistake and explain the reason! i would want to share it with my friend",en,0.9544591903686525,"Very Reccector for Those Who Struggle With English Pronounciation !! Unlices Other English App which only provide native audios, this app provide voice recognition and pronounciation mistake detector, yes, it can detect your mistake and explains the reason !! I would want to share it with my friends",positive,positive,0.4374,neutral,0.4670744,0.04469972,0.4670744,0.48822594
33708,,3,Okay. The Application Provides Great Learning. But I do not appreciate it for people who want to study for free or have limited cost. The Comparison of Premium Users and Free Users is Ridiculous. ; D,okay. the application provide great learning. but i do not appreciate it for people who want to study for free or have limit cost. the comparison of premium user and free user be ridiculous. d,en,0.9438982009887696,Okay. The Application Provides Great Learning. But I do not appreciate it for people who want to study for free or have limited cost. The Comparison of Premium Users and Free Users is Ridiculous. ; D,neutral,positive,0.8027,negative,0.8483105,0.8483105,0.13582729,0.015862297
33709,,5,"really really helped me to learn pronunciation in english, hopeful this application can be used properly, and this application is free at no cost.thank you I've made an application like this. ❤️ 🌷","really really help me to learn pronunciation in english, hopeful this application can be use properly, and this application be free at no cost. thank you i have make an application like this. ❤ 🌷",en,0.9429567456245422,"really really helped me to learn pronunciation in english, hopeful this application can be used properly, and this application is free at no cost.thank you I've made an application like this.❤️🌷",positive,positive,0.9131,positive,0.97463167,0.0044859527,0.020882368,0.97463167
33710,,1,"Why does his writing ""Did You Reading the Phrase? Please try again"" like that. Is this a bug?","why do his writing ""did you read the phrase? please try again"" like that. be this a bug?",en,0.9905899167060852,"Why does his writing ""Did You Reading the Phrase? Please try again"" like that. Is this a bug?",negative,positive,0.6322,negative,0.7571141,0.7571141,0.23596771,0.006918096
33711,,5,"Really recommended for those who want to learn and improve your speaking skills, Elsa Spec is very suitable for use as an educational tool, we can learn various lessons such as listening, emphasizing pronunciation and also we can practice interviews with Elsa Ai.","really recommend for those who want to learn and improve your speak skills, elsa spec be very suitable for use as an educational tool, we can learn various lesson such as listening, emphasize pronunciation and also we can practice interview with elsa ai.",en,0.9764434099197388,"Really recommended for those who want to learn and improve your speaking skills, Elsa Spec is very suitable for use as an educational tool, we can learn various lessons such as listening, emphasizing pronunciation and also we can practice interviews with Elsa Ai.",positive,positive,0.7178,positive,0.9050406,0.0044567776,0.09050259,0.9050406
33712,,5,"The Good App For Learning English. I really like it, hopeful the elsa application will continue to advance, develop, and add new features to help us English learning. Thanks Elsa !! By: Eric (Indonesia ❤️)","the good app for learn english. i really like it, hopeful the elsa application will continue to advance, develop, and add new feature to help u english learning. thanks elsa! by eric indonesia ❤",en,0.92160302400589,"The Good App For Learning English. I really like it, hopeful the elsa application will continue to advance, develop, and add new features to help us English learning. Thanks Elsa !! By: Eric (Indonesia ❤️)",positive,positive,0.9343,positive,0.9854338,0.0022444855,0.012321623,0.9854338
33713,,5,"The first application for free dollars is only the application capital, download the whaff login application using your fb and enter the invitation code fh74170 can immediately get a dollar $ 0.100 +$ 0.300 because of me to widen me. Yess definitely got, real account is not hit by a pretty banned fruit liquid with pulses guys ..","the first application for free dollar be only the application capital, download the whaff login application use your fb and enter the invitation code fh74170 can immediately get a dollar $ 0. 100 +$ 0. 300 because of me to widen me. yes definitely got, real account be not hit by a pretty ban fruit liquid with pulse guys.",en,0.8753629922866821,"The first application for free dollars is only the application capital, download the whaff login application using your fb and enter the invitation code fh74170 can immediately get a dollar $ 0.100 +$ 0.300 because of me to widen me. Yess definitely got, real account is not hit by a pretty banned fruit liquid with pulses guys ..",positive,positive,0.3553,neutral,0.5141674,0.008326482,0.5141674,0.4775061
33714,,5,"Good application, we use this for my family, so our English was improved rapidly, we recommend to use this application for students, for teacher and other people who want to be better in English","good application, we use this for my family, so our english be improve rapidly, we recommend to use this application for students, for teacher and other people who want to be well in english",en,0.9479861855506896,"Good application, we use this for my family, so our English was improved rapidly, we recommend to use this application for students, for teacher and other people who want to be better in English",positive,positive,0.8658,positive,0.9624427,0.0033689968,0.03418833,0.9624427
33715,,5,"I'm so glad to find this app, sometimes i want to ask to this app maker, what have you been? How can I find this apps just now and not when I was school? I want to be English speaker fluently, not just passive or understand when people speak in English. Thank you Elsa App, Keep Improve. I hope you add ""freeze"" feature, so i won't lose a streak if i miss a day :( working can be very exhausted and make me forget to use elsa sometimes","i be so glad to find this app, sometimes i want to ask to this app maker, what have you been? how can i find this apps just now and not when i be school? i want to be english speaker fluently, not just passive or understand when people speak in english. thank you elsa app, keep improve. i hope you add ""freeze"" feature, so i will not lose a streak if i miss a day work can be very exhausted and make me forget to use elsa sometimes",en,0.923754334449768,"I'm so glad to find this app, sometimes i want to ask to this app maker, what have you been? How can I find this apps just now and not when I was school? I want to be English speaker fluently, not just passive or understand when people speak in English. Thank you Elsa App, Keep Improve. I hope you add ""freeze"" feature, so i won't lose a streak if i miss a day :( working can be very exhausted and make me forget to use elsa sometimes",positive,positive,0.8477,positive,0.90722257,0.010011945,0.08276545,0.90722257
33716,,1,"You must pay for learning English in elsa, I think is free","you must pay for learn english in elsa, i think be free",en,0.963841676712036,"You must pay for learning English in elsa, I think is free",negative,positive,0.4404,neutral,0.8567858,0.046311498,0.8567858,0.096902765
33717,,4,"Not bad, but it was made my day ty","not bad, but it be make my day ty",en,0.7266817688941956,"Not bad, but it was made my day ty",neutral,positive,0.6514,positive,0.8607434,0.024580296,0.11467632,0.8607434
33718,,3,"Better, I'm trying firstly","better, i be try firstly",en,0.8841264247894287,"Better, I'm trying firstly",neutral,positive,0.4404,positive,0.65973073,0.04184011,0.29842922,0.65973073
33719,,5,"Its a apk very good ,, can help me to learn pronuciation ,, thx a lot 😘","it be a apk very good, can help me to learn pronuciation, thx a lot 😘",en,0.9591596722602844,"Its a apk very good ,, can help me to learn pronuciation ,, thx a lot 😘",positive,positive,0.8251,positive,0.9754322,0.00462897,0.019938746,0.9754322
33720,,4,"Good app, learning to english speaking","good app, learn to english speaking",en,0.9554693698883056,"Good app, learning to english speaking",neutral,positive,0.4404,positive,0.9016138,0.007295017,0.09109128,0.9016138
33721,,5,So happy to learn from this app. Its simple and help full. I am going to be a premium member to practice more.,so happy to learn from this app. it be simple and help full. i be go to be a premium member to practice more.,en,0.9485811591148376,So happy to learn from this app. Its simple and help full. I am going to be a premium member to practice more.,positive,positive,0.7713,positive,0.9836156,0.0038435345,0.012540846,0.9836156
33722,,5,This app is really good. It's really help me to improve my pronunciation skill,this app be really good. it be really help me to improve my pronunciation skill,en,0.9420040249824524,This app is really good. It's really help me to improve my pronunciation skill,positive,positive,0.8437,positive,0.9825591,0.003701678,0.013739232,0.9825591
33723,,1,"Fraudsters, Many Are Playing!","fraudsters, many be playing!",en,0.8744038939476013,"Fraudsters, Many Are Playing!",negative,negative,-0.4389,negative,0.7674218,0.7674218,0.2000076,0.03257062
33724,,5,This app is very helpful to improve my pronunciation skill. I can learn at anywhere and anytime.,this app be very helpful to improve my pronunciation skill. i can learn at anywhere and anytime.,en,0.9598984718322754,This app is very helpful to improve my pronunciation skill. I can learn at anywhere and anytime.,positive,positive,0.7397,positive,0.9667191,0.0024160636,0.030864852,0.9667191
33725,,5,Good app ... very helpful in improving accent ... thank you ..,good app. very helpful in improve accent. thank you.,en,0.9670432806015016,Good app ... very helpful in improving accent ... thank you ..,positive,positive,0.8923,positive,0.9793881,0.004496986,0.016114911,0.9793881
33726,,1,paid shay hehe. Better studied in Duolingo,pay shay hehe. well study in duolingo,en,0.754350483417511,paid shay hehe. Better studied in Duolingo,negative,neutral,0.1779,neutral,0.45605662,0.0063462323,0.45605662,0.5375971
33727,,1,Very limited. Everything is Locked. Very disapusted.,very limited. everything be locked. very disapusted.,en,0.9699837565422058,Very limited. Everything is Locked. Very disapusted.,negative,negative,-0.2944,negative,0.88955283,0.88955283,0.10239719,0.008049932
33728,,5,"Thank you Elsa Application, thanks to this application I Speak English Fluently ✌️","thank you elsa application, thanks to this application i speak english fluently ✌",en,0.9421400427818298,"Thank you Elsa Application, thanks to this application I Speak English Fluently ✌️",positive,positive,0.6597,positive,0.97599584,0.0030147263,0.020989476,0.97599584
33729,,2,"Oh, how come the error even though it's really true, how come everything is wrong ??","oh, how come the error even though it be really true, how come everything be wrong?",en,0.9096420407295228,"Oh, how come the error even though it's really true, how come everything is wrong ??",negative,negative,-0.4033,negative,0.9042386,0.9042386,0.089456186,0.0063052145
33730,,4,Good but only free trial,good but only free trial,en,0.9406328201293944,Good but only free trial,neutral,positive,0.7506,positive,0.7361137,0.032743927,0.23114236,0.7361137
33731,,4,I think this application is good for me,i think this application be good for me,en,0.9548506736755372,I think this application is good for me,neutral,positive,0.4404,positive,0.95068383,0.006145365,0.043170787,0.95068383
33732,,5,This app really helpful. I really can't wait to speak English fluently.,this app really helpful. i really cannot wait to speak english fluently.,en,0.994881808757782,This app really helpful. I really can't wait to speak English fluently.,positive,positive,0.4754,positive,0.98942435,0.0026453442,0.007930333,0.98942435
33733,,4,I try this app the first ...,i try this app the first.,en,0.8832943439483643,I try this app the first ...,neutral,neutral,0.0,neutral,0.76012534,0.0537494,0.76012534,0.18612526
33734,,1,no free and no uncled all,no free and no uncled all,en,0.8886743187904358,no free and no uncled all,negative,neutral,-0.0258,neutral,0.8268544,0.101546265,0.8268544,0.07159931
33736,,5,Just wow. .EVERONE COULD PRCTICE PRONOUN FOR FREE,just wow. . everone could prctice pronoun for free,en,0.9186003804206848,Just wow. .EVERONE COULD PRCTICE PRONOUN FOR FREE,positive,positive,0.7964,positive,0.79766476,0.022726605,0.17960857,0.79766476
33737,,5,"Gokil Bangang,. I like this app","gokil bangang, . i like this app",en,0.641868531703949,"Gokil Bangang,. I like this app",positive,positive,0.3612,positive,0.9447218,0.004377693,0.05090056,0.9447218
33738,,5,"Excellent Apps, I Love It 🥰","excellent apps, i love it 🥰",en,0.7102224826812744,"Excellent Apps, I Love It 🥰",positive,positive,0.836,positive,0.98879004,0.003979281,0.007230714,0.98879004
33739,,5,It's good enough but you know you could be better,it be good enough but you know you could be good,en,0.9880467057228088,It's good enough but you know you could be better,positive,positive,0.7003,positive,0.72898924,0.053488813,0.21752194,0.72898924
33740,,5,can help us learn English and easy to understand,can help u learn english and easy to understand,en,0.9550042152404784,can help us learn English and easy to understand,positive,positive,0.6808,positive,0.80644774,0.0083656395,0.18518664,0.80644774
33741,,2,Can it be free? 🤧 😞 Get,can it be free? 🤧 😞 get,en,0.8935781717300415,Can it be free? 🤧😞 Get,negative,positive,0.5106,negative,0.5817895,0.5817895,0.36506176,0.053148735
33742,,5,VCool. Thank you so much.,vcool. thank you so much.,en,0.9279842376708984,VCool. Thank you so much.,positive,positive,0.3612,positive,0.9668419,0.008625268,0.024532907,0.9668419
33743,,5,Kerenn is the main .. This apps is wonderful .. 😍,kerenn be the main. this apps be wonderful. 😍,en,0.5769834518432617,Kerenn is the main .. This apps is wonderful .. 😍,positive,positive,0.5719,positive,0.97518855,0.002834036,0.021977441,0.97518855
33746,,5,"It's good apps, be better elsa","it be good apps, be good elsa",en,0.7760506272315979,"It's good apps, be better elsa",positive,positive,0.7003,positive,0.8973851,0.013912286,0.08870256,0.8973851
33747,,1,Don't Downlod Pig,do not downlod pig,en,0.7087576985359192,Don't Downlod Pig,negative,neutral,0.0,negative,0.78982836,0.78982836,0.18578117,0.024390556
33748,,1,The Example is Too Fast,the example be too fast,en,0.5686914324760437,The Example is Too Fast,negative,neutral,0.0,neutral,0.60495424,0.34376502,0.60495424,0.05128074
33749,,5,so use it. So Wonderful,so use it. so wonderful,en,0.7169195413589478,so use it. So Wonderful,positive,positive,0.6948,positive,0.9793848,0.0066686305,0.013946598,0.9793848
33751,,5,That's good for upgrading our speaking,that be good for upgrade our speaking,en,0.9851566553115844,That's good for upgrading our speaking,positive,positive,0.4404,positive,0.78695095,0.018652374,0.19439672,0.78695095
33752,,5,Like!!!!!!!!!!!,like!,en,0.9631350040435792,Like!!!!!!!!!!!,positive,positive,0.4199,positive,0.6633797,0.020554308,0.31606588,0.6633797
33753,,5,Very good to me for learning pronunciation,very good to me for learn pronunciation,en,0.9613164067268372,Very good to me for learning pronunciation,positive,positive,0.4927,positive,0.97271615,0.005639574,0.021644296,0.97271615
33754,,5,Current pen b english,current pen b english,en,0.7937358021736145,Current pen b english,positive,neutral,0.0,neutral,0.83442855,0.07630874,0.83442855,0.08926268
33755,,5,Trial Mode at Day One,trial mode at day one,en,0.9232325553894044,Trial Mode at Day One,positive,neutral,0.0,neutral,0.8314911,0.050570168,0.8314911,0.11793871
33757,,5,What a Great App Dude :),what a great app dude,en,0.8459439873695374,What a Great App Dude :),positive,positive,0.6249,positive,0.97981226,0.005986088,0.014201661,0.97981226
33758,,5,Thank you for creating ❤,thank you for create ❤,en,0.6282585263252258,Thank you for creating ❤,positive,positive,0.5574,positive,0.97473985,0.005563182,0.01969704,0.97473985
33759,,5,Thank you 🙏 🙏 ❤️ ♥ ️,thank you 🙏 🙏 ❤ ♥,en,0.7092379927635193,Thank you 🙏🙏❤️ ♥ ️,positive,positive,0.3612,positive,0.97222114,0.005753488,0.022025406,0.97222114
33760,,5,"Amazing App, Maybe","amaze app, maybe",en,0.9975398182868958,"Amazing App, Maybe",positive,positive,0.5423,neutral,0.757209,0.021163514,0.757209,0.22162749
33762,,5,very good and very nice for learning,very good and very nice for learn,en,0.9970969557762146,very good and very nice for learning,positive,positive,0.742,positive,0.9740854,0.006582112,0.019332485,0.9740854
33763,,5,No British Accent ???,no british accent?,en,0.7377435564994812,No British Accent ???,positive,negative,-0.296,neutral,0.7007484,0.27743974,0.7007484,0.021811808
33764,,5,Good and Easily to Learn Private,good and easily to learn private,en,0.975616216659546,Good and Easily to Learn Private,positive,positive,0.6486,positive,0.66439146,0.016095364,0.3195132,0.66439146
33765,,5,I am like it app,i be like it app,en,0.8740612864494324,I am like it app,positive,positive,0.3612,neutral,0.67648184,0.13557464,0.67648184,0.18794355
33766,,5,Thanks elsa i love you,thanks elsa i love you,en,0.6099957227706909,Thanks elsa i love you,positive,positive,0.7964,positive,0.9751256,0.007276071,0.017598286,0.9751256
33767,,5,thanks to teach me elsa,thanks to teach me elsa,en,0.9274932742118835,thanks to teach me elsa,positive,positive,0.4404,positive,0.90890414,0.0065200664,0.08457576,0.90890414
33768,,3,3 first,3 first,en,0.8087095022201538,3 first,neutral,neutral,0.0,neutral,0.68069905,0.026869958,0.68069905,0.292431
33770,,5,Why really difficult to download this app?,why really difficult to download this app?,en,0.9873571395874025,Why really difficult to download this app?,positive,negative,-0.4201,negative,0.88386685,0.88386685,0.1091012,0.007032005
33771,,5,Really like it !!,really like it!,en,0.9981986880302428,Really like it !!,positive,positive,0.474,positive,0.97468513,0.0040924056,0.02122253,0.97468513
33773,,5,Good jobs ..,good jobs.,en,0.8686256408691406,Good jobs ..,positive,positive,0.4404,positive,0.8010232,0.019792829,0.17918402,0.8010232
33775,,5,Smart Application 🥰,smart application 🥰,en,0.7922415733337402,Smart Application 🥰,positive,positive,0.4019,positive,0.96251535,0.0047667325,0.032717895,0.96251535
33776,,5,Very good 😄,very good 😄,en,0.99540913105011,Very good 😄,positive,positive,0.4927,positive,0.9790365,0.0052034627,0.015760086,0.9790365
33778,,2,Like an error,like an error,en,0.6472620368003845,Like an error,negative,neutral,-0.0516,negative,0.6068652,0.6068652,0.36511803,0.028016824
33779,,2,Sorry paid,sorry pay,en,0.9538453221321106,Sorry paid,negative,negative,-0.1779,negative,0.51244444,0.51244444,0.43044838,0.057107124
33780,,2,B just,b just,en,0.939450204372406,B just,negative,neutral,0.0,neutral,0.59684396,0.12381405,0.59684396,0.27934197
33781,,2,Don't know,do not know,en,0.9160255789756776,Don't know,negative,neutral,0.0,neutral,0.70538276,0.19214328,0.70538276,0.10247402
33782,,5,Really Useful and Helpful,really useful and helpful,en,0.9600486755371094,Really Useful and Helpful,positive,positive,0.7397,positive,0.9506203,0.012403108,0.036976617,0.9506203
33783,,5,Love so much,love so much,en,0.9349356293678284,Love so much,positive,positive,0.6369,positive,0.9430868,0.014735477,0.04217772,0.9430868
33784,,5,Thanks Elsa Speak,thanks elsa speak,en,0.9641910791397096,Thanks Elsa Speak,positive,positive,0.4404,positive,0.8735296,0.0061161728,0.12035417,0.8735296
33785,,5,Helpful Application for Studying,helpful application for study,en,0.8929600715637207,Helpful Application for Studying,positive,positive,0.4215,neutral,0.42471248,0.028825948,0.42471248,0.5464616
33786,,5,Good Ad Private,good ad private,en,0.8027406930923462,Good Ad Private,positive,positive,0.4404,positive,0.6684571,0.047443885,0.284099,0.6684571
33787,,5,Please fix the audio,please fix the audio,en,0.6997652053833008,Please fix the audio,positive,positive,0.3182,negative,0.7471058,0.7471058,0.2261651,0.026729112
33788,,5,Very good practice,very good practice,en,0.9890450835227966,Very good practice,positive,positive,0.4927,positive,0.9512641,0.008381763,0.040354203,0.9512641
33789,,5,Nice Cololl App,nice cololl app,en,0.8009655475616455,Nice Cololl App,positive,positive,0.4215,positive,0.92530286,0.012115747,0.06258143,0.92530286
33791,,5,Because this help me,because this help me,en,0.8710766434669495,Because this help me,positive,positive,0.4019,positive,0.874257,0.008399609,0.117343344,0.874257
33795,,1,Pay,pay,en,0.962498664855957,Pay,negative,neutral,-0.1027,neutral,0.5731873,0.15498526,0.5731873,0.27182746
33796,,5,Very 👍 👍 👍,very 👍 👍 👍,en,0.993385374546051,Very 👍👍👍,positive,neutral,0.0,positive,0.9435564,0.0047053443,0.05173821,0.9435564
33799,,5,TNKYU,tnkyu,en,0.7048660516738892,TNKYU,positive,neutral,0.0,neutral,0.6356687,0.068063885,0.6356687,0.29626745
33801,,5,Anj,anj,en,0.6977946758270264,Anj,positive,neutral,0.0,neutral,0.6849129,0.10772195,0.6849129,0.20736511
33805,,5,Perfect Of,perfect of,en,0.9228496551513672,Perfect Of,positive,positive,0.5719,positive,0.78411925,0.052691,0.16318977,0.78411925
33806,,5,Great slur,great slur,en,0.875094473361969,Great slur,positive,positive,0.6249,negative,0.659967,0.659967,0.25567165,0.08436135
33808,,5,Increase again,increase again,en,0.764793872833252,Increase again,positive,positive,0.3182,neutral,0.6737047,0.033508454,0.6737047,0.2927869
33811,,5,Still tray,still tray,en,0.9678093791007996,Still tray,positive,neutral,0.0,neutral,0.7186923,0.08421625,0.7186923,0.19709145
33812,,5,Good i like this,good i like this,en,0.9159873127937316,Good i like this,positive,positive,0.6597,positive,0.9739105,0.005949294,0.020140124,0.9739105
33816,,5,Excelent to learning,excelent to learn,en,0.8969613313674927,Excelent to learning,positive,neutral,0.0,neutral,0.38836312,0.03229323,0.38836312,0.5793437
33817,,5,Good look,good look,en,0.9548966288566588,Good look,positive,positive,0.4404,positive,0.8412909,0.017822972,0.14088614,0.8412909
33819,,5,Thanks sir,thanks sir,en,0.9622472524642944,Thanks sir,positive,positive,0.4404,positive,0.88207793,0.015132266,0.10278982,0.88207793
33822,,5,Best thank you,best thank you,en,0.6168760061264038,Best thank you,positive,positive,0.7717,positive,0.967453,0.009679153,0.022867791,0.967453
33824,,5,Nice okay,nice okay,en,0.8177694082260132,Nice okay,positive,positive,0.5719,positive,0.8767328,0.019651225,0.103615865,0.8767328
33825,,5,Really karen,really karen,en,0.9112119674682616,Really karen,positive,neutral,0.0,neutral,0.80893266,0.09425205,0.80893266,0.096815296
33826,,5,Would be great,would be great,en,0.9988175630569458,Would be great,positive,positive,0.6249,positive,0.94539946,0.009447073,0.045153417,0.94539946
